2026-10-09 10:22:33 [http-nio-8080-exec-1] INFO  o.a.c.c.C.[Tomcat-1].[localhost].[/] - Initializing Spring DispatcherServlet 'dispatcherServlet'
2026-10-09 10:22:34 [http-nio-8080-exec-1] INFO  o.s.web.servlet.DispatcherServlet - Initializing Servlet 'dispatcherServlet'
2026-10-09 10:22:34 [http-nio-8080-exec-1] INFO  o.s.web.servlet.DispatcherServlet - Completed initialization in 89 ms
2026-10-09 10:22:34 [http-nio-8080-exec-1] DEBUG c.s.e.s.JwtAuthenticationFilter - AuthTokenFilter chamado pela URI: /api/auth/sign-in
2026-10-09 10:22:36 [http-nio-8080-exec-1] WARN  c.s.e.e.GlobalExceptionHandler - Corpo da requisição ilegível: JSON parse error: Unexpected character ('i' (code 105)): was expecting double-quote to start property name
2026-10-09 10:22:37 [http-nio-8080-exec-1] WARN  o.s.w.s.m.m.a.ExceptionHandlerExceptionResolver - Resolved [org.springframework.http.converter.HttpMessageNotReadableException: JSON parse error: Unexpected character ('i' (code 105)): was expecting double-quote to start property name]
2026-10-09 10:23:01 [http-nio-8080-exec-2] DEBUG c.s.e.s.JwtAuthenticationFilter - AuthTokenFilter chamado pela URI: /api/auth/sign-in
2026-10-09 10:23:01 [http-nio-8080-exec-2] WARN  c.s.e.e.GlobalExceptionHandler - Método HTTP não suportado: GET
2026-10-09 10:23:01 [http-nio-8080-exec-2] WARN  o.s.w.s.m.m.a.ExceptionHandlerExceptionResolver - Resolved [org.springframework.web.HttpRequestMethodNotSupportedException: Request method 'GET' is not supported]
2026-10-09 10:23:01 [http-nio-8080-exec-3] DEBUG c.s.e.s.JwtAuthenticationFilter - AuthTokenFilter chamado pela URI: /api/auth/sign-in
2026-10-09 10:23:01 [http-nio-8080-exec-3] WARN  c.s.e.e.GlobalExceptionHandler - Tipo de conteúdo não suportado: text/plain;charset=UTF-8
2026-10-09 10:23:01 [http-nio-8080-exec-3] WARN  o.s.w.s.m.m.a.ExceptionHandlerExceptionResolver - Resolved [org.springframework.web.HttpMediaTypeNotSupportedException: Content-Type 'text/plain;charset=UTF-8' is not supported]
2026-10-09 10:23:01 [http-nio-8080-exec-4] DEBUG c.s.e.s.JwtAuthenticationFilter - AuthTokenFilter chamado pela URI: /api/auth/refresh
2026-10-09 10:23:03 [http-nio-8080-exec-4] ERROR c.s.e.e.GlobalExceptionHandler - Falha de acesso a recurso de dados (Redis/banco): Unable to connect to Redis
org.springframework.data.redis.RedisConnectionFailureException: Unable to connect to Redis
	at org.springframework.data.redis.connection.lettuce.LettuceConnectionFactory$ExceptionTranslatingConnectionProvider.translateException(LettuceConnectionFactory.java:1868) ~[spring-data-redis-4.0.6.jar:4.0.6]
	at org.springframework.data.redis.connection.lettuce.LettuceConnectionFactory$ExceptionTranslatingConnectionProvider.getConnection(LettuceConnectionFactory.java:1799) ~[spring-data-redis-4.0.6.jar:4.0.6]
	at org.springframework.data.redis.connection.lettuce.LettuceConnectionFactory$SharedConnection.getNativeConnection(LettuceConnectionFactory.java:1596) ~[spring-data-redis-4.0.6.jar:4.0.6]
	at org.springframework.data.redis.connection.lettuce.LettuceConnectionFactory$SharedConnection.lambda$getConnection$0(LettuceConnectionFactory.java:1576) ~[spring-data-redis-4.0.6.jar:4.0.6]
	at org.springframework.data.redis.connection.lettuce.LettuceConnectionFactory.doInLock(LettuceConnectionFactory.java:1537) ~[spring-data-redis-4.0.6.jar:4.0.6]
	at org.springframework.data.redis.connection.lettuce.LettuceConnectionFactory$SharedConnection.getConnection(LettuceConnectionFactory.java:1573) ~[spring-data-redis-4.0.6.jar:4.0.6]
	at org.springframework.data.redis.connection.lettuce.LettuceConnectionFactory.getSharedConnection(LettuceConnectionFactory.java:1258) ~[spring-data-redis-4.0.6.jar:4.0.6]
	at org.springframework.data.redis.connection.lettuce.LettuceConnectionFactory.getConnection(LettuceConnectionFactory.java:1054) ~[spring-data-redis-4.0.6.jar:4.0.6]
	at org.springframework.data.redis.core.RedisConnectionUtils.fetchConnection(RedisConnectionUtils.java:195) ~[spring-data-redis-4.0.6.jar:4.0.6]
	at org.springframework.data.redis.core.RedisConnectionUtils.doGetConnection(RedisConnectionUtils.java:144) ~[spring-data-redis-4.0.6.jar:4.0.6]
	at org.springframework.data.redis.core.RedisConnectionUtils.getConnection(RedisConnectionUtils.java:105) ~[spring-data-redis-4.0.6.jar:4.0.6]
	at org.springframework.data.redis.core.RedisTemplate.execute(RedisTemplate.java:401) ~[spring-data-redis-4.0.6.jar:4.0.6]
	at org.springframework.data.redis.core.RedisTemplate.execute(RedisTemplate.java:381) ~[spring-data-redis-4.0.6.jar:4.0.6]
	at org.springframework.data.redis.core.RedisTemplate.execute(RedisTemplate.java:369) ~[spring-data-redis-4.0.6.jar:4.0.6]
	at org.springframework.data.redis.core.RedisKeyValueAdapter.execute(RedisKeyValueAdapter.java:559) ~[spring-data-redis-4.0.6.jar:4.0.6]
	at org.springframework.data.redis.core.RedisQueryEngine.doFind(RedisQueryEngine.java:131) ~[spring-data-redis-4.0.6.jar:4.0.6]
	at org.springframework.data.redis.core.RedisQueryEngine.execute(RedisQueryEngine.java:87) ~[spring-data-redis-4.0.6.jar:4.0.6]
	at org.springframework.data.redis.core.RedisQueryEngine.execute(RedisQueryEngine.java:62) ~[spring-data-redis-4.0.6.jar:4.0.6]
	at org.springframework.data.keyvalue.core.QueryEngine.execute(QueryEngine.java:73) ~[spring-data-keyvalue-4.0.6.jar:4.0.6]
	at org.springframework.data.keyvalue.core.AbstractKeyValueAdapter.find(AbstractKeyValueAdapter.java:84) ~[spring-data-keyvalue-4.0.6.jar:4.0.6]
	at org.springframework.data.keyvalue.core.KeyValueTemplate.lambda$find$0(KeyValueTemplate.java:343) ~[spring-data-keyvalue-4.0.6.jar:4.0.6]
	at org.springframework.data.keyvalue.core.KeyValueTemplate.execute(KeyValueTemplate.java:314) ~[spring-data-keyvalue-4.0.6.jar:4.0.6]
	at org.springframework.data.keyvalue.core.KeyValueTemplate.executeRequired(KeyValueTemplate.java:329) ~[spring-data-keyvalue-4.0.6.jar:4.0.6]
	at org.springframework.data.keyvalue.core.KeyValueTemplate.find(KeyValueTemplate.java:341) ~[spring-data-keyvalue-4.0.6.jar:4.0.6]
	at org.springframework.data.keyvalue.repository.query.KeyValuePartTreeQuery.doExecute(KeyValuePartTreeQuery.java:144) ~[spring-data-keyvalue-4.0.6.jar:4.0.6]
	at org.springframework.data.redis.repository.query.RedisPartTreeQuery.execute(RedisPartTreeQuery.java:75) ~[spring-data-redis-4.0.6.jar:4.0.6]
	at org.springframework.data.repository.core.support.RepositoryMethodInvoker.doInvoke(RepositoryMethodInvoker.java:169) ~[spring-data-commons-4.0.6.jar:4.0.6]
	at org.springframework.data.repository.core.support.RepositoryMethodInvoker.invoke(RepositoryMethodInvoker.java:158) ~[spring-data-commons-4.0.6.jar:4.0.6]
	at org.springframework.data.repository.core.support.QueryExecutorMethodInterceptor.doInvoke(QueryExecutorMethodInterceptor.java:167) ~[spring-data-commons-4.0.6.jar:4.0.6]
	at org.springframework.data.repository.core.support.QueryExecutorMethodInterceptor.invoke(QueryExecutorMethodInterceptor.java:146) ~[spring-data-commons-4.0.6.jar:4.0.6]
	at org.springframework.aop.framework.ReflectiveMethodInvocation.proceed(ReflectiveMethodInvocation.java:179) ~[spring-aop-7.0.8.jar:7.0.8]
	at org.springframework.aop.framework.JdkDynamicAopProxy.invoke(JdkDynamicAopProxy.java:222) ~[spring-aop-7.0.8.jar:7.0.8]
	at jdk.proxy19/jdk.proxy19.$Proxy325.findByToken(Unknown Source) ~[na:na]
	at java.base/jdk.internal.reflect.DirectMethodHandleAccessor.invoke(DirectMethodHandleAccessor.java:103) ~[na:na]
	at java.base/java.lang.reflect.Method.invoke(Method.java:580) ~[na:na]
	at org.springframework.aop.support.AopUtils.invokeJoinpointUsingReflection(AopUtils.java:359) ~[spring-aop-7.0.8.jar:7.0.8]
	at org.springframework.aop.framework.ReflectiveMethodInvocation.invokeJoinpoint(ReflectiveMethodInvocation.java:190) ~[spring-aop-7.0.8.jar:7.0.8]
	at org.springframework.aop.framework.ReflectiveMethodInvocation.proceed(ReflectiveMethodInvocation.java:158) ~[spring-aop-7.0.8.jar:7.0.8]
	at org.springframework.dao.support.PersistenceExceptionTranslationInterceptor.invoke(PersistenceExceptionTranslationInterceptor.java:135) ~[spring-tx-7.0.8.jar:7.0.8]
	at org.springframework.aop.framework.ReflectiveMethodInvocation.proceed(ReflectiveMethodInvocation.java:179) ~[spring-aop-7.0.8.jar:7.0.8]
	at org.springframework.aop.framework.JdkDynamicAopProxy.invoke(JdkDynamicAopProxy.java:222) ~[spring-aop-7.0.8.jar:7.0.8]
	at jdk.proxy19/jdk.proxy19.$Proxy325.findByToken(Unknown Source) ~[na:na]
	at com.sisco_e.escola.service.impl.RefreshTokenServiceImpl.findByToken(RefreshTokenServiceImpl.java:45) ~[classes/:na]
	at java.base/jdk.internal.reflect.DirectMethodHandleAccessor.invoke(DirectMethodHandleAccessor.java:103) ~[na:na]
	at java.base/java.lang.reflect.Method.invoke(Method.java:580) ~[na:na]
	at org.springframework.aop.support.AopUtils.invokeJoinpointUsingReflection(AopUtils.java:359) ~[spring-aop-7.0.8.jar:7.0.8]
	at org.springframework.aop.framework.CglibAopProxy$DynamicAdvisedInterceptor.intercept(CglibAopProxy.java:715) ~[spring-aop-7.0.8.jar:7.0.8]
	at com.sisco_e.escola.service.impl.RefreshTokenServiceImpl$$SpringCGLIB$$0.findByToken(<generated>) ~[classes/:na]
	at com.sisco_e.escola.api.controller.AuthController.refresh(AuthController.java:85) ~[classes/:na]
	at java.base/jdk.internal.reflect.DirectMethodHandleAccessor.invoke(DirectMethodHandleAccessor.java:103) ~[na:na]
	at java.base/java.lang.reflect.Method.invoke(Method.java:580) ~[na:na]
	at org.springframework.web.method.support.InvocableHandlerMethod.doInvoke(InvocableHandlerMethod.java:252) ~[spring-web-7.0.8.jar:7.0.8]
	at org.springframework.web.method.support.InvocableHandlerMethod.invokeForRequest(InvocableHandlerMethod.java:184) ~[spring-web-7.0.8.jar:7.0.8]
	at org.springframework.web.servlet.mvc.method.annotation.ServletInvocableHandlerMethod.invokeAndHandle(ServletInvocableHandlerMethod.java:117) ~[spring-webmvc-7.0.8.jar:7.0.8]
	at org.springframework.web.servlet.mvc.method.annotation.RequestMappingHandlerAdapter.invokeHandlerMethod(RequestMappingHandlerAdapter.java:934) ~[spring-webmvc-7.0.8.jar:7.0.8]
	at org.springframework.web.servlet.mvc.method.annotation.RequestMappingHandlerAdapter.handleInternal(RequestMappingHandlerAdapter.java:853) ~[spring-webmvc-7.0.8.jar:7.0.8]
	at org.springframework.web.servlet.mvc.method.AbstractHandlerMethodAdapter.handle(AbstractHandlerMethodAdapter.java:86) ~[spring-webmvc-7.0.8.jar:7.0.8]
	at org.springframework.web.servlet.DispatcherServlet.doDispatch(DispatcherServlet.java:963) ~[spring-webmvc-7.0.8.jar:7.0.8]
	at org.springframework.web.servlet.DispatcherServlet.doService(DispatcherServlet.java:866) ~[spring-webmvc-7.0.8.jar:7.0.8]
	at org.springframework.web.servlet.FrameworkServlet.processRequest(FrameworkServlet.java:1000) ~[spring-webmvc-7.0.8.jar:7.0.8]
	at org.springframework.web.servlet.FrameworkServlet.doPost(FrameworkServlet.java:903) ~[spring-webmvc-7.0.8.jar:7.0.8]
	at jakarta.servlet.http.HttpServlet.service(HttpServlet.java:649) ~[tomcat-embed-core-11.0.22.jar:6.1]
	at org.springframework.web.servlet.FrameworkServlet.service(FrameworkServlet.java:874) ~[spring-webmvc-7.0.8.jar:7.0.8]
	at jakarta.servlet.http.HttpServlet.service(HttpServlet.java:710) ~[tomcat-embed-core-11.0.22.jar:6.1]
	at org.apache.catalina.core.ApplicationFilterChain.doFilter(ApplicationFilterChain.java:128) ~[tomcat-embed-core-11.0.22.jar:11.0.22]
	at org.apache.tomcat.websocket.server.WsFilter.doFilter(WsFilter.java:53) ~[tomcat-embed-websocket-11.0.22.jar:11.0.22]
	at org.apache.catalina.core.ApplicationFilterChain.doFilter(ApplicationFilterChain.java:107) ~[tomcat-embed-core-11.0.22.jar:11.0.22]
	at org.springframework.web.filter.OncePerRequestFilter.doFilter(OncePerRequestFilter.java:110) ~[spring-web-7.0.8.jar:7.0.8]
	at org.apache.catalina.core.ApplicationFilterChain.doFilter(ApplicationFilterChain.java:107) ~[tomcat-embed-core-11.0.22.jar:11.0.22]
	at org.springframework.web.filter.CompositeFilter$VirtualFilterChain.doFilter(CompositeFilter.java:108) ~[spring-web-7.0.8.jar:7.0.8]
	at org.springframework.security.web.FilterChainProxy.lambda$doFilterInternal$3(FilterChainProxy.java:235) ~[spring-security-web-7.0.6.jar:7.0.6]
	at org.springframework.security.web.ObservationFilterChainDecorator$FilterObservation$SimpleFilterObservation.lambda$wrap$1(ObservationFilterChainDecorator.java:493) ~[spring-security-web-7.0.6.jar:7.0.6]
	at org.springframework.security.web.ObservationFilterChainDecorator$AroundFilterObservation$SimpleAroundFilterObservation.lambda$wrap$1(ObservationFilterChainDecorator.java:354) ~[spring-security-web-7.0.6.jar:7.0.6]
	at org.springframework.security.web.ObservationFilterChainDecorator.lambda$wrapSecured$0(ObservationFilterChainDecorator.java:86) ~[spring-security-web-7.0.6.jar:7.0.6]
	at org.springframework.security.web.ObservationFilterChainDecorator$VirtualFilterChain.doFilter(ObservationFilterChainDecorator.java:132) ~[spring-security-web-7.0.6.jar:7.0.6]
	at org.springframework.security.web.access.intercept.AuthorizationFilter.doFilter(AuthorizationFilter.java:101) ~[spring-security-web-7.0.6.jar:7.0.6]
	at org.springframework.security.web.ObservationFilterChainDecorator$ObservationFilter.wrapFilter(ObservationFilterChainDecorator.java:244) ~[spring-security-web-7.0.6.jar:7.0.6]
	at org.springframework.security.web.ObservationFilterChainDecorator$ObservationFilter.doFilter(ObservationFilterChainDecorator.java:231) ~[spring-security-web-7.0.6.jar:7.0.6]
	at org.springframework.security.web.ObservationFilterChainDecorator$VirtualFilterChain.doFilter(ObservationFilterChainDecorator.java:141) ~[spring-security-web-7.0.6.jar:7.0.6]
	at org.springframework.security.web.access.ExceptionTranslationFilter.doFilter(ExceptionTranslationFilter.java:126) ~[spring-security-web-7.0.6.jar:7.0.6]
	at org.springframework.security.web.access.ExceptionTranslationFilter.doFilter(ExceptionTranslationFilter.java:120) ~[spring-security-web-7.0.6.jar:7.0.6]
	at org.springframework.security.web.ObservationFilterChainDecorator$ObservationFilter.wrapFilter(ObservationFilterChainDecorator.java:244) ~[spring-security-web-7.0.6.jar:7.0.6]
	at org.springframework.security.web.ObservationFilterChainDecorator$ObservationFilter.doFilter(ObservationFilterChainDecorator.java:231) ~[spring-security-web-7.0.6.jar:7.0.6]
	at org.springframework.security.web.ObservationFilterChainDecorator$VirtualFilterChain.doFilter(ObservationFilterChainDecorator.java:141) ~[spring-security-web-7.0.6.jar:7.0.6]
	at org.springframework.security.web.session.SessionManagementFilter.doFilter(SessionManagementFilter.java:132) ~[spring-security-web-7.0.6.jar:7.0.6]
	at org.springframework.security.web.session.SessionManagementFilter.doFilter(SessionManagementFilter.java:86) ~[spring-security-web-7.0.6.jar:7.0.6]
	at org.springframework.security.web.ObservationFilterChainDecorator$ObservationFilter.wrapFilter(ObservationFilterChainDecorator.java:244) ~[spring-security-web-7.0.6.jar:7.0.6]
	at org.springframework.security.web.ObservationFilterChainDecorator$ObservationFilter.doFilter(ObservationFilterChainDecorator.java:231) ~[spring-security-web-7.0.6.jar:7.0.6]
	at org.springframework.security.web.ObservationFilterChainDecorator$VirtualFilterChain.doFilter(ObservationFilterChainDecorator.java:141) ~[spring-security-web-7.0.6.jar:7.0.6]
	at org.springframework.security.web.authentication.AnonymousAuthenticationFilter.doFilter(AnonymousAuthenticationFilter.java:100) ~[spring-security-web-7.0.6.jar:7.0.6]
	at org.springframework.security.web.ObservationFilterChainDecorator$ObservationFilter.wrapFilter(ObservationFilterChainDecorator.java:244) ~[spring-security-web-7.0.6.jar:7.0.6]
	at org.springframework.security.web.ObservationFilterChainDecorator$ObservationFilter.doFilter(ObservationFilterChainDecorator.java:231) ~[spring-security-web-7.0.6.jar:7.0.6]
	at org.springframework.security.web.ObservationFilterChainDecorator$VirtualFilterChain.doFilter(ObservationFilterChainDecorator.java:141) ~[spring-security-web-7.0.6.jar:7.0.6]
	at org.springframework.security.web.servletapi.SecurityContextHolderAwareRequestFilter.doFilter(SecurityContextHolderAwareRequestFilter.java:181) ~[spring-security-web-7.0.6.jar:7.0.6]
	at org.springframework.security.web.ObservationFilterChainDecorator$ObservationFilter.wrapFilter(ObservationFilterChainDecorator.java:244) ~[spring-security-web-7.0.6.jar:7.0.6]
	at org.springframework.security.web.ObservationFilterChainDecorator$ObservationFilter.doFilter(ObservationFilterChainDecorator.java:231) ~[spring-security-web-7.0.6.jar:7.0.6]
	at org.springframework.security.web.ObservationFilterChainDecorator$VirtualFilterChain.doFilter(ObservationFilterChainDecorator.java:141) ~[spring-security-web-7.0.6.jar:7.0.6]
	at org.springframework.security.web.savedrequest.RequestCacheAwareFilter.doFilter(RequestCacheAwareFilter.java:63) ~[spring-security-web-7.0.6.jar:7.0.6]
	at org.springframework.security.web.ObservationFilterChainDecorator$ObservationFilter.wrapFilter(ObservationFilterChainDecorator.java:244) ~[spring-security-web-7.0.6.jar:7.0.6]
	at org.springframework.security.web.ObservationFilterChainDecorator$ObservationFilter.doFilter(ObservationFilterChainDecorator.java:231) ~[spring-security-web-7.0.6.jar:7.0.6]
	at org.springframework.security.web.ObservationFilterChainDecorator$VirtualFilterChain.doFilter(ObservationFilterChainDecorator.java:141) ~[spring-security-web-7.0.6.jar:7.0.6]
	at com.sisco_e.escola.security.JwtAuthenticationFilter.doFilterInternal(JwtAuthenticationFilter.java:55) ~[classes/:na]
	at org.springframework.web.filter.OncePerRequestFilter.doFilter(OncePerRequestFilter.java:116) ~[spring-web-7.0.8.jar:7.0.8]
	at org.springframework.security.web.ObservationFilterChainDecorator$ObservationFilter.wrapFilter(ObservationFilterChainDecorator.java:244) ~[spring-security-web-7.0.6.jar:7.0.6]
	at org.springframework.security.web.ObservationFilterChainDecorator$ObservationFilter.doFilter(ObservationFilterChainDecorator.java:231) ~[spring-security-web-7.0.6.jar:7.0.6]
	at org.springframework.security.web.ObservationFilterChainDecorator$VirtualFilterChain.doFilter(ObservationFilterChainDecorator.java:141) ~[spring-security-web-7.0.6.jar:7.0.6]
	at org.springframework.security.web.authentication.logout.LogoutFilter.doFilter(LogoutFilter.java:110) ~[spring-security-web-7.0.6.jar:7.0.6]
	at org.springframework.security.web.authentication.logout.LogoutFilter.doFilter(LogoutFilter.java:96) ~[spring-security-web-7.0.6.jar:7.0.6]
	at org.springframework.security.web.ObservationFilterChainDecorator$ObservationFilter.wrapFilter(ObservationFilterChainDecorator.java:244) ~[spring-security-web-7.0.6.jar:7.0.6]
	at org.springframework.security.web.ObservationFilterChainDecorator$ObservationFilter.doFilter(ObservationFilterChainDecorator.java:231) ~[spring-security-web-7.0.6.jar:7.0.6]
	at org.springframework.security.web.ObservationFilterChainDecorator$VirtualFilterChain.doFilter(ObservationFilterChainDecorator.java:141) ~[spring-security-web-7.0.6.jar:7.0.6]
	at org.springframework.web.filter.CorsFilter.doFilterInternal(CorsFilter.java:91) ~[spring-web-7.0.8.jar:7.0.8]
	at org.springframework.web.filter.OncePerRequestFilter.doFilter(OncePerRequestFilter.java:116) ~[spring-web-7.0.8.jar:7.0.8]
	at org.springframework.security.web.ObservationFilterChainDecorator$ObservationFilter.wrapFilter(ObservationFilterChainDecorator.java:244) ~[spring-security-web-7.0.6.jar:7.0.6]
	at org.springframework.security.web.ObservationFilterChainDecorator$ObservationFilter.doFilter(ObservationFilterChainDecorator.java:231) ~[spring-security-web-7.0.6.jar:7.0.6]
	at org.springframework.security.web.ObservationFilterChainDecorator$VirtualFilterChain.doFilter(ObservationFilterChainDecorator.java:141) ~[spring-security-web-7.0.6.jar:7.0.6]
	at org.springframework.security.web.header.HeaderWriterFilter.doHeadersAfter(HeaderWriterFilter.java:90) ~[spring-security-web-7.0.6.jar:7.0.6]
	at org.springframework.security.web.header.HeaderWriterFilter.doFilterInternal(HeaderWriterFilter.java:75) ~[spring-security-web-7.0.6.jar:7.0.6]
	at org.springframework.web.filter.OncePerRequestFilter.doFilter(OncePerRequestFilter.java:116) ~[spring-web-7.0.8.jar:7.0.8]
	at org.springframework.security.web.ObservationFilterChainDecorator$ObservationFilter.wrapFilter(ObservationFilterChainDecorator.java:244) ~[spring-security-web-7.0.6.jar:7.0.6]
	at org.springframework.security.web.ObservationFilterChainDecorator$ObservationFilter.doFilter(ObservationFilterChainDecorator.java:231) ~[spring-security-web-7.0.6.jar:7.0.6]
	at org.springframework.security.web.ObservationFilterChainDecorator$VirtualFilterChain.doFilter(ObservationFilterChainDecorator.java:141) ~[spring-security-web-7.0.6.jar:7.0.6]
	at org.springframework.security.web.context.SecurityContextHolderFilter.doFilter(SecurityContextHolderFilter.java:82) ~[spring-security-web-7.0.6.jar:7.0.6]
	at org.springframework.security.web.context.SecurityContextHolderFilter.doFilter(SecurityContextHolderFilter.java:69) ~[spring-security-web-7.0.6.jar:7.0.6]
	at org.springframework.security.web.ObservationFilterChainDecorator$ObservationFilter.wrapFilter(ObservationFilterChainDecorator.java:244) ~[spring-security-web-7.0.6.jar:7.0.6]
	at org.springframework.security.web.ObservationFilterChainDecorator$ObservationFilter.doFilter(ObservationFilterChainDecorator.java:231) ~[spring-security-web-7.0.6.jar:7.0.6]
	at org.springframework.security.web.ObservationFilterChainDecorator$VirtualFilterChain.doFilter(ObservationFilterChainDecorator.java:141) ~[spring-security-web-7.0.6.jar:7.0.6]
	at org.springframework.security.web.context.request.async.WebAsyncManagerIntegrationFilter.doFilterInternal(WebAsyncManagerIntegrationFilter.java:62) ~[spring-security-web-7.0.6.jar:7.0.6]
	at org.springframework.web.filter.OncePerRequestFilter.doFilter(OncePerRequestFilter.java:116) ~[spring-web-7.0.8.jar:7.0.8]
	at org.springframework.security.web.ObservationFilterChainDecorator$ObservationFilter.wrapFilter(ObservationFilterChainDecorator.java:244) ~[spring-security-web-7.0.6.jar:7.0.6]
	at org.springframework.security.web.ObservationFilterChainDecorator$ObservationFilter.doFilter(ObservationFilterChainDecorator.java:231) ~[spring-security-web-7.0.6.jar:7.0.6]
	at org.springframework.security.web.ObservationFilterChainDecorator$VirtualFilterChain.doFilter(ObservationFilterChainDecorator.java:141) ~[spring-security-web-7.0.6.jar:7.0.6]
	at org.springframework.security.web.session.DisableEncodeUrlFilter.doFilterInternal(DisableEncodeUrlFilter.java:42) ~[spring-security-web-7.0.6.jar:7.0.6]
	at org.springframework.web.filter.OncePerRequestFilter.doFilter(OncePerRequestFilter.java:116) ~[spring-web-7.0.8.jar:7.0.8]
	at org.springframework.security.web.ObservationFilterChainDecorator$ObservationFilter.wrapFilter(ObservationFilterChainDecorator.java:244) ~[spring-security-web-7.0.6.jar:7.0.6]
	at org.springframework.security.web.ObservationFilterChainDecorator$AroundFilterObservation$SimpleAroundFilterObservation.lambda$wrap$0(ObservationFilterChainDecorator.java:337) ~[spring-security-web-7.0.6.jar:7.0.6]
	at org.springframework.security.web.ObservationFilterChainDecorator$ObservationFilter.doFilter(ObservationFilterChainDecorator.java:228) ~[spring-security-web-7.0.6.jar:7.0.6]
	at org.springframework.security.web.ObservationFilterChainDecorator$VirtualFilterChain.doFilter(ObservationFilterChainDecorator.java:141) ~[spring-security-web-7.0.6.jar:7.0.6]
	at org.springframework.security.web.FilterChainProxy.doFilterInternal(FilterChainProxy.java:237) ~[spring-security-web-7.0.6.jar:7.0.6]
	at org.springframework.security.web.FilterChainProxy.doFilter(FilterChainProxy.java:195) ~[spring-security-web-7.0.6.jar:7.0.6]
	at org.springframework.web.filter.CompositeFilter$VirtualFilterChain.doFilter(CompositeFilter.java:113) ~[spring-web-7.0.8.jar:7.0.8]
	at org.springframework.web.filter.ServletRequestPathFilter.doFilter(ServletRequestPathFilter.java:52) ~[spring-web-7.0.8.jar:7.0.8]
	at org.springframework.web.filter.CompositeFilter$VirtualFilterChain.doFilter(CompositeFilter.java:113) ~[spring-web-7.0.8.jar:7.0.8]
	at org.springframework.web.filter.CompositeFilter.doFilter(CompositeFilter.java:74) ~[spring-web-7.0.8.jar:7.0.8]
	at org.springframework.security.config.annotation.web.configuration.WebSecurityConfiguration$CompositeFilterChainProxy.doFilter(WebSecurityConfiguration.java:317) ~[spring-security-config-7.0.6.jar:7.0.6]
	at org.springframework.web.filter.DelegatingFilterProxy.invokeDelegate(DelegatingFilterProxy.java:355) ~[spring-web-7.0.8.jar:7.0.8]
	at org.springframework.web.filter.DelegatingFilterProxy.doFilter(DelegatingFilterProxy.java:272) ~[spring-web-7.0.8.jar:7.0.8]
	at org.apache.catalina.core.ApplicationFilterChain.doFilter(ApplicationFilterChain.java:107) ~[tomcat-embed-core-11.0.22.jar:11.0.22]
	at org.springframework.web.filter.RequestContextFilter.doFilterInternal(RequestContextFilter.java:100) ~[spring-web-7.0.8.jar:7.0.8]
	at org.springframework.web.filter.OncePerRequestFilter.doFilter(OncePerRequestFilter.java:116) ~[spring-web-7.0.8.jar:7.0.8]
	at org.apache.catalina.core.ApplicationFilterChain.doFilter(ApplicationFilterChain.java:107) ~[tomcat-embed-core-11.0.22.jar:11.0.22]
	at org.springframework.web.filter.FormContentFilter.doFilterInternal(FormContentFilter.java:93) ~[spring-web-7.0.8.jar:7.0.8]
	at org.springframework.web.filter.OncePerRequestFilter.doFilter(OncePerRequestFilter.java:116) ~[spring-web-7.0.8.jar:7.0.8]
	at org.apache.catalina.core.ApplicationFilterChain.doFilter(ApplicationFilterChain.java:107) ~[tomcat-embed-core-11.0.22.jar:11.0.22]
	at org.springframework.web.filter.ServerHttpObservationFilter.doFilterInternal(ServerHttpObservationFilter.java:110) ~[spring-web-7.0.8.jar:7.0.8]
	at org.springframework.web.filter.OncePerRequestFilter.doFilter(OncePerRequestFilter.java:116) ~[spring-web-7.0.8.jar:7.0.8]
	at org.apache.catalina.core.ApplicationFilterChain.doFilter(ApplicationFilterChain.java:107) ~[tomcat-embed-core-11.0.22.jar:11.0.22]
	at org.springframework.web.filter.CharacterEncodingFilter.doFilterInternal(CharacterEncodingFilter.java:199) ~[spring-web-7.0.8.jar:7.0.8]
	at org.springframework.web.filter.OncePerRequestFilter.doFilter(OncePerRequestFilter.java:116) ~[spring-web-7.0.8.jar:7.0.8]
	at org.apache.catalina.core.ApplicationFilterChain.doFilter(ApplicationFilterChain.java:107) ~[tomcat-embed-core-11.0.22.jar:11.0.22]
	at org.apache.catalina.core.StandardWrapperValve.invoke(StandardWrapperValve.java:165) ~[tomcat-embed-core-11.0.22.jar:11.0.22]
	at org.apache.catalina.core.StandardContextValve.invoke(StandardContextValve.java:77) ~[tomcat-embed-core-11.0.22.jar:11.0.22]
	at org.apache.catalina.authenticator.AuthenticatorBase.invoke(AuthenticatorBase.java:492) ~[tomcat-embed-core-11.0.22.jar:11.0.22]
	at org.apache.catalina.core.StandardHostValve.invoke(StandardHostValve.java:113) ~[tomcat-embed-core-11.0.22.jar:11.0.22]
	at org.apache.catalina.valves.ErrorReportValve.invoke(ErrorReportValve.java:83) ~[tomcat-embed-core-11.0.22.jar:11.0.22]
	at org.apache.catalina.core.StandardEngineValve.invoke(StandardEngineValve.java:72) ~[tomcat-embed-core-11.0.22.jar:11.0.22]
	at org.apache.catalina.connector.CoyoteAdapter.service(CoyoteAdapter.java:341) ~[tomcat-embed-core-11.0.22.jar:11.0.22]
	at org.apache.coyote.http11.Http11Processor.service(Http11Processor.java:397) ~[tomcat-embed-core-11.0.22.jar:11.0.22]
	at org.apache.coyote.AbstractProcessorLight.process(AbstractProcessorLight.java:63) ~[tomcat-embed-core-11.0.22.jar:11.0.22]
	at org.apache.coyote.AbstractProtocol$ConnectionHandler.process(AbstractProtocol.java:1272) ~[tomcat-embed-core-11.0.22.jar:11.0.22]
	at org.apache.tomcat.util.net.NioEndpoint$SocketProcessor.doRun(NioEndpoint.java:1801) ~[tomcat-embed-core-11.0.22.jar:11.0.22]
	at org.apache.tomcat.util.net.SocketProcessorBase.run(SocketProcessorBase.java:52) ~[tomcat-embed-core-11.0.22.jar:11.0.22]
	at org.apache.tomcat.util.threads.ThreadPoolExecutor.runWorker(ThreadPoolExecutor.java:946) ~[tomcat-embed-core-11.0.22.jar:11.0.22]
	at org.apache.tomcat.util.threads.ThreadPoolExecutor$Worker.run(ThreadPoolExecutor.java:480) ~[tomcat-embed-core-11.0.22.jar:11.0.22]
	at org.apache.tomcat.util.threads.TaskThread$WrappingRunnable.run(TaskThread.java:57) ~[tomcat-embed-core-11.0.22.jar:11.0.22]
	at java.base/java.lang.Thread.run(Thread.java:1583) ~[na:na]
Caused by: io.lettuce.core.RedisConnectionException: Unable to connect to localhost/<unresolved>:6379
	at io.lettuce.core.RedisConnectionException.create(RedisConnectionException.java:63) ~[lettuce-core-6.8.2.RELEASE.jar:6.8.2.RELEASE/34f8700]
	at io.lettuce.core.RedisConnectionException.create(RedisConnectionException.java:41) ~[lettuce-core-6.8.2.RELEASE.jar:6.8.2.RELEASE/34f8700]
	at io.lettuce.core.AbstractRedisClient.getConnection(AbstractRedisClient.java:352) ~[lettuce-core-6.8.2.RELEASE.jar:6.8.2.RELEASE/34f8700]
	at io.lettuce.core.RedisClient.connect(RedisClient.java:220) ~[lettuce-core-6.8.2.RELEASE.jar:6.8.2.RELEASE/34f8700]
	at org.springframework.data.redis.connection.lettuce.StandaloneConnectionProvider.lambda$getConnection$1(StandaloneConnectionProvider.java:113) ~[spring-data-redis-4.0.6.jar:4.0.6]
	at java.base/java.util.Optional.orElseGet(Optional.java:364) ~[na:na]
	at org.springframework.data.redis.connection.lettuce.StandaloneConnectionProvider.getConnection(StandaloneConnectionProvider.java:113) ~[spring-data-redis-4.0.6.jar:4.0.6]
	at org.springframework.data.redis.connection.lettuce.LettuceConnectionFactory$ExceptionTranslatingConnectionProvider.getConnection(LettuceConnectionFactory.java:1797) ~[spring-data-redis-4.0.6.jar:4.0.6]
	... 174 common frames omitted
Caused by: io.netty.channel.AbstractChannel$AnnotatedConnectException: Conexão recusada: localhost/127.0.0.1:6379
Caused by: java.net.ConnectException: Conexão recusada
	at java.base/sun.nio.ch.Net.pollConnect(Native Method) ~[na:na]
	at java.base/sun.nio.ch.Net.pollConnectNow(Net.java:694) ~[na:na]
	at java.base/sun.nio.ch.SocketChannelImpl.finishConnect(SocketChannelImpl.java:973) ~[na:na]
	at io.netty.channel.socket.nio.NioSocketChannel.doFinishConnect(NioSocketChannel.java:330) ~[netty-transport-4.2.15.Final.jar:4.2.15.Final]
	at io.netty.channel.nio.AbstractNioChannel$AbstractNioUnsafe.finishConnect(AbstractNioChannel.java:384) ~[netty-transport-4.2.15.Final.jar:4.2.15.Final]
	at io.netty.channel.nio.AbstractNioChannel$AbstractNioUnsafe.handle(AbstractNioChannel.java:432) ~[netty-transport-4.2.15.Final.jar:4.2.15.Final]
	at io.netty.channel.nio.NioIoHandler$DefaultNioRegistration.handle(NioIoHandler.java:388) ~[netty-transport-4.2.15.Final.jar:4.2.15.Final]
	at io.netty.channel.nio.NioIoHandler.processSelectedKey(NioIoHandler.java:596) ~[netty-transport-4.2.15.Final.jar:4.2.15.Final]
	at io.netty.channel.nio.NioIoHandler.processSelectedKeysOptimized(NioIoHandler.java:571) ~[netty-transport-4.2.15.Final.jar:4.2.15.Final]
	at io.netty.channel.nio.NioIoHandler.processSelectedKeys(NioIoHandler.java:512) ~[netty-transport-4.2.15.Final.jar:4.2.15.Final]
	at io.netty.channel.nio.NioIoHandler.run(NioIoHandler.java:484) ~[netty-transport-4.2.15.Final.jar:4.2.15.Final]
	at io.netty.channel.SingleThreadIoEventLoop.runIo(SingleThreadIoEventLoop.java:225) ~[netty-transport-4.2.15.Final.jar:4.2.15.Final]
	at io.netty.channel.SingleThreadIoEventLoop.run(SingleThreadIoEventLoop.java:196) ~[netty-transport-4.2.15.Final.jar:4.2.15.Final]
	at io.netty.util.concurrent.SingleThreadEventExecutor$5.run(SingleThreadEventExecutor.java:1195) ~[netty-common-4.2.15.Final.jar:4.2.15.Final]
	at io.netty.util.internal.ThreadExecutorMap$2.run(ThreadExecutorMap.java:74) ~[netty-common-4.2.15.Final.jar:4.2.15.Final]
	at io.netty.util.concurrent.FastThreadLocalRunnable.run(FastThreadLocalRunnable.java:30) ~[netty-common-4.2.15.Final.jar:4.2.15.Final]
	at java.base/java.lang.Thread.run(Thread.java:1583) ~[na:na]
2026-10-09 10:23:03 [http-nio-8080-exec-4] WARN  o.s.w.s.m.m.a.ExceptionHandlerExceptionResolver - Resolved [org.springframework.data.redis.RedisConnectionFailureException: Unable to connect to Redis]
2026-10-09 10:23:03 [http-nio-8080-exec-5] DEBUG c.s.e.s.JwtAuthenticationFilter - AuthTokenFilter chamado pela URI: /api/auth/sign-in
2026-10-09 10:23:03 [http-nio-8080-exec-5] WARN  c.s.e.e.GlobalExceptionHandler - Corpo da requisição ilegível: Required request body is missing: public org.springframework.http.ResponseEntity<com.sisco_e.escola.api.dto.JwtResponse> com.sisco_e.escola.api.controller.AuthController.login(com.sisco_e.escola.api.dto.LoginRequestDto)
2026-10-09 10:23:03 [http-nio-8080-exec-5] WARN  o.s.w.s.m.m.a.ExceptionHandlerExceptionResolver - Resolved [org.springframework.http.converter.HttpMessageNotReadableException: Required request body is missing: public org.springframework.http.ResponseEntity<com.sisco_e.escola.api.dto.JwtResponse> com.sisco_e.escola.api.controller.AuthController.login(com.sisco_e.escola.api.dto.LoginRequestDto)]
2026-10-09 10:23:03 [http-nio-8080-exec-6] DEBUG c.s.e.s.JwtAuthenticationFilter - AuthTokenFilter chamado pela URI: /api/auth/sign-in
2026-10-09 10:23:06 [http-nio-8080-exec-6] WARN  c.s.e.e.GlobalExceptionHandler - Tentativa de login falha: Bad credentials
2026-10-09 10:23:06 [http-nio-8080-exec-6] WARN  o.s.w.s.m.m.a.ExceptionHandlerExceptionResolver - Resolved [org.springframework.security.authentication.BadCredentialsException: Bad credentials]
2026-10-09 10:23:06 [http-nio-8080-exec-7] DEBUG c.s.e.s.JwtAuthenticationFilter - AuthTokenFilter chamado pela URI: /api/auth/sign-in
2026-10-09 10:23:07 [http-nio-8080-exec-7] WARN  o.s.w.s.m.m.a.ExceptionHandlerExceptionResolver - Resolved [org.springframework.web.bind.MethodArgumentNotValidException: Validation failed for argument [0] in public org.springframework.http.ResponseEntity<com.sisco_e.escola.api.dto.JwtResponse> com.sisco_e.escola.api.controller.AuthController.login(com.sisco_e.escola.api.dto.LoginRequestDto) with 2 errors: [Field error in object 'loginRequestDto' on field 'email': rejected value []; codes [NotBlank.loginRequestDto.email,NotBlank.email,NotBlank.java.lang.String,NotBlank]; arguments [org.springframework.context.support.DefaultMessageSourceResolvable: codes [loginRequestDto.email,email]; arguments []; default message [email]]; default message [Email é obrigatório!]] [Field error in object 'loginRequestDto' on field 'password': rejected value [123]; codes [Size.loginRequestDto.password,Size.password,Size.java.lang.String,Size]; arguments [org.springframework.context.support.DefaultMessageSourceResolvable: codes [loginRequestDto.password,password]; arguments []; default message [password],2147483647,6]; default message [A senha deve ter entre 8 e 32 caracteres!]] ]
2026-10-09 10:44:01 [http-nio-8080-exec-8] DEBUG c.s.e.s.JwtAuthenticationFilter - AuthTokenFilter chamado pela URI: /api/auth/sign-in
2026-10-09 10:44:01 [http-nio-8080-exec-8] WARN  o.s.w.s.m.m.a.ExceptionHandlerExceptionResolver - Resolved [org.springframework.web.bind.MethodArgumentNotValidException: Validation failed for argument [0] in public org.springframework.http.ResponseEntity<com.sisco_e.escola.api.dto.JwtResponse> com.sisco_e.escola.api.controller.AuthController.login(com.sisco_e.escola.api.dto.LoginRequestDto) with 3 errors: [Field error in object 'loginRequestDto' on field 'password': rejected value []; codes [NotBlank.loginRequestDto.password,NotBlank.password,NotBlank.java.lang.String,NotBlank]; arguments [org.springframework.context.support.DefaultMessageSourceResolvable: codes [loginRequestDto.password,password]; arguments []; default message [password]]; default message [Senha é obrigatória!]] [Field error in object 'loginRequestDto' on field 'password': rejected value []; codes [Size.loginRequestDto.password,Size.password,Size.java.lang.String,Size]; arguments [org.springframework.context.support.DefaultMessageSourceResolvable: codes [loginRequestDto.password,password]; arguments []; default message [password],2147483647,6]; default message [A senha deve ter entre 8 e 32 caracteres!]] [Field error in object 'loginRequestDto' on field 'email': rejected value []; codes [NotBlank.loginRequestDto.email,NotBlank.email,NotBlank.java.lang.String,NotBlank]; arguments [org.springframework.context.support.DefaultMessageSourceResolvable: codes [loginRequestDto.email,email]; arguments []; default message [email]]; default message [Email é obrigatório!]] ]
2026-10-09 10:44:31 [http-nio-8080-exec-9] DEBUG c.s.e.s.JwtAuthenticationFilter - AuthTokenFilter chamado pela URI: /api/auth/join/sign-up
2026-10-09 10:44:32 [http-nio-8080-exec-10] DEBUG c.s.e.s.JwtAuthenticationFilter - AuthTokenFilter chamado pela URI: /api/auth/sign-in
2026-10-09 10:44:41 [http-nio-8080-exec-1] DEBUG c.s.e.s.JwtAuthenticationFilter - AuthTokenFilter chamado pela URI: /api/auth/refresh
2026-10-09 10:44:41 [lettuce-eventExecutorLoop-32-3] INFO  i.l.core.protocol.ConnectionWatchdog - Reconnecting, last destination was localhost/127.0.0.1:6379
2026-10-09 10:44:41 [lettuce-nioEventLoop-34-3] WARN  i.l.core.protocol.ConnectionWatchdog - Cannot reconnect to [localhost/<unresolved>:6379]: Conexão recusada: localhost/127.0.0.1:6379
2026-10-09 10:44:42 [http-nio-8080-exec-3] DEBUG c.s.e.s.JwtAuthenticationFilter - AuthTokenFilter chamado pela URI: /api/auth/sign-in
2026-10-09 10:44:50 [lettuce-eventExecutorLoop-32-3] INFO  i.l.core.protocol.ConnectionWatchdog - Reconnecting, last destination was localhost/<unresolved>:6379
2026-10-09 10:44:50 [lettuce-nioEventLoop-34-3] WARN  i.l.core.protocol.ConnectionWatchdog - Cannot reconnect to [localhost/<unresolved>:6379]: Conexão recusada: localhost/127.0.0.1:6379
2026-10-09 10:44:59 [lettuce-eventExecutorLoop-32-4] INFO  i.l.core.protocol.ConnectionWatchdog - Reconnecting, last destination was localhost/<unresolved>:6379
2026-10-09 10:44:59 [lettuce-nioEventLoop-34-4] WARN  i.l.core.protocol.ConnectionWatchdog - Cannot reconnect to [localhost/<unresolved>:6379]: Conexão recusada: localhost/127.0.0.1:6379
2026-10-09 10:45:15 [lettuce-eventExecutorLoop-32-5] INFO  i.l.core.protocol.ConnectionWatchdog - Reconnecting, last destination was localhost/<unresolved>:6379
2026-10-09 10:45:15 [lettuce-nioEventLoop-34-5] WARN  i.l.core.protocol.ConnectionWatchdog - Cannot reconnect to [localhost/<unresolved>:6379]: Conexão recusada: localhost/127.0.0.1:6379
2026-10-09 10:45:43 [http-nio-8080-exec-3] ERROR c.s.e.e.GlobalExceptionHandler - Ocorreu um erro interno no servidor: Redis command timed out
org.springframework.dao.QueryTimeoutException: Redis command timed out
	at org.springframework.data.redis.connection.lettuce.LettuceExceptionConverter.convert(LettuceExceptionConverter.java:84) ~[spring-data-redis-4.0.6.jar:4.0.6]
	at org.springframework.data.redis.connection.lettuce.LettuceExceptionConverter.convert(LettuceExceptionConverter.java:44) ~[spring-data-redis-4.0.6.jar:4.0.6]
	at org.springframework.data.redis.PassThroughExceptionTranslationStrategy.translate(PassThroughExceptionTranslationStrategy.java:39) ~[spring-data-redis-4.0.6.jar:4.0.6]
	at org.springframework.data.redis.FallbackExceptionTranslationStrategy.translate(FallbackExceptionTranslationStrategy.java:38) ~[spring-data-redis-4.0.6.jar:4.0.6]
	at org.springframework.data.redis.connection.lettuce.LettuceConnection.convertLettuceAccessException(LettuceConnection.java:314) ~[spring-data-redis-4.0.6.jar:4.0.6]
	at org.springframework.data.redis.connection.lettuce.LettuceConnection.await(LettuceConnection.java:1014) ~[spring-data-redis-4.0.6.jar:4.0.6]
	at org.springframework.data.redis.connection.lettuce.LettuceConnection.lambda$doInvoke$2(LettuceConnection.java:451) ~[spring-data-redis-4.0.6.jar:4.0.6]
	at org.springframework.data.redis.connection.lettuce.LettuceInvoker$Synchronizer.invoke(LettuceInvoker.java:658) ~[spring-data-redis-4.0.6.jar:4.0.6]
	at org.springframework.data.redis.connection.lettuce.LettuceInvoker.just(LettuceInvoker.java:92) ~[spring-data-redis-4.0.6.jar:4.0.6]
	at org.springframework.data.redis.connection.lettuce.LettuceSetCommands.sInter(LettuceSetCommands.java:97) ~[spring-data-redis-4.0.6.jar:4.0.6]
	at org.springframework.data.redis.connection.DefaultedRedisConnection.sInter(DefaultedRedisConnection.java:885) ~[spring-data-redis-4.0.6.jar:4.0.6]
	at java.base/jdk.internal.reflect.DirectMethodHandleAccessor.invoke(DirectMethodHandleAccessor.java:103) ~[na:na]
	at java.base/java.lang.reflect.Method.invoke(Method.java:580) ~[na:na]
	at org.springframework.data.redis.core.CloseSuppressingInvocationHandler.invoke(CloseSuppressingInvocationHandler.java:60) ~[spring-data-redis-4.0.6.jar:4.0.6]
	at jdk.proxy2/jdk.proxy2.$Proxy356.sInter(Unknown Source) ~[na:na]
	at org.springframework.data.redis.core.RedisQueryEngine.findKeys(RedisQueryEngine.java:163) ~[spring-data-redis-4.0.6.jar:4.0.6]
	at org.springframework.data.redis.core.RedisQueryEngine.lambda$doFind$0(RedisQueryEngine.java:108) ~[spring-data-redis-4.0.6.jar:4.0.6]
	at org.springframework.data.redis.core.RedisTemplate.execute(RedisTemplate.java:414) ~[spring-data-redis-4.0.6.jar:4.0.6]
	at org.springframework.data.redis.core.RedisTemplate.execute(RedisTemplate.java:381) ~[spring-data-redis-4.0.6.jar:4.0.6]
	at org.springframework.data.redis.core.RedisTemplate.execute(RedisTemplate.java:369) ~[spring-data-redis-4.0.6.jar:4.0.6]
	at org.springframework.data.redis.core.RedisKeyValueAdapter.execute(RedisKeyValueAdapter.java:559) ~[spring-data-redis-4.0.6.jar:4.0.6]
	at org.springframework.data.redis.core.RedisQueryEngine.doFind(RedisQueryEngine.java:131) ~[spring-data-redis-4.0.6.jar:4.0.6]
	at org.springframework.data.redis.core.RedisQueryEngine.execute(RedisQueryEngine.java:87) ~[spring-data-redis-4.0.6.jar:4.0.6]
	at org.springframework.data.redis.core.RedisQueryEngine.execute(RedisQueryEngine.java:62) ~[spring-data-redis-4.0.6.jar:4.0.6]
	at org.springframework.data.keyvalue.core.QueryEngine.execute(QueryEngine.java:73) ~[spring-data-keyvalue-4.0.6.jar:4.0.6]
	at org.springframework.data.keyvalue.core.AbstractKeyValueAdapter.find(AbstractKeyValueAdapter.java:84) ~[spring-data-keyvalue-4.0.6.jar:4.0.6]
	at org.springframework.data.keyvalue.core.KeyValueTemplate.lambda$find$0(KeyValueTemplate.java:343) ~[spring-data-keyvalue-4.0.6.jar:4.0.6]
	at org.springframework.data.keyvalue.core.KeyValueTemplate.execute(KeyValueTemplate.java:314) ~[spring-data-keyvalue-4.0.6.jar:4.0.6]
	at org.springframework.data.keyvalue.core.KeyValueTemplate.executeRequired(KeyValueTemplate.java:329) ~[spring-data-keyvalue-4.0.6.jar:4.0.6]
	at org.springframework.data.keyvalue.core.KeyValueTemplate.find(KeyValueTemplate.java:341) ~[spring-data-keyvalue-4.0.6.jar:4.0.6]
	at org.springframework.data.keyvalue.repository.query.KeyValuePartTreeQuery.doExecute(KeyValuePartTreeQuery.java:144) ~[spring-data-keyvalue-4.0.6.jar:4.0.6]
	at org.springframework.data.redis.repository.query.RedisPartTreeQuery.execute(RedisPartTreeQuery.java:75) ~[spring-data-redis-4.0.6.jar:4.0.6]
	at org.springframework.data.repository.core.support.RepositoryMethodInvoker.doInvoke(RepositoryMethodInvoker.java:169) ~[spring-data-commons-4.0.6.jar:4.0.6]
	at org.springframework.data.repository.core.support.RepositoryMethodInvoker.invoke(RepositoryMethodInvoker.java:158) ~[spring-data-commons-4.0.6.jar:4.0.6]
	at org.springframework.data.repository.core.support.QueryExecutorMethodInterceptor.doInvoke(QueryExecutorMethodInterceptor.java:167) ~[spring-data-commons-4.0.6.jar:4.0.6]
	at org.springframework.data.repository.core.support.QueryExecutorMethodInterceptor.invoke(QueryExecutorMethodInterceptor.java:146) ~[spring-data-commons-4.0.6.jar:4.0.6]
	at org.springframework.aop.framework.ReflectiveMethodInvocation.proceed(ReflectiveMethodInvocation.java:179) ~[spring-aop-7.0.8.jar:7.0.8]
	at org.springframework.aop.framework.JdkDynamicAopProxy.invoke(JdkDynamicAopProxy.java:222) ~[spring-aop-7.0.8.jar:7.0.8]
	at jdk.proxy19/jdk.proxy19.$Proxy325.deleteByEmail(Unknown Source) ~[na:na]
	at java.base/jdk.internal.reflect.DirectMethodHandleAccessor.invoke(DirectMethodHandleAccessor.java:103) ~[na:na]
	at java.base/java.lang.reflect.Method.invoke(Method.java:580) ~[na:na]
	at org.springframework.aop.support.AopUtils.invokeJoinpointUsingReflection(AopUtils.java:359) ~[spring-aop-7.0.8.jar:7.0.8]
	at org.springframework.aop.framework.ReflectiveMethodInvocation.invokeJoinpoint(ReflectiveMethodInvocation.java:190) ~[spring-aop-7.0.8.jar:7.0.8]
	at org.springframework.aop.framework.ReflectiveMethodInvocation.proceed(ReflectiveMethodInvocation.java:158) ~[spring-aop-7.0.8.jar:7.0.8]
	at org.springframework.dao.support.PersistenceExceptionTranslationInterceptor.invoke(PersistenceExceptionTranslationInterceptor.java:135) ~[spring-tx-7.0.8.jar:7.0.8]
	at org.springframework.aop.framework.ReflectiveMethodInvocation.proceed(ReflectiveMethodInvocation.java:179) ~[spring-aop-7.0.8.jar:7.0.8]
	at org.springframework.aop.framework.JdkDynamicAopProxy.invoke(JdkDynamicAopProxy.java:222) ~[spring-aop-7.0.8.jar:7.0.8]
	at jdk.proxy19/jdk.proxy19.$Proxy325.deleteByEmail(Unknown Source) ~[na:na]
	at com.sisco_e.escola.service.impl.RefreshTokenServiceImpl.createRefreshToken(RefreshTokenServiceImpl.java:32) ~[classes/:na]
	at java.base/jdk.internal.reflect.DirectMethodHandleAccessor.invoke(DirectMethodHandleAccessor.java:103) ~[na:na]
	at java.base/java.lang.reflect.Method.invoke(Method.java:580) ~[na:na]
	at org.springframework.aop.support.AopUtils.invokeJoinpointUsingReflection(AopUtils.java:359) ~[spring-aop-7.0.8.jar:7.0.8]
	at org.springframework.aop.framework.ReflectiveMethodInvocation.invokeJoinpoint(ReflectiveMethodInvocation.java:190) ~[spring-aop-7.0.8.jar:7.0.8]
	at org.springframework.aop.framework.ReflectiveMethodInvocation.proceed(ReflectiveMethodInvocation.java:158) ~[spring-aop-7.0.8.jar:7.0.8]
	at org.springframework.transaction.interceptor.TransactionInterceptor$1.proceedWithInvocation(TransactionInterceptor.java:133) ~[spring-tx-7.0.8.jar:7.0.8]
	at org.springframework.transaction.interceptor.TransactionAspectSupport.invokeWithinTransaction(TransactionAspectSupport.java:371) ~[spring-tx-7.0.8.jar:7.0.8]
	at org.springframework.transaction.interceptor.TransactionInterceptor.invoke(TransactionInterceptor.java:130) ~[spring-tx-7.0.8.jar:7.0.8]
	at org.springframework.aop.framework.ReflectiveMethodInvocation.proceed(ReflectiveMethodInvocation.java:179) ~[spring-aop-7.0.8.jar:7.0.8]
	at org.springframework.aop.framework.CglibAopProxy$DynamicAdvisedInterceptor.intercept(CglibAopProxy.java:719) ~[spring-aop-7.0.8.jar:7.0.8]
	at com.sisco_e.escola.service.impl.RefreshTokenServiceImpl$$SpringCGLIB$$0.createRefreshToken(<generated>) ~[classes/:na]
	at com.sisco_e.escola.api.controller.AuthController.login(AuthController.java:74) ~[classes/:na]
	at java.base/jdk.internal.reflect.DirectMethodHandleAccessor.invoke(DirectMethodHandleAccessor.java:103) ~[na:na]
	at java.base/java.lang.reflect.Method.invoke(Method.java:580) ~[na:na]
	at org.springframework.web.method.support.InvocableHandlerMethod.doInvoke(InvocableHandlerMethod.java:252) ~[spring-web-7.0.8.jar:7.0.8]
	at org.springframework.web.method.support.InvocableHandlerMethod.invokeForRequest(InvocableHandlerMethod.java:184) ~[spring-web-7.0.8.jar:7.0.8]
	at org.springframework.web.servlet.mvc.method.annotation.ServletInvocableHandlerMethod.invokeAndHandle(ServletInvocableHandlerMethod.java:117) ~[spring-webmvc-7.0.8.jar:7.0.8]
	at org.springframework.web.servlet.mvc.method.annotation.RequestMappingHandlerAdapter.invokeHandlerMethod(RequestMappingHandlerAdapter.java:934) ~[spring-webmvc-7.0.8.jar:7.0.8]
	at org.springframework.web.servlet.mvc.method.annotation.RequestMappingHandlerAdapter.handleInternal(RequestMappingHandlerAdapter.java:853) ~[spring-webmvc-7.0.8.jar:7.0.8]
	at org.springframework.web.servlet.mvc.method.AbstractHandlerMethodAdapter.handle(AbstractHandlerMethodAdapter.java:86) ~[spring-webmvc-7.0.8.jar:7.0.8]
	at org.springframework.web.servlet.DispatcherServlet.doDispatch(DispatcherServlet.java:963) ~[spring-webmvc-7.0.8.jar:7.0.8]
	at org.springframework.web.servlet.DispatcherServlet.doService(DispatcherServlet.java:866) ~[spring-webmvc-7.0.8.jar:7.0.8]
	at org.springframework.web.servlet.FrameworkServlet.processRequest(FrameworkServlet.java:1000) ~[spring-webmvc-7.0.8.jar:7.0.8]
	at org.springframework.web.servlet.FrameworkServlet.doPost(FrameworkServlet.java:903) ~[spring-webmvc-7.0.8.jar:7.0.8]
	at jakarta.servlet.http.HttpServlet.service(HttpServlet.java:649) ~[tomcat-embed-core-11.0.22.jar:6.1]
	at org.springframework.web.servlet.FrameworkServlet.service(FrameworkServlet.java:874) ~[spring-webmvc-7.0.8.jar:7.0.8]
	at jakarta.servlet.http.HttpServlet.service(HttpServlet.java:710) ~[tomcat-embed-core-11.0.22.jar:6.1]
	at org.apache.catalina.core.ApplicationFilterChain.doFilter(ApplicationFilterChain.java:128) ~[tomcat-embed-core-11.0.22.jar:11.0.22]
	at org.apache.tomcat.websocket.server.WsFilter.doFilter(WsFilter.java:53) ~[tomcat-embed-websocket-11.0.22.jar:11.0.22]
	at org.apache.catalina.core.ApplicationFilterChain.doFilter(ApplicationFilterChain.java:107) ~[tomcat-embed-core-11.0.22.jar:11.0.22]
	at org.springframework.web.filter.OncePerRequestFilter.doFilter(OncePerRequestFilter.java:110) ~[spring-web-7.0.8.jar:7.0.8]
	at org.apache.catalina.core.ApplicationFilterChain.doFilter(ApplicationFilterChain.java:107) ~[tomcat-embed-core-11.0.22.jar:11.0.22]
	at org.springframework.web.filter.CompositeFilter$VirtualFilterChain.doFilter(CompositeFilter.java:108) ~[spring-web-7.0.8.jar:7.0.8]
	at org.springframework.security.web.FilterChainProxy.lambda$doFilterInternal$3(FilterChainProxy.java:235) ~[spring-security-web-7.0.6.jar:7.0.6]
	at org.springframework.security.web.ObservationFilterChainDecorator$FilterObservation$SimpleFilterObservation.lambda$wrap$1(ObservationFilterChainDecorator.java:493) ~[spring-security-web-7.0.6.jar:7.0.6]
	at org.springframework.security.web.ObservationFilterChainDecorator$AroundFilterObservation$SimpleAroundFilterObservation.lambda$wrap$1(ObservationFilterChainDecorator.java:354) ~[spring-security-web-7.0.6.jar:7.0.6]
	at org.springframework.security.web.ObservationFilterChainDecorator.lambda$wrapSecured$0(ObservationFilterChainDecorator.java:86) ~[spring-security-web-7.0.6.jar:7.0.6]
	at org.springframework.security.web.ObservationFilterChainDecorator$VirtualFilterChain.doFilter(ObservationFilterChainDecorator.java:132) ~[spring-security-web-7.0.6.jar:7.0.6]
	at org.springframework.security.web.access.intercept.AuthorizationFilter.doFilter(AuthorizationFilter.java:101) ~[spring-security-web-7.0.6.jar:7.0.6]
	at org.springframework.security.web.ObservationFilterChainDecorator$ObservationFilter.wrapFilter(ObservationFilterChainDecorator.java:244) ~[spring-security-web-7.0.6.jar:7.0.6]
	at org.springframework.security.web.ObservationFilterChainDecorator$ObservationFilter.doFilter(ObservationFilterChainDecorator.java:231) ~[spring-security-web-7.0.6.jar:7.0.6]
	at org.springframework.security.web.ObservationFilterChainDecorator$VirtualFilterChain.doFilter(ObservationFilterChainDecorator.java:141) ~[spring-security-web-7.0.6.jar:7.0.6]
	at org.springframework.security.web.access.ExceptionTranslationFilter.doFilter(ExceptionTranslationFilter.java:126) ~[spring-security-web-7.0.6.jar:7.0.6]
	at org.springframework.security.web.access.ExceptionTranslationFilter.doFilter(ExceptionTranslationFilter.java:120) ~[spring-security-web-7.0.6.jar:7.0.6]
	at org.springframework.security.web.ObservationFilterChainDecorator$ObservationFilter.wrapFilter(ObservationFilterChainDecorator.java:244) ~[spring-security-web-7.0.6.jar:7.0.6]
	at org.springframework.security.web.ObservationFilterChainDecorator$ObservationFilter.doFilter(ObservationFilterChainDecorator.java:231) ~[spring-security-web-7.0.6.jar:7.0.6]
	at org.springframework.security.web.ObservationFilterChainDecorator$VirtualFilterChain.doFilter(ObservationFilterChainDecorator.java:141) ~[spring-security-web-7.0.6.jar:7.0.6]
	at org.springframework.security.web.session.SessionManagementFilter.doFilter(SessionManagementFilter.java:132) ~[spring-security-web-7.0.6.jar:7.0.6]
	at org.springframework.security.web.session.SessionManagementFilter.doFilter(SessionManagementFilter.java:86) ~[spring-security-web-7.0.6.jar:7.0.6]
	at org.springframework.security.web.ObservationFilterChainDecorator$ObservationFilter.wrapFilter(ObservationFilterChainDecorator.java:244) ~[spring-security-web-7.0.6.jar:7.0.6]
	at org.springframework.security.web.ObservationFilterChainDecorator$ObservationFilter.doFilter(ObservationFilterChainDecorator.java:231) ~[spring-security-web-7.0.6.jar:7.0.6]
	at org.springframework.security.web.ObservationFilterChainDecorator$VirtualFilterChain.doFilter(ObservationFilterChainDecorator.java:141) ~[spring-security-web-7.0.6.jar:7.0.6]
	at org.springframework.security.web.authentication.AnonymousAuthenticationFilter.doFilter(AnonymousAuthenticationFilter.java:100) ~[spring-security-web-7.0.6.jar:7.0.6]
	at org.springframework.security.web.ObservationFilterChainDecorator$ObservationFilter.wrapFilter(ObservationFilterChainDecorator.java:244) ~[spring-security-web-7.0.6.jar:7.0.6]
	at org.springframework.security.web.ObservationFilterChainDecorator$ObservationFilter.doFilter(ObservationFilterChainDecorator.java:231) ~[spring-security-web-7.0.6.jar:7.0.6]
	at org.springframework.security.web.ObservationFilterChainDecorator$VirtualFilterChain.doFilter(ObservationFilterChainDecorator.java:141) ~[spring-security-web-7.0.6.jar:7.0.6]
	at org.springframework.security.web.servletapi.SecurityContextHolderAwareRequestFilter.doFilter(SecurityContextHolderAwareRequestFilter.java:181) ~[spring-security-web-7.0.6.jar:7.0.6]
	at org.springframework.security.web.ObservationFilterChainDecorator$ObservationFilter.wrapFilter(ObservationFilterChainDecorator.java:244) ~[spring-security-web-7.0.6.jar:7.0.6]
	at org.springframework.security.web.ObservationFilterChainDecorator$ObservationFilter.doFilter(ObservationFilterChainDecorator.java:231) ~[spring-security-web-7.0.6.jar:7.0.6]
	at org.springframework.security.web.ObservationFilterChainDecorator$VirtualFilterChain.doFilter(ObservationFilterChainDecorator.java:141) ~[spring-security-web-7.0.6.jar:7.0.6]
	at org.springframework.security.web.savedrequest.RequestCacheAwareFilter.doFilter(RequestCacheAwareFilter.java:63) ~[spring-security-web-7.0.6.jar:7.0.6]
	at org.springframework.security.web.ObservationFilterChainDecorator$ObservationFilter.wrapFilter(ObservationFilterChainDecorator.java:244) ~[spring-security-web-7.0.6.jar:7.0.6]
	at org.springframework.security.web.ObservationFilterChainDecorator$ObservationFilter.doFilter(ObservationFilterChainDecorator.java:231) ~[spring-security-web-7.0.6.jar:7.0.6]
	at org.springframework.security.web.ObservationFilterChainDecorator$VirtualFilterChain.doFilter(ObservationFilterChainDecorator.java:141) ~[spring-security-web-7.0.6.jar:7.0.6]
	at com.sisco_e.escola.security.JwtAuthenticationFilter.doFilterInternal(JwtAuthenticationFilter.java:55) ~[classes/:na]
	at org.springframework.web.filter.OncePerRequestFilter.doFilter(OncePerRequestFilter.java:116) ~[spring-web-7.0.8.jar:7.0.8]
	at org.springframework.security.web.ObservationFilterChainDecorator$ObservationFilter.wrapFilter(ObservationFilterChainDecorator.java:244) ~[spring-security-web-7.0.6.jar:7.0.6]
	at org.springframework.security.web.ObservationFilterChainDecorator$ObservationFilter.doFilter(ObservationFilterChainDecorator.java:231) ~[spring-security-web-7.0.6.jar:7.0.6]
	at org.springframework.security.web.ObservationFilterChainDecorator$VirtualFilterChain.doFilter(ObservationFilterChainDecorator.java:141) ~[spring-security-web-7.0.6.jar:7.0.6]
	at org.springframework.security.web.authentication.logout.LogoutFilter.doFilter(LogoutFilter.java:110) ~[spring-security-web-7.0.6.jar:7.0.6]
	at org.springframework.security.web.authentication.logout.LogoutFilter.doFilter(LogoutFilter.java:96) ~[spring-security-web-7.0.6.jar:7.0.6]
	at org.springframework.security.web.ObservationFilterChainDecorator$ObservationFilter.wrapFilter(ObservationFilterChainDecorator.java:244) ~[spring-security-web-7.0.6.jar:7.0.6]
	at org.springframework.security.web.ObservationFilterChainDecorator$ObservationFilter.doFilter(ObservationFilterChainDecorator.java:231) ~[spring-security-web-7.0.6.jar:7.0.6]
	at org.springframework.security.web.ObservationFilterChainDecorator$VirtualFilterChain.doFilter(ObservationFilterChainDecorator.java:141) ~[spring-security-web-7.0.6.jar:7.0.6]
	at org.springframework.web.filter.CorsFilter.doFilterInternal(CorsFilter.java:91) ~[spring-web-7.0.8.jar:7.0.8]
	at org.springframework.web.filter.OncePerRequestFilter.doFilter(OncePerRequestFilter.java:116) ~[spring-web-7.0.8.jar:7.0.8]
	at org.springframework.security.web.ObservationFilterChainDecorator$ObservationFilter.wrapFilter(ObservationFilterChainDecorator.java:244) ~[spring-security-web-7.0.6.jar:7.0.6]
	at org.springframework.security.web.ObservationFilterChainDecorator$ObservationFilter.doFilter(ObservationFilterChainDecorator.java:231) ~[spring-security-web-7.0.6.jar:7.0.6]
	at org.springframework.security.web.ObservationFilterChainDecorator$VirtualFilterChain.doFilter(ObservationFilterChainDecorator.java:141) ~[spring-security-web-7.0.6.jar:7.0.6]
	at org.springframework.security.web.header.HeaderWriterFilter.doHeadersAfter(HeaderWriterFilter.java:90) ~[spring-security-web-7.0.6.jar:7.0.6]
	at org.springframework.security.web.header.HeaderWriterFilter.doFilterInternal(HeaderWriterFilter.java:75) ~[spring-security-web-7.0.6.jar:7.0.6]
	at org.springframework.web.filter.OncePerRequestFilter.doFilter(OncePerRequestFilter.java:116) ~[spring-web-7.0.8.jar:7.0.8]
	at org.springframework.security.web.ObservationFilterChainDecorator$ObservationFilter.wrapFilter(ObservationFilterChainDecorator.java:244) ~[spring-security-web-7.0.6.jar:7.0.6]
	at org.springframework.security.web.ObservationFilterChainDecorator$ObservationFilter.doFilter(ObservationFilterChainDecorator.java:231) ~[spring-security-web-7.0.6.jar:7.0.6]
	at org.springframework.security.web.ObservationFilterChainDecorator$VirtualFilterChain.doFilter(ObservationFilterChainDecorator.java:141) ~[spring-security-web-7.0.6.jar:7.0.6]
	at org.springframework.security.web.context.SecurityContextHolderFilter.doFilter(SecurityContextHolderFilter.java:82) ~[spring-security-web-7.0.6.jar:7.0.6]
	at org.springframework.security.web.context.SecurityContextHolderFilter.doFilter(SecurityContextHolderFilter.java:69) ~[spring-security-web-7.0.6.jar:7.0.6]
	at org.springframework.security.web.ObservationFilterChainDecorator$ObservationFilter.wrapFilter(ObservationFilterChainDecorator.java:244) ~[spring-security-web-7.0.6.jar:7.0.6]
	at org.springframework.security.web.ObservationFilterChainDecorator$ObservationFilter.doFilter(ObservationFilterChainDecorator.java:231) ~[spring-security-web-7.0.6.jar:7.0.6]
	at org.springframework.security.web.ObservationFilterChainDecorator$VirtualFilterChain.doFilter(ObservationFilterChainDecorator.java:141) ~[spring-security-web-7.0.6.jar:7.0.6]
	at org.springframework.security.web.context.request.async.WebAsyncManagerIntegrationFilter.doFilterInternal(WebAsyncManagerIntegrationFilter.java:62) ~[spring-security-web-7.0.6.jar:7.0.6]
	at org.springframework.web.filter.OncePerRequestFilter.doFilter(OncePerRequestFilter.java:116) ~[spring-web-7.0.8.jar:7.0.8]
	at org.springframework.security.web.ObservationFilterChainDecorator$ObservationFilter.wrapFilter(ObservationFilterChainDecorator.java:244) ~[spring-security-web-7.0.6.jar:7.0.6]
	at org.springframework.security.web.ObservationFilterChainDecorator$ObservationFilter.doFilter(ObservationFilterChainDecorator.java:231) ~[spring-security-web-7.0.6.jar:7.0.6]
	at org.springframework.security.web.ObservationFilterChainDecorator$VirtualFilterChain.doFilter(ObservationFilterChainDecorator.java:141) ~[spring-security-web-7.0.6.jar:7.0.6]
	at org.springframework.security.web.session.DisableEncodeUrlFilter.doFilterInternal(DisableEncodeUrlFilter.java:42) ~[spring-security-web-7.0.6.jar:7.0.6]
	at org.springframework.web.filter.OncePerRequestFilter.doFilter(OncePerRequestFilter.java:116) ~[spring-web-7.0.8.jar:7.0.8]
	at org.springframework.security.web.ObservationFilterChainDecorator$ObservationFilter.wrapFilter(ObservationFilterChainDecorator.java:244) ~[spring-security-web-7.0.6.jar:7.0.6]
	at org.springframework.security.web.ObservationFilterChainDecorator$AroundFilterObservation$SimpleAroundFilterObservation.lambda$wrap$0(ObservationFilterChainDecorator.java:337) ~[spring-security-web-7.0.6.jar:7.0.6]
	at org.springframework.security.web.ObservationFilterChainDecorator$ObservationFilter.doFilter(ObservationFilterChainDecorator.java:228) ~[spring-security-web-7.0.6.jar:7.0.6]
	at org.springframework.security.web.ObservationFilterChainDecorator$VirtualFilterChain.doFilter(ObservationFilterChainDecorator.java:141) ~[spring-security-web-7.0.6.jar:7.0.6]
	at org.springframework.security.web.FilterChainProxy.doFilterInternal(FilterChainProxy.java:237) ~[spring-security-web-7.0.6.jar:7.0.6]
	at org.springframework.security.web.FilterChainProxy.doFilter(FilterChainProxy.java:195) ~[spring-security-web-7.0.6.jar:7.0.6]
	at org.springframework.web.filter.CompositeFilter$VirtualFilterChain.doFilter(CompositeFilter.java:113) ~[spring-web-7.0.8.jar:7.0.8]
	at org.springframework.web.filter.ServletRequestPathFilter.doFilter(ServletRequestPathFilter.java:52) ~[spring-web-7.0.8.jar:7.0.8]
	at org.springframework.web.filter.CompositeFilter$VirtualFilterChain.doFilter(CompositeFilter.java:113) ~[spring-web-7.0.8.jar:7.0.8]
	at org.springframework.web.filter.CompositeFilter.doFilter(CompositeFilter.java:74) ~[spring-web-7.0.8.jar:7.0.8]
	at org.springframework.security.config.annotation.web.configuration.WebSecurityConfiguration$CompositeFilterChainProxy.doFilter(WebSecurityConfiguration.java:317) ~[spring-security-config-7.0.6.jar:7.0.6]
	at org.springframework.web.filter.DelegatingFilterProxy.invokeDelegate(DelegatingFilterProxy.java:355) ~[spring-web-7.0.8.jar:7.0.8]
	at org.springframework.web.filter.DelegatingFilterProxy.doFilter(DelegatingFilterProxy.java:272) ~[spring-web-7.0.8.jar:7.0.8]
	at org.apache.catalina.core.ApplicationFilterChain.doFilter(ApplicationFilterChain.java:107) ~[tomcat-embed-core-11.0.22.jar:11.0.22]
	at org.springframework.web.filter.RequestContextFilter.doFilterInternal(RequestContextFilter.java:100) ~[spring-web-7.0.8.jar:7.0.8]
	at org.springframework.web.filter.OncePerRequestFilter.doFilter(OncePerRequestFilter.java:116) ~[spring-web-7.0.8.jar:7.0.8]
	at org.apache.catalina.core.ApplicationFilterChain.doFilter(ApplicationFilterChain.java:107) ~[tomcat-embed-core-11.0.22.jar:11.0.22]
	at org.springframework.web.filter.FormContentFilter.doFilterInternal(FormContentFilter.java:93) ~[spring-web-7.0.8.jar:7.0.8]
	at org.springframework.web.filter.OncePerRequestFilter.doFilter(OncePerRequestFilter.java:116) ~[spring-web-7.0.8.jar:7.0.8]
	at org.apache.catalina.core.ApplicationFilterChain.doFilter(ApplicationFilterChain.java:107) ~[tomcat-embed-core-11.0.22.jar:11.0.22]
	at org.springframework.web.filter.ServerHttpObservationFilter.doFilterInternal(ServerHttpObservationFilter.java:110) ~[spring-web-7.0.8.jar:7.0.8]
	at org.springframework.web.filter.OncePerRequestFilter.doFilter(OncePerRequestFilter.java:116) ~[spring-web-7.0.8.jar:7.0.8]
	at org.apache.catalina.core.ApplicationFilterChain.doFilter(ApplicationFilterChain.java:107) ~[tomcat-embed-core-11.0.22.jar:11.0.22]
	at org.springframework.web.filter.CharacterEncodingFilter.doFilterInternal(CharacterEncodingFilter.java:199) ~[spring-web-7.0.8.jar:7.0.8]
	at org.springframework.web.filter.OncePerRequestFilter.doFilter(OncePerRequestFilter.java:116) ~[spring-web-7.0.8.jar:7.0.8]
	at org.apache.catalina.core.ApplicationFilterChain.doFilter(ApplicationFilterChain.java:107) ~[tomcat-embed-core-11.0.22.jar:11.0.22]
	at org.apache.catalina.core.StandardWrapperValve.invoke(StandardWrapperValve.java:165) ~[tomcat-embed-core-11.0.22.jar:11.0.22]
	at org.apache.catalina.core.StandardContextValve.invoke(StandardContextValve.java:77) ~[tomcat-embed-core-11.0.22.jar:11.0.22]
	at org.apache.catalina.authenticator.AuthenticatorBase.invoke(AuthenticatorBase.java:492) ~[tomcat-embed-core-11.0.22.jar:11.0.22]
	at org.apache.catalina.core.StandardHostValve.invoke(StandardHostValve.java:113) ~[tomcat-embed-core-11.0.22.jar:11.0.22]
	at org.apache.catalina.valves.ErrorReportValve.invoke(ErrorReportValve.java:83) ~[tomcat-embed-core-11.0.22.jar:11.0.22]
	at org.apache.catalina.core.StandardEngineValve.invoke(StandardEngineValve.java:72) ~[tomcat-embed-core-11.0.22.jar:11.0.22]
	at org.apache.catalina.connector.CoyoteAdapter.service(CoyoteAdapter.java:341) ~[tomcat-embed-core-11.0.22.jar:11.0.22]
	at org.apache.coyote.http11.Http11Processor.service(Http11Processor.java:397) ~[tomcat-embed-core-11.0.22.jar:11.0.22]
	at org.apache.coyote.AbstractProcessorLight.process(AbstractProcessorLight.java:63) ~[tomcat-embed-core-11.0.22.jar:11.0.22]
	at org.apache.coyote.AbstractProtocol$ConnectionHandler.process(AbstractProtocol.java:1272) ~[tomcat-embed-core-11.0.22.jar:11.0.22]
	at org.apache.tomcat.util.net.NioEndpoint$SocketProcessor.doRun(NioEndpoint.java:1801) ~[tomcat-embed-core-11.0.22.jar:11.0.22]
	at org.apache.tomcat.util.net.SocketProcessorBase.run(SocketProcessorBase.java:52) ~[tomcat-embed-core-11.0.22.jar:11.0.22]
	at org.apache.tomcat.util.threads.ThreadPoolExecutor.runWorker(ThreadPoolExecutor.java:946) ~[tomcat-embed-core-11.0.22.jar:11.0.22]
	at org.apache.tomcat.util.threads.ThreadPoolExecutor$Worker.run(ThreadPoolExecutor.java:480) ~[tomcat-embed-core-11.0.22.jar:11.0.22]
	at org.apache.tomcat.util.threads.TaskThread$WrappingRunnable.run(TaskThread.java:57) ~[tomcat-embed-core-11.0.22.jar:11.0.22]
	at java.base/java.lang.Thread.run(Thread.java:1583) ~[na:na]
Caused by: io.lettuce.core.RedisCommandTimeoutException: Command timed out after 1 minute(s)
	at io.lettuce.core.internal.ExceptionFactory.createTimeoutException(ExceptionFactory.java:63) ~[lettuce-core-6.8.2.RELEASE.jar:6.8.2.RELEASE/34f8700]
	at io.lettuce.core.internal.Futures.awaitOrCancel(Futures.java:233) ~[lettuce-core-6.8.2.RELEASE.jar:6.8.2.RELEASE/34f8700]
	at io.lettuce.core.LettuceFutures.awaitOrCancel(LettuceFutures.java:59) ~[lettuce-core-6.8.2.RELEASE.jar:6.8.2.RELEASE/34f8700]
	at org.springframework.data.redis.connection.lettuce.LettuceConnection.await(LettuceConnection.java:1012) ~[spring-data-redis-4.0.6.jar:4.0.6]
	... 182 common frames omitted
2026-10-09 10:45:43 [http-nio-8080-exec-3] WARN  o.s.w.s.m.m.a.ExceptionHandlerExceptionResolver - Resolved [org.springframework.dao.QueryTimeoutException: Redis command timed out]
2026-10-09 10:45:45 [lettuce-eventExecutorLoop-32-5] INFO  i.l.core.protocol.ConnectionWatchdog - Reconnecting, last destination was localhost/<unresolved>:6379
2026-10-09 10:45:45 [lettuce-nioEventLoop-34-6] WARN  i.l.core.protocol.ConnectionWatchdog - Cannot reconnect to [localhost/<unresolved>:6379]: Conexão recusada: localhost/127.0.0.1:6379
2026-10-09 10:46:15 [lettuce-eventExecutorLoop-32-10] INFO  i.l.core.protocol.ConnectionWatchdog - Reconnecting, last destination was localhost/<unresolved>:6379
2026-10-09 10:46:15 [lettuce-nioEventLoop-34-7] WARN  i.l.core.protocol.ConnectionWatchdog - Cannot reconnect to [localhost/<unresolved>:6379]: Conexão recusada: localhost/127.0.0.1:6379
2026-10-09 10:46:18 [File Watcher] INFO  o.s.b.d.a.LocalDevToolsAutoConfiguration$RestartingClassPathChangeChangedEventListener - Restarting due to 1 class path change (0 additions, 1 deletion, 0 modifications)
2026-10-09 10:46:18 [Thread-60] INFO  o.s.boot.tomcat.GracefulShutdown - Commencing graceful shutdown. Waiting for active requests to complete
2026-10-09 10:46:18 [tomcat-shutdown] INFO  o.s.boot.tomcat.GracefulShutdown - Graceful shutdown complete
2026-10-09 10:46:18 [Thread-60] INFO  o.s.o.j.LocalContainerEntityManagerFactoryBean - Closing JPA EntityManagerFactory for persistence unit 'default'
2026-10-09 10:46:18 [Thread-60] INFO  com.zaxxer.hikari.HikariDataSource - HikariPool-16 - Shutdown initiated...
2026-10-09 10:46:18 [Thread-60] INFO  com.zaxxer.hikari.HikariDataSource - HikariPool-16 - Shutdown completed.
2026-10-09 10:46:18 [restartedMain] INFO  c.sisco_e.escola.SiscoEApplication - Starting SiscoEApplication using Java 21.0.12.1 with PID 272194 (/home/cleber/desv/2-doing/sisco-project/sisco-e/target/classes started by cleber in /home/cleber/desv/2-doing/sisco-project/sisco-e)
2026-10-09 10:46:18 [restartedMain] DEBUG c.sisco_e.escola.SiscoEApplication - Running with Spring Boot v4.0.7, Spring v7.0.8
2026-10-09 10:46:18 [restartedMain] INFO  c.sisco_e.escola.SiscoEApplication - No active profile set, falling back to 1 default profile: "default"
2026-10-09 10:46:19 [restartedMain] INFO  o.s.d.r.c.RepositoryConfigurationDelegate - Multiple Spring Data modules found, entering strict repository configuration mode
2026-10-09 10:46:19 [restartedMain] INFO  o.s.d.r.c.RepositoryConfigurationDelegate - Bootstrapping Spring Data Redis repositories in DEFAULT mode.
2026-10-09 10:46:19 [restartedMain] INFO  o.s.d.r.c.RepositoryConfigurationExtensionSupport - Spring Data Redis - Could not safely identify store assignment for repository candidate interface com.sisco_e.escola.model.repository.ContratoInternetRepository; If you want this repository to be a Redis repository, consider annotating your entities with one of these annotations: org.springframework.data.redis.core.RedisHash (preferred), or consider extending one of the following types with your repository: org.springframework.data.keyvalue.repository.KeyValueRepository
2026-10-09 10:46:19 [restartedMain] INFO  o.s.d.r.c.RepositoryConfigurationExtensionSupport - Spring Data Redis - Could not safely identify store assignment for repository candidate interface com.sisco_e.escola.model.repository.DiretorRepository; If you want this repository to be a Redis repository, consider annotating your entities with one of these annotations: org.springframework.data.redis.core.RedisHash (preferred), or consider extending one of the following types with your repository: org.springframework.data.keyvalue.repository.KeyValueRepository
2026-10-09 10:46:19 [restartedMain] INFO  o.s.d.r.c.RepositoryConfigurationExtensionSupport - Spring Data Redis - Could not safely identify store assignment for repository candidate interface com.sisco_e.escola.model.repository.EscolaRepository; If you want this repository to be a Redis repository, consider annotating your entities with one of these annotations: org.springframework.data.redis.core.RedisHash (preferred), or consider extending one of the following types with your repository: org.springframework.data.keyvalue.repository.KeyValueRepository
2026-10-09 10:46:19 [restartedMain] INFO  o.s.d.r.c.RepositoryConfigurationExtensionSupport - Spring Data Redis - Could not safely identify store assignment for repository candidate interface com.sisco_e.escola.model.repository.LinkInternetRepository; If you want this repository to be a Redis repository, consider annotating your entities with one of these annotations: org.springframework.data.redis.core.RedisHash (preferred), or consider extending one of the following types with your repository: org.springframework.data.keyvalue.repository.KeyValueRepository
2026-10-09 10:46:19 [restartedMain] INFO  o.s.d.r.c.RepositoryConfigurationExtensionSupport - Spring Data Redis - Could not safely identify store assignment for repository candidate interface com.sisco_e.escola.model.repository.ProvedorInternetRepository; If you want this repository to be a Redis repository, consider annotating your entities with one of these annotations: org.springframework.data.redis.core.RedisHash (preferred), or consider extending one of the following types with your repository: org.springframework.data.keyvalue.repository.KeyValueRepository
2026-10-09 10:46:19 [restartedMain] INFO  o.s.d.r.c.RepositoryConfigurationExtensionSupport - Spring Data Redis - Could not safely identify store assignment for repository candidate interface com.sisco_e.escola.model.repository.UsuarioRepository; If you want this repository to be a Redis repository, consider annotating your entities with one of these annotations: org.springframework.data.redis.core.RedisHash (preferred), or consider extending one of the following types with your repository: org.springframework.data.keyvalue.repository.KeyValueRepository
2026-10-09 10:46:19 [restartedMain] INFO  o.s.d.r.c.RepositoryConfigurationDelegate - Finished Spring Data repository scanning in 33 ms. Found 1 Redis repository interface.
2026-10-09 10:46:19 [restartedMain] INFO  o.s.d.r.c.RepositoryConfigurationDelegate - Multiple Spring Data modules found, entering strict repository configuration mode
2026-10-09 10:46:19 [restartedMain] INFO  o.s.d.r.c.RepositoryConfigurationDelegate - Bootstrapping Spring Data JPA repositories in DEFAULT mode.
2026-10-09 10:46:19 [restartedMain] INFO  o.s.d.r.c.RepositoryConfigurationExtensionSupport - Spring Data JPA - Could not safely identify store assignment for repository candidate interface com.sisco_e.escola.model.repository.RefreshTokenRepository; If you want this repository to be a JPA repository, consider annotating your entities with one of these annotations: jakarta.persistence.Entity, jakarta.persistence.MappedSuperclass (preferred), or consider extending one of the following types with your repository: org.springframework.data.jpa.repository.JpaRepository
2026-10-09 10:46:19 [restartedMain] INFO  o.s.d.r.c.RepositoryConfigurationDelegate - Finished Spring Data repository scanning in 32 ms. Found 6 JPA repository interfaces.
2026-10-09 10:46:19 [restartedMain] INFO  o.s.boot.tomcat.TomcatWebServer - Tomcat initialized with port 8080 (http)
2026-10-09 10:46:19 [restartedMain] INFO  o.a.catalina.core.StandardService - Starting service [Tomcat]
2026-10-09 10:46:19 [restartedMain] INFO  o.a.catalina.core.StandardEngine - Starting Servlet engine: [Apache Tomcat/11.0.22]
2026-10-09 10:46:19 [restartedMain] INFO  o.s.b.w.c.s.WebApplicationContextInitializer - Root WebApplicationContext: initialization completed in 1426 ms
2026-10-09 10:46:20 [restartedMain] INFO  org.hibernate.orm.jpa - HHH008540: Processing PersistenceUnitInfo [name: default]
2026-10-09 10:46:20 [restartedMain] INFO  o.h.e.b.internal.EnversServiceImpl - Envers integration enabled? : true
2026-10-09 10:46:20 [restartedMain] INFO  o.s.o.j.p.SpringPersistenceUnitInfo - No LoadTimeWeaver setup: ignoring JPA class transformer
2026-10-09 10:46:20 [restartedMain] INFO  com.zaxxer.hikari.HikariDataSource - HikariPool-17 - Starting...
2026-10-09 10:46:20 [restartedMain] INFO  com.zaxxer.hikari.pool.HikariPool - HikariPool-17 - Added connection org.postgresql.jdbc.PgConnection@7fe17ed
2026-10-09 10:46:20 [restartedMain] INFO  com.zaxxer.hikari.HikariDataSource - HikariPool-17 - Start completed.
2026-10-09 10:46:20 [restartedMain] INFO  o.hibernate.orm.connections.pooling - HHH10001005: Database info:
	Database JDBC URL [jdbc:postgresql://localhost:5432/sisco]
	Database driver: PostgreSQL JDBC Driver
	Database dialect: PostgreSQLDialect
	Database version: 18.6
	Default catalog/schema: sisco/public
	Autocommit mode: undefined/unknown
	Isolation level: READ_COMMITTED [default READ_COMMITTED]
	JDBC fetch size: none
	Pool: DataSourceConnectionProvider
	Minimum pool size: undefined/unknown
	Maximum pool size: undefined/unknown
2026-10-09 10:46:20 [restartedMain] INFO  o.h.e.c.i.m.AuditMetadataGenerator - Adding properties for entity: com.sisco_e.escola.model.entity.Escola
2026-10-09 10:46:20 [restartedMain] INFO  o.h.e.c.i.m.AuditMetadataGenerator - Adding properties for entity: com.sisco_e.escola.model.entity.Diretor
2026-10-09 10:46:20 [restartedMain] INFO  o.h.e.c.i.m.AuditMetadataGenerator - Adding properties for entity: com.sisco_e.escola.model.entity.Usuario
2026-10-09 10:46:20 [restartedMain] INFO  org.hibernate.orm.core - HHH000489: No JTA platform available (set 'hibernate.transaction.jta.platform' to enable JTA platform integration)
2026-10-09 10:46:21 [restartedMain] WARN  o.h.t.s.i.ExceptionHandlerLoggedImpl - GenerationTarget encountered exception accepting command : Error executing DDL "
    create table siscoescola.tb_contrato_net (
        data_contratacao date not null,
        data_fim_contrato date,
        valor_mensal NUMERIC(10,2) not null,
        data_atualizacao timestamp(6) with time zone not null,
        data_cadastro timestamp(6) with time zone not null,
        uuid_contrato_net uuid not null,
        uuid_escola uuid not null,
        uuid_provedor uuid not null,
        status CHARACTER VARYING(20) not null check ((status in ('ATIVO','CANCELADO','SUSPENSO'))),
        velocidade varchar(255) not null,
        primary key (uuid_contrato_net),
        constraint uk_contratos_internet_escola_provedor_data unique (uuid_escola, uuid_provedor, data_contratacao)
    )" via JDBC [ERRO: relação "uk_contratos_internet_escola_provedor_data" já existe]
org.hibernate.tool.schema.spi.CommandAcceptanceException: Error executing DDL "
    create table siscoescola.tb_contrato_net (
        data_contratacao date not null,
        data_fim_contrato date,
        valor_mensal NUMERIC(10,2) not null,
        data_atualizacao timestamp(6) with time zone not null,
        data_cadastro timestamp(6) with time zone not null,
        uuid_contrato_net uuid not null,
        uuid_escola uuid not null,
        uuid_provedor uuid not null,
        status CHARACTER VARYING(20) not null check ((status in ('ATIVO','CANCELADO','SUSPENSO'))),
        velocidade varchar(255) not null,
        primary key (uuid_contrato_net),
        constraint uk_contratos_internet_escola_provedor_data unique (uuid_escola, uuid_provedor, data_contratacao)
    )" via JDBC [ERRO: relação "uk_contratos_internet_escola_provedor_data" já existe]
	at org.hibernate.tool.schema.internal.exec.GenerationTargetToDatabase.accept(GenerationTargetToDatabase.java:81) ~[hibernate-core-7.2.19.Final.jar:7.2.19.Final]
	at org.hibernate.tool.schema.internal.Helper.applySqlString(Helper.java:218) ~[hibernate-core-7.2.19.Final.jar:7.2.19.Final]
	at org.hibernate.tool.schema.internal.Helper.applySqlStrings(Helper.java:204) ~[hibernate-core-7.2.19.Final.jar:7.2.19.Final]
	at org.hibernate.tool.schema.internal.SchemaCreatorImpl.createTables(SchemaCreatorImpl.java:404) ~[hibernate-core-7.2.19.Final.jar:7.2.19.Final]
	at org.hibernate.tool.schema.internal.SchemaCreatorImpl.createSequencesTablesConstraints(SchemaCreatorImpl.java:320) ~[hibernate-core-7.2.19.Final.jar:7.2.19.Final]
	at org.hibernate.tool.schema.internal.SchemaCreatorImpl.createFromMetadata(SchemaCreatorImpl.java:215) ~[hibernate-core-7.2.19.Final.jar:7.2.19.Final]
	at org.hibernate.tool.schema.internal.SchemaCreatorImpl.performCreation(SchemaCreatorImpl.java:151) ~[hibernate-core-7.2.19.Final.jar:7.2.19.Final]
	at org.hibernate.tool.schema.internal.SchemaCreatorImpl.doCreation(SchemaCreatorImpl.java:121) ~[hibernate-core-7.2.19.Final.jar:7.2.19.Final]
	at org.hibernate.tool.schema.internal.SchemaCreatorImpl.doCreation(SchemaCreatorImpl.java:97) ~[hibernate-core-7.2.19.Final.jar:7.2.19.Final]
	at org.hibernate.tool.schema.spi.SchemaManagementToolCoordinator.performDatabaseAction(SchemaManagementToolCoordinator.java:239) ~[hibernate-core-7.2.19.Final.jar:7.2.19.Final]
	at org.hibernate.tool.schema.spi.SchemaManagementToolCoordinator.lambda$process$1(SchemaManagementToolCoordinator.java:101) ~[hibernate-core-7.2.19.Final.jar:7.2.19.Final]
	at java.base/java.util.HashMap.forEach(HashMap.java:1429) ~[na:na]
	at org.hibernate.tool.schema.spi.SchemaManagementToolCoordinator.process(SchemaManagementToolCoordinator.java:100) ~[hibernate-core-7.2.19.Final.jar:7.2.19.Final]
	at org.hibernate.boot.internal.SessionFactoryObserverForSchemaExport.sessionFactoryCreated(SessionFactoryObserverForSchemaExport.java:35) ~[hibernate-core-7.2.19.Final.jar:7.2.19.Final]
	at org.hibernate.internal.SessionFactoryObserverChain.sessionFactoryCreated(SessionFactoryObserverChain.java:33) ~[hibernate-core-7.2.19.Final.jar:7.2.19.Final]
	at org.hibernate.internal.SessionFactoryImpl.<init>(SessionFactoryImpl.java:323) ~[hibernate-core-7.2.19.Final.jar:7.2.19.Final]
	at org.hibernate.internal.SessionFactoryRegistry.instantiateSessionFactory(SessionFactoryRegistry.java:64) ~[hibernate-core-7.2.19.Final.jar:7.2.19.Final]
	at org.hibernate.boot.internal.SessionFactoryBuilderImpl.build(SessionFactoryBuilderImpl.java:437) ~[hibernate-core-7.2.19.Final.jar:7.2.19.Final]
	at org.hibernate.jpa.boot.internal.EntityManagerFactoryBuilderImpl.build(EntityManagerFactoryBuilderImpl.java:1456) ~[hibernate-core-7.2.19.Final.jar:7.2.19.Final]
	at org.springframework.orm.jpa.vendor.SpringHibernateJpaPersistenceProvider.createContainerEntityManagerFactory(SpringHibernateJpaPersistenceProvider.java:93) ~[spring-orm-7.0.8.jar:7.0.8]
	at org.springframework.orm.jpa.LocalContainerEntityManagerFactoryBean.createNativeEntityManagerFactory(LocalContainerEntityManagerFactoryBean.java:443) ~[spring-orm-7.0.8.jar:7.0.8]
	at org.springframework.orm.jpa.AbstractEntityManagerFactoryBean.buildNativeEntityManagerFactory(AbstractEntityManagerFactoryBean.java:436) ~[spring-orm-7.0.8.jar:7.0.8]
	at org.springframework.orm.jpa.AbstractEntityManagerFactoryBean.afterPropertiesSet(AbstractEntityManagerFactoryBean.java:411) ~[spring-orm-7.0.8.jar:7.0.8]
	at org.springframework.orm.jpa.LocalContainerEntityManagerFactoryBean.afterPropertiesSet(LocalContainerEntityManagerFactoryBean.java:419) ~[spring-orm-7.0.8.jar:7.0.8]
	at org.springframework.beans.factory.support.AbstractAutowireCapableBeanFactory.invokeInitMethods(AbstractAutowireCapableBeanFactory.java:1862) ~[spring-beans-7.0.8.jar:7.0.8]
	at org.springframework.beans.factory.support.AbstractAutowireCapableBeanFactory.initializeBean(AbstractAutowireCapableBeanFactory.java:1811) ~[spring-beans-7.0.8.jar:7.0.8]
	at org.springframework.beans.factory.support.AbstractAutowireCapableBeanFactory.doCreateBean(AbstractAutowireCapableBeanFactory.java:603) ~[spring-beans-7.0.8.jar:7.0.8]
	at org.springframework.beans.factory.support.AbstractAutowireCapableBeanFactory.createBean(AbstractAutowireCapableBeanFactory.java:525) ~[spring-beans-7.0.8.jar:7.0.8]
	at org.springframework.beans.factory.support.AbstractBeanFactory.lambda$doGetBean$0(AbstractBeanFactory.java:333) ~[spring-beans-7.0.8.jar:7.0.8]
	at org.springframework.beans.factory.support.DefaultSingletonBeanRegistry.getSingleton(DefaultSingletonBeanRegistry.java:371) ~[spring-beans-7.0.8.jar:7.0.8]
	at org.springframework.beans.factory.support.AbstractBeanFactory.doGetBean(AbstractBeanFactory.java:331) ~[spring-beans-7.0.8.jar:7.0.8]
	at org.springframework.beans.factory.support.AbstractBeanFactory.getBean(AbstractBeanFactory.java:196) ~[spring-beans-7.0.8.jar:7.0.8]
	at org.springframework.beans.factory.support.BeanDefinitionValueResolver.resolveReference(BeanDefinitionValueResolver.java:365) ~[spring-beans-7.0.8.jar:7.0.8]
	at org.springframework.beans.factory.support.BeanDefinitionValueResolver.resolveValueIfNecessary(BeanDefinitionValueResolver.java:135) ~[spring-beans-7.0.8.jar:7.0.8]
	at org.springframework.beans.factory.support.ConstructorResolver.resolveConstructorArguments(ConstructorResolver.java:691) ~[spring-beans-7.0.8.jar:7.0.8]
	at org.springframework.beans.factory.support.ConstructorResolver.instantiateUsingFactoryMethod(ConstructorResolver.java:513) ~[spring-beans-7.0.8.jar:7.0.8]
	at org.springframework.beans.factory.support.AbstractAutowireCapableBeanFactory.instantiateUsingFactoryMethod(AbstractAutowireCapableBeanFactory.java:1360) ~[spring-beans-7.0.8.jar:7.0.8]
	at org.springframework.beans.factory.support.AbstractAutowireCapableBeanFactory.createBeanInstance(AbstractAutowireCapableBeanFactory.java:1192) ~[spring-beans-7.0.8.jar:7.0.8]
	at org.springframework.beans.factory.support.AbstractAutowireCapableBeanFactory.doCreateBean(AbstractAutowireCapableBeanFactory.java:565) ~[spring-beans-7.0.8.jar:7.0.8]
	at org.springframework.beans.factory.support.AbstractAutowireCapableBeanFactory.createBean(AbstractAutowireCapableBeanFactory.java:525) ~[spring-beans-7.0.8.jar:7.0.8]
	at org.springframework.beans.factory.support.AbstractBeanFactory.lambda$doGetBean$0(AbstractBeanFactory.java:333) ~[spring-beans-7.0.8.jar:7.0.8]
	at org.springframework.beans.factory.support.DefaultSingletonBeanRegistry.getSingleton(DefaultSingletonBeanRegistry.java:371) ~[spring-beans-7.0.8.jar:7.0.8]
	at org.springframework.beans.factory.support.AbstractBeanFactory.doGetBean(AbstractBeanFactory.java:331) ~[spring-beans-7.0.8.jar:7.0.8]
	at org.springframework.beans.factory.support.AbstractBeanFactory.getBean(AbstractBeanFactory.java:201) ~[spring-beans-7.0.8.jar:7.0.8]
	at org.springframework.beans.factory.support.BeanDefinitionValueResolver.resolveReference(BeanDefinitionValueResolver.java:356) ~[spring-beans-7.0.8.jar:7.0.8]
	at org.springframework.beans.factory.support.BeanDefinitionValueResolver.resolveValueIfNecessary(BeanDefinitionValueResolver.java:135) ~[spring-beans-7.0.8.jar:7.0.8]
	at org.springframework.beans.factory.support.AbstractAutowireCapableBeanFactory.applyPropertyValues(AbstractAutowireCapableBeanFactory.java:1710) ~[spring-beans-7.0.8.jar:7.0.8]
	at org.springframework.beans.factory.support.AbstractAutowireCapableBeanFactory.populateBean(AbstractAutowireCapableBeanFactory.java:1459) ~[spring-beans-7.0.8.jar:7.0.8]
	at org.springframework.beans.factory.support.AbstractAutowireCapableBeanFactory.doCreateBean(AbstractAutowireCapableBeanFactory.java:602) ~[spring-beans-7.0.8.jar:7.0.8]
	at org.springframework.beans.factory.support.AbstractAutowireCapableBeanFactory.createBean(AbstractAutowireCapableBeanFactory.java:525) ~[spring-beans-7.0.8.jar:7.0.8]
	at org.springframework.beans.factory.support.AbstractBeanFactory.lambda$doGetBean$0(AbstractBeanFactory.java:333) ~[spring-beans-7.0.8.jar:7.0.8]
	at org.springframework.beans.factory.support.DefaultSingletonBeanRegistry.getSingleton(DefaultSingletonBeanRegistry.java:371) ~[spring-beans-7.0.8.jar:7.0.8]
	at org.springframework.beans.factory.support.AbstractBeanFactory.doGetBean(AbstractBeanFactory.java:331) ~[spring-beans-7.0.8.jar:7.0.8]
	at org.springframework.beans.factory.support.AbstractBeanFactory.getBean(AbstractBeanFactory.java:201) ~[spring-beans-7.0.8.jar:7.0.8]
	at org.springframework.beans.factory.support.DefaultListableBeanFactory.resolveBean(DefaultListableBeanFactory.java:1232) ~[spring-beans-7.0.8.jar:7.0.8]
	at org.springframework.beans.factory.support.DefaultListableBeanFactory.doResolveDependency(DefaultListableBeanFactory.java:1711) ~[spring-beans-7.0.8.jar:7.0.8]
	at org.springframework.beans.factory.support.DefaultListableBeanFactory.resolveDependency(DefaultListableBeanFactory.java:1658) ~[spring-beans-7.0.8.jar:7.0.8]
	at org.springframework.beans.factory.support.ConstructorResolver.resolveAutowiredArgument(ConstructorResolver.java:912) ~[spring-beans-7.0.8.jar:7.0.8]
	at org.springframework.beans.factory.support.ConstructorResolver.createArgumentArray(ConstructorResolver.java:791) ~[spring-beans-7.0.8.jar:7.0.8]
	at org.springframework.beans.factory.support.ConstructorResolver.autowireConstructor(ConstructorResolver.java:240) ~[spring-beans-7.0.8.jar:7.0.8]
	at org.springframework.beans.factory.support.AbstractAutowireCapableBeanFactory.autowireConstructor(AbstractAutowireCapableBeanFactory.java:1380) ~[spring-beans-7.0.8.jar:7.0.8]
	at org.springframework.beans.factory.support.AbstractAutowireCapableBeanFactory.createBeanInstance(AbstractAutowireCapableBeanFactory.java:1219) ~[spring-beans-7.0.8.jar:7.0.8]
	at org.springframework.beans.factory.support.AbstractAutowireCapableBeanFactory.doCreateBean(AbstractAutowireCapableBeanFactory.java:565) ~[spring-beans-7.0.8.jar:7.0.8]
	at org.springframework.beans.factory.support.AbstractAutowireCapableBeanFactory.createBean(AbstractAutowireCapableBeanFactory.java:525) ~[spring-beans-7.0.8.jar:7.0.8]
	at org.springframework.beans.factory.support.AbstractBeanFactory.lambda$doGetBean$0(AbstractBeanFactory.java:333) ~[spring-beans-7.0.8.jar:7.0.8]
	at org.springframework.beans.factory.support.DefaultSingletonBeanRegistry.getSingleton(DefaultSingletonBeanRegistry.java:371) ~[spring-beans-7.0.8.jar:7.0.8]
	at org.springframework.beans.factory.support.AbstractBeanFactory.doGetBean(AbstractBeanFactory.java:331) ~[spring-beans-7.0.8.jar:7.0.8]
	at org.springframework.beans.factory.support.AbstractBeanFactory.getBean(AbstractBeanFactory.java:201) ~[spring-beans-7.0.8.jar:7.0.8]
	at org.springframework.beans.factory.config.DependencyDescriptor.resolveCandidate(DependencyDescriptor.java:229) ~[spring-beans-7.0.8.jar:7.0.8]
	at org.springframework.beans.factory.support.DefaultListableBeanFactory.doResolveDependency(DefaultListableBeanFactory.java:1769) ~[spring-beans-7.0.8.jar:7.0.8]
	at org.springframework.beans.factory.support.DefaultListableBeanFactory.resolveDependency(DefaultListableBeanFactory.java:1658) ~[spring-beans-7.0.8.jar:7.0.8]
	at org.springframework.beans.factory.support.ConstructorResolver.resolveAutowiredArgument(ConstructorResolver.java:912) ~[spring-beans-7.0.8.jar:7.0.8]
	at org.springframework.beans.factory.support.ConstructorResolver.createArgumentArray(ConstructorResolver.java:791) ~[spring-beans-7.0.8.jar:7.0.8]
	at org.springframework.beans.factory.support.ConstructorResolver.autowireConstructor(ConstructorResolver.java:240) ~[spring-beans-7.0.8.jar:7.0.8]
	at org.springframework.beans.factory.support.AbstractAutowireCapableBeanFactory.autowireConstructor(AbstractAutowireCapableBeanFactory.java:1380) ~[spring-beans-7.0.8.jar:7.0.8]
	at org.springframework.beans.factory.support.AbstractAutowireCapableBeanFactory.createBeanInstance(AbstractAutowireCapableBeanFactory.java:1219) ~[spring-beans-7.0.8.jar:7.0.8]
	at org.springframework.beans.factory.support.AbstractAutowireCapableBeanFactory.doCreateBean(AbstractAutowireCapableBeanFactory.java:565) ~[spring-beans-7.0.8.jar:7.0.8]
	at org.springframework.beans.factory.support.AbstractAutowireCapableBeanFactory.createBean(AbstractAutowireCapableBeanFactory.java:525) ~[spring-beans-7.0.8.jar:7.0.8]
	at org.springframework.beans.factory.support.AbstractBeanFactory.lambda$doGetBean$0(AbstractBeanFactory.java:333) ~[spring-beans-7.0.8.jar:7.0.8]
	at org.springframework.beans.factory.support.DefaultSingletonBeanRegistry.getSingleton(DefaultSingletonBeanRegistry.java:371) ~[spring-beans-7.0.8.jar:7.0.8]
	at org.springframework.beans.factory.support.AbstractBeanFactory.doGetBean(AbstractBeanFactory.java:331) ~[spring-beans-7.0.8.jar:7.0.8]
	at org.springframework.beans.factory.support.AbstractBeanFactory.getBean(AbstractBeanFactory.java:201) ~[spring-beans-7.0.8.jar:7.0.8]
	at org.springframework.boot.web.servlet.ServletContextInitializerBeans.getOrderedBeansOfType(ServletContextInitializerBeans.java:231) ~[spring-boot-4.0.7.jar:4.0.7]
	at org.springframework.boot.web.servlet.ServletContextInitializerBeans.addAsRegistrationBean(ServletContextInitializerBeans.java:185) ~[spring-boot-4.0.7.jar:4.0.7]
	at org.springframework.boot.web.servlet.ServletContextInitializerBeans.addAsRegistrationBean(ServletContextInitializerBeans.java:180) ~[spring-boot-4.0.7.jar:4.0.7]
	at org.springframework.boot.web.servlet.ServletContextInitializerBeans.addAdaptableBeans(ServletContextInitializerBeans.java:165) ~[spring-boot-4.0.7.jar:4.0.7]
	at org.springframework.boot.web.servlet.ServletContextInitializerBeans.<init>(ServletContextInitializerBeans.java:97) ~[spring-boot-4.0.7.jar:4.0.7]
	at org.springframework.boot.web.context.servlet.WebApplicationContextInitializer.initialize(WebApplicationContextInitializer.java:53) ~[spring-boot-4.0.7.jar:4.0.7]
	at org.springframework.boot.tomcat.servlet.DeferredServletContainerInitializers.onStartup(DeferredServletContainerInitializers.java:55) ~[spring-boot-tomcat-4.0.7.jar:4.0.7]
	at org.apache.catalina.core.StandardContext.startInternal(StandardContext.java:4420) ~[tomcat-embed-core-11.0.22.jar:11.0.22]
	at org.apache.catalina.util.LifecycleBase.start(LifecycleBase.java:164) ~[tomcat-embed-core-11.0.22.jar:11.0.22]
	at org.apache.catalina.core.ContainerBase$StartChild.call(ContainerBase.java:1162) ~[tomcat-embed-core-11.0.22.jar:11.0.22]
	at org.apache.catalina.core.ContainerBase$StartChild.call(ContainerBase.java:1158) ~[tomcat-embed-core-11.0.22.jar:11.0.22]
	at java.base/java.util.concurrent.FutureTask.run(FutureTask.java:317) ~[na:na]
	at org.apache.tomcat.util.threads.InlineExecutorService.execute(InlineExecutorService.java:81) ~[tomcat-embed-core-11.0.22.jar:11.0.22]
	at java.base/java.util.concurrent.AbstractExecutorService.submit(AbstractExecutorService.java:145) ~[na:na]
	at org.apache.catalina.core.ContainerBase.startInternal(ContainerBase.java:714) ~[tomcat-embed-core-11.0.22.jar:11.0.22]
	at org.apache.catalina.core.StandardHost.startInternal(StandardHost.java:780) ~[tomcat-embed-core-11.0.22.jar:11.0.22]
	at org.apache.catalina.util.LifecycleBase.start(LifecycleBase.java:164) ~[tomcat-embed-core-11.0.22.jar:11.0.22]
	at org.apache.catalina.core.ContainerBase$StartChild.call(ContainerBase.java:1162) ~[tomcat-embed-core-11.0.22.jar:11.0.22]
	at org.apache.catalina.core.ContainerBase$StartChild.call(ContainerBase.java:1158) ~[tomcat-embed-core-11.0.22.jar:11.0.22]
	at java.base/java.util.concurrent.FutureTask.run(FutureTask.java:317) ~[na:na]
	at org.apache.tomcat.util.threads.InlineExecutorService.execute(InlineExecutorService.java:81) ~[tomcat-embed-core-11.0.22.jar:11.0.22]
	at java.base/java.util.concurrent.AbstractExecutorService.submit(AbstractExecutorService.java:145) ~[na:na]
	at org.apache.catalina.core.ContainerBase.startInternal(ContainerBase.java:714) ~[tomcat-embed-core-11.0.22.jar:11.0.22]
	at org.apache.catalina.core.StandardEngine.startInternal(StandardEngine.java:201) ~[tomcat-embed-core-11.0.22.jar:11.0.22]
	at org.apache.catalina.util.LifecycleBase.start(LifecycleBase.java:164) ~[tomcat-embed-core-11.0.22.jar:11.0.22]
	at org.apache.catalina.core.StandardService.startInternal(StandardService.java:410) ~[tomcat-embed-core-11.0.22.jar:11.0.22]
	at org.apache.catalina.util.LifecycleBase.start(LifecycleBase.java:164) ~[tomcat-embed-core-11.0.22.jar:11.0.22]
	at org.apache.catalina.core.StandardServer.startInternal(StandardServer.java:864) ~[tomcat-embed-core-11.0.22.jar:11.0.22]
	at org.apache.catalina.util.LifecycleBase.start(LifecycleBase.java:164) ~[tomcat-embed-core-11.0.22.jar:11.0.22]
	at org.apache.catalina.startup.Tomcat.start(Tomcat.java:435) ~[tomcat-embed-core-11.0.22.jar:11.0.22]
	at org.springframework.boot.tomcat.TomcatWebServer.initialize(TomcatWebServer.java:131) ~[spring-boot-tomcat-4.0.7.jar:4.0.7]
	at org.springframework.boot.tomcat.TomcatWebServer.<init>(TomcatWebServer.java:110) ~[spring-boot-tomcat-4.0.7.jar:4.0.7]
	at org.springframework.boot.tomcat.servlet.TomcatServletWebServerFactory.getTomcatWebServer(TomcatServletWebServerFactory.java:408) ~[spring-boot-tomcat-4.0.7.jar:4.0.7]
	at org.springframework.boot.tomcat.servlet.TomcatServletWebServerFactory.getWebServer(TomcatServletWebServerFactory.java:166) ~[spring-boot-tomcat-4.0.7.jar:4.0.7]
	at org.springframework.boot.web.server.servlet.context.ServletWebServerApplicationContext.createWebServer(ServletWebServerApplicationContext.java:190) ~[spring-boot-web-server-4.0.7.jar:4.0.7]
	at org.springframework.boot.web.server.servlet.context.ServletWebServerApplicationContext.onRefresh(ServletWebServerApplicationContext.java:164) ~[spring-boot-web-server-4.0.7.jar:4.0.7]
	at org.springframework.context.support.AbstractApplicationContext.refresh(AbstractApplicationContext.java:615) ~[spring-context-7.0.8.jar:7.0.8]
	at org.springframework.boot.web.server.servlet.context.ServletWebServerApplicationContext.refresh(ServletWebServerApplicationContext.java:143) ~[spring-boot-web-server-4.0.7.jar:4.0.7]
	at org.springframework.boot.SpringApplication.refresh(SpringApplication.java:756) ~[spring-boot-4.0.7.jar:4.0.7]
	at org.springframework.boot.SpringApplication.refreshContext(SpringApplication.java:445) ~[spring-boot-4.0.7.jar:4.0.7]
	at org.springframework.boot.SpringApplication.run(SpringApplication.java:321) ~[spring-boot-4.0.7.jar:4.0.7]
	at org.springframework.boot.SpringApplication.run(SpringApplication.java:1365) ~[spring-boot-4.0.7.jar:4.0.7]
	at org.springframework.boot.SpringApplication.run(SpringApplication.java:1354) ~[spring-boot-4.0.7.jar:4.0.7]
	at com.sisco_e.escola.SiscoEApplication.main(SiscoEApplication.java:12) ~[classes/:na]
	at java.base/jdk.internal.reflect.DirectMethodHandleAccessor.invoke(DirectMethodHandleAccessor.java:103) ~[na:na]
	at java.base/java.lang.reflect.Method.invoke(Method.java:580) ~[na:na]
	at org.springframework.boot.devtools.restart.RestartLauncher.run(RestartLauncher.java:52) ~[spring-boot-devtools-4.0.7.jar:4.0.7]
Caused by: org.postgresql.util.PSQLException: ERRO: relação "uk_contratos_internet_escola_provedor_data" já existe
	at org.postgresql.core.v3.QueryExecutorImpl.receiveErrorResponse(QueryExecutorImpl.java:2904) ~[postgresql-42.7.11.jar:42.7.11]
	at org.postgresql.core.v3.QueryExecutorImpl.processResults(QueryExecutorImpl.java:2589) ~[postgresql-42.7.11.jar:42.7.11]
	at org.postgresql.core.v3.QueryExecutorImpl.execute(QueryExecutorImpl.java:431) ~[postgresql-42.7.11.jar:42.7.11]
	at org.postgresql.jdbc.PgStatement.executeInternal(PgStatement.java:534) ~[postgresql-42.7.11.jar:42.7.11]
	at org.postgresql.jdbc.PgStatement.execute(PgStatement.java:437) ~[postgresql-42.7.11.jar:42.7.11]
	at org.postgresql.jdbc.PgStatement.executeWithFlags(PgStatement.java:359) ~[postgresql-42.7.11.jar:42.7.11]
	at org.postgresql.jdbc.PgStatement.executeCachedSql(PgStatement.java:344) ~[postgresql-42.7.11.jar:42.7.11]
	at org.postgresql.jdbc.PgStatement.executeWithFlags(PgStatement.java:320) ~[postgresql-42.7.11.jar:42.7.11]
	at org.postgresql.jdbc.PgStatement.execute(PgStatement.java:315) ~[postgresql-42.7.11.jar:42.7.11]
	at com.zaxxer.hikari.pool.ProxyStatement.execute(ProxyStatement.java:95) ~[HikariCP-7.0.2.jar:na]
	at com.zaxxer.hikari.pool.HikariProxyStatement.execute(HikariProxyStatement.java) ~[HikariCP-7.0.2.jar:na]
	at org.hibernate.tool.schema.internal.exec.GenerationTargetToDatabase.accept(GenerationTargetToDatabase.java:76) ~[hibernate-core-7.2.19.Final.jar:7.2.19.Final]
	... 128 common frames omitted
2026-10-09 10:46:21 [restartedMain] WARN  o.h.t.s.i.ExceptionHandlerLoggedImpl - GenerationTarget encountered exception accepting command : Error executing DDL "
    alter table if exists siscoescola.tb_link_internet 
       add constraint FKbpujcjql7m3e4biq28wtq5lte 
       foreign key (uuid_contrato_net) 
       references siscoescola.tb_contrato_net" via JDBC [ERRO: relação "siscoescola.tb_contrato_net" não existe]
org.hibernate.tool.schema.spi.CommandAcceptanceException: Error executing DDL "
    alter table if exists siscoescola.tb_link_internet 
       add constraint FKbpujcjql7m3e4biq28wtq5lte 
       foreign key (uuid_contrato_net) 
       references siscoescola.tb_contrato_net" via JDBC [ERRO: relação "siscoescola.tb_contrato_net" não existe]
	at org.hibernate.tool.schema.internal.exec.GenerationTargetToDatabase.accept(GenerationTargetToDatabase.java:81) ~[hibernate-core-7.2.19.Final.jar:7.2.19.Final]
	at org.hibernate.tool.schema.internal.Helper.applySqlString(Helper.java:218) ~[hibernate-core-7.2.19.Final.jar:7.2.19.Final]
	at org.hibernate.tool.schema.internal.Helper.applySqlStrings(Helper.java:204) ~[hibernate-core-7.2.19.Final.jar:7.2.19.Final]
	at org.hibernate.tool.schema.internal.SchemaCreatorImpl.createForeignKeys(SchemaCreatorImpl.java:281) ~[hibernate-core-7.2.19.Final.jar:7.2.19.Final]
	at org.hibernate.tool.schema.internal.SchemaCreatorImpl.createFromMetadata(SchemaCreatorImpl.java:227) ~[hibernate-core-7.2.19.Final.jar:7.2.19.Final]
	at org.hibernate.tool.schema.internal.SchemaCreatorImpl.performCreation(SchemaCreatorImpl.java:151) ~[hibernate-core-7.2.19.Final.jar:7.2.19.Final]
	at org.hibernate.tool.schema.internal.SchemaCreatorImpl.doCreation(SchemaCreatorImpl.java:121) ~[hibernate-core-7.2.19.Final.jar:7.2.19.Final]
	at org.hibernate.tool.schema.internal.SchemaCreatorImpl.doCreation(SchemaCreatorImpl.java:97) ~[hibernate-core-7.2.19.Final.jar:7.2.19.Final]
	at org.hibernate.tool.schema.spi.SchemaManagementToolCoordinator.performDatabaseAction(SchemaManagementToolCoordinator.java:239) ~[hibernate-core-7.2.19.Final.jar:7.2.19.Final]
	at org.hibernate.tool.schema.spi.SchemaManagementToolCoordinator.lambda$process$1(SchemaManagementToolCoordinator.java:101) ~[hibernate-core-7.2.19.Final.jar:7.2.19.Final]
	at java.base/java.util.HashMap.forEach(HashMap.java:1429) ~[na:na]
	at org.hibernate.tool.schema.spi.SchemaManagementToolCoordinator.process(SchemaManagementToolCoordinator.java:100) ~[hibernate-core-7.2.19.Final.jar:7.2.19.Final]
	at org.hibernate.boot.internal.SessionFactoryObserverForSchemaExport.sessionFactoryCreated(SessionFactoryObserverForSchemaExport.java:35) ~[hibernate-core-7.2.19.Final.jar:7.2.19.Final]
	at org.hibernate.internal.SessionFactoryObserverChain.sessionFactoryCreated(SessionFactoryObserverChain.java:33) ~[hibernate-core-7.2.19.Final.jar:7.2.19.Final]
	at org.hibernate.internal.SessionFactoryImpl.<init>(SessionFactoryImpl.java:323) ~[hibernate-core-7.2.19.Final.jar:7.2.19.Final]
	at org.hibernate.internal.SessionFactoryRegistry.instantiateSessionFactory(SessionFactoryRegistry.java:64) ~[hibernate-core-7.2.19.Final.jar:7.2.19.Final]
	at org.hibernate.boot.internal.SessionFactoryBuilderImpl.build(SessionFactoryBuilderImpl.java:437) ~[hibernate-core-7.2.19.Final.jar:7.2.19.Final]
	at org.hibernate.jpa.boot.internal.EntityManagerFactoryBuilderImpl.build(EntityManagerFactoryBuilderImpl.java:1456) ~[hibernate-core-7.2.19.Final.jar:7.2.19.Final]
	at org.springframework.orm.jpa.vendor.SpringHibernateJpaPersistenceProvider.createContainerEntityManagerFactory(SpringHibernateJpaPersistenceProvider.java:93) ~[spring-orm-7.0.8.jar:7.0.8]
	at org.springframework.orm.jpa.LocalContainerEntityManagerFactoryBean.createNativeEntityManagerFactory(LocalContainerEntityManagerFactoryBean.java:443) ~[spring-orm-7.0.8.jar:7.0.8]
	at org.springframework.orm.jpa.AbstractEntityManagerFactoryBean.buildNativeEntityManagerFactory(AbstractEntityManagerFactoryBean.java:436) ~[spring-orm-7.0.8.jar:7.0.8]
	at org.springframework.orm.jpa.AbstractEntityManagerFactoryBean.afterPropertiesSet(AbstractEntityManagerFactoryBean.java:411) ~[spring-orm-7.0.8.jar:7.0.8]
	at org.springframework.orm.jpa.LocalContainerEntityManagerFactoryBean.afterPropertiesSet(LocalContainerEntityManagerFactoryBean.java:419) ~[spring-orm-7.0.8.jar:7.0.8]
	at org.springframework.beans.factory.support.AbstractAutowireCapableBeanFactory.invokeInitMethods(AbstractAutowireCapableBeanFactory.java:1862) ~[spring-beans-7.0.8.jar:7.0.8]
	at org.springframework.beans.factory.support.AbstractAutowireCapableBeanFactory.initializeBean(AbstractAutowireCapableBeanFactory.java:1811) ~[spring-beans-7.0.8.jar:7.0.8]
	at org.springframework.beans.factory.support.AbstractAutowireCapableBeanFactory.doCreateBean(AbstractAutowireCapableBeanFactory.java:603) ~[spring-beans-7.0.8.jar:7.0.8]
	at org.springframework.beans.factory.support.AbstractAutowireCapableBeanFactory.createBean(AbstractAutowireCapableBeanFactory.java:525) ~[spring-beans-7.0.8.jar:7.0.8]
	at org.springframework.beans.factory.support.AbstractBeanFactory.lambda$doGetBean$0(AbstractBeanFactory.java:333) ~[spring-beans-7.0.8.jar:7.0.8]
	at org.springframework.beans.factory.support.DefaultSingletonBeanRegistry.getSingleton(DefaultSingletonBeanRegistry.java:371) ~[spring-beans-7.0.8.jar:7.0.8]
	at org.springframework.beans.factory.support.AbstractBeanFactory.doGetBean(AbstractBeanFactory.java:331) ~[spring-beans-7.0.8.jar:7.0.8]
	at org.springframework.beans.factory.support.AbstractBeanFactory.getBean(AbstractBeanFactory.java:196) ~[spring-beans-7.0.8.jar:7.0.8]
	at org.springframework.beans.factory.support.BeanDefinitionValueResolver.resolveReference(BeanDefinitionValueResolver.java:365) ~[spring-beans-7.0.8.jar:7.0.8]
	at org.springframework.beans.factory.support.BeanDefinitionValueResolver.resolveValueIfNecessary(BeanDefinitionValueResolver.java:135) ~[spring-beans-7.0.8.jar:7.0.8]
	at org.springframework.beans.factory.support.ConstructorResolver.resolveConstructorArguments(ConstructorResolver.java:691) ~[spring-beans-7.0.8.jar:7.0.8]
	at org.springframework.beans.factory.support.ConstructorResolver.instantiateUsingFactoryMethod(ConstructorResolver.java:513) ~[spring-beans-7.0.8.jar:7.0.8]
	at org.springframework.beans.factory.support.AbstractAutowireCapableBeanFactory.instantiateUsingFactoryMethod(AbstractAutowireCapableBeanFactory.java:1360) ~[spring-beans-7.0.8.jar:7.0.8]
	at org.springframework.beans.factory.support.AbstractAutowireCapableBeanFactory.createBeanInstance(AbstractAutowireCapableBeanFactory.java:1192) ~[spring-beans-7.0.8.jar:7.0.8]
	at org.springframework.beans.factory.support.AbstractAutowireCapableBeanFactory.doCreateBean(AbstractAutowireCapableBeanFactory.java:565) ~[spring-beans-7.0.8.jar:7.0.8]
	at org.springframework.beans.factory.support.AbstractAutowireCapableBeanFactory.createBean(AbstractAutowireCapableBeanFactory.java:525) ~[spring-beans-7.0.8.jar:7.0.8]
	at org.springframework.beans.factory.support.AbstractBeanFactory.lambda$doGetBean$0(AbstractBeanFactory.java:333) ~[spring-beans-7.0.8.jar:7.0.8]
	at org.springframework.beans.factory.support.DefaultSingletonBeanRegistry.getSingleton(DefaultSingletonBeanRegistry.java:371) ~[spring-beans-7.0.8.jar:7.0.8]
	at org.springframework.beans.factory.support.AbstractBeanFactory.doGetBean(AbstractBeanFactory.java:331) ~[spring-beans-7.0.8.jar:7.0.8]
	at org.springframework.beans.factory.support.AbstractBeanFactory.getBean(AbstractBeanFactory.java:201) ~[spring-beans-7.0.8.jar:7.0.8]
	at org.springframework.beans.factory.support.BeanDefinitionValueResolver.resolveReference(BeanDefinitionValueResolver.java:356) ~[spring-beans-7.0.8.jar:7.0.8]
	at org.springframework.beans.factory.support.BeanDefinitionValueResolver.resolveValueIfNecessary(BeanDefinitionValueResolver.java:135) ~[spring-beans-7.0.8.jar:7.0.8]
	at org.springframework.beans.factory.support.AbstractAutowireCapableBeanFactory.applyPropertyValues(AbstractAutowireCapableBeanFactory.java:1710) ~[spring-beans-7.0.8.jar:7.0.8]
	at org.springframework.beans.factory.support.AbstractAutowireCapableBeanFactory.populateBean(AbstractAutowireCapableBeanFactory.java:1459) ~[spring-beans-7.0.8.jar:7.0.8]
	at org.springframework.beans.factory.support.AbstractAutowireCapableBeanFactory.doCreateBean(AbstractAutowireCapableBeanFactory.java:602) ~[spring-beans-7.0.8.jar:7.0.8]
	at org.springframework.beans.factory.support.AbstractAutowireCapableBeanFactory.createBean(AbstractAutowireCapableBeanFactory.java:525) ~[spring-beans-7.0.8.jar:7.0.8]
	at org.springframework.beans.factory.support.AbstractBeanFactory.lambda$doGetBean$0(AbstractBeanFactory.java:333) ~[spring-beans-7.0.8.jar:7.0.8]
	at org.springframework.beans.factory.support.DefaultSingletonBeanRegistry.getSingleton(DefaultSingletonBeanRegistry.java:371) ~[spring-beans-7.0.8.jar:7.0.8]
	at org.springframework.beans.factory.support.AbstractBeanFactory.doGetBean(AbstractBeanFactory.java:331) ~[spring-beans-7.0.8.jar:7.0.8]
	at org.springframework.beans.factory.support.AbstractBeanFactory.getBean(AbstractBeanFactory.java:201) ~[spring-beans-7.0.8.jar:7.0.8]
	at org.springframework.beans.factory.support.DefaultListableBeanFactory.resolveBean(DefaultListableBeanFactory.java:1232) ~[spring-beans-7.0.8.jar:7.0.8]
	at org.springframework.beans.factory.support.DefaultListableBeanFactory.doResolveDependency(DefaultListableBeanFactory.java:1711) ~[spring-beans-7.0.8.jar:7.0.8]
	at org.springframework.beans.factory.support.DefaultListableBeanFactory.resolveDependency(DefaultListableBeanFactory.java:1658) ~[spring-beans-7.0.8.jar:7.0.8]
	at org.springframework.beans.factory.support.ConstructorResolver.resolveAutowiredArgument(ConstructorResolver.java:912) ~[spring-beans-7.0.8.jar:7.0.8]
	at org.springframework.beans.factory.support.ConstructorResolver.createArgumentArray(ConstructorResolver.java:791) ~[spring-beans-7.0.8.jar:7.0.8]
	at org.springframework.beans.factory.support.ConstructorResolver.autowireConstructor(ConstructorResolver.java:240) ~[spring-beans-7.0.8.jar:7.0.8]
	at org.springframework.beans.factory.support.AbstractAutowireCapableBeanFactory.autowireConstructor(AbstractAutowireCapableBeanFactory.java:1380) ~[spring-beans-7.0.8.jar:7.0.8]
	at org.springframework.beans.factory.support.AbstractAutowireCapableBeanFactory.createBeanInstance(AbstractAutowireCapableBeanFactory.java:1219) ~[spring-beans-7.0.8.jar:7.0.8]
	at org.springframework.beans.factory.support.AbstractAutowireCapableBeanFactory.doCreateBean(AbstractAutowireCapableBeanFactory.java:565) ~[spring-beans-7.0.8.jar:7.0.8]
	at org.springframework.beans.factory.support.AbstractAutowireCapableBeanFactory.createBean(AbstractAutowireCapableBeanFactory.java:525) ~[spring-beans-7.0.8.jar:7.0.8]
	at org.springframework.beans.factory.support.AbstractBeanFactory.lambda$doGetBean$0(AbstractBeanFactory.java:333) ~[spring-beans-7.0.8.jar:7.0.8]
	at org.springframework.beans.factory.support.DefaultSingletonBeanRegistry.getSingleton(DefaultSingletonBeanRegistry.java:371) ~[spring-beans-7.0.8.jar:7.0.8]
	at org.springframework.beans.factory.support.AbstractBeanFactory.doGetBean(AbstractBeanFactory.java:331) ~[spring-beans-7.0.8.jar:7.0.8]
	at org.springframework.beans.factory.support.AbstractBeanFactory.getBean(AbstractBeanFactory.java:201) ~[spring-beans-7.0.8.jar:7.0.8]
	at org.springframework.beans.factory.config.DependencyDescriptor.resolveCandidate(DependencyDescriptor.java:229) ~[spring-beans-7.0.8.jar:7.0.8]
	at org.springframework.beans.factory.support.DefaultListableBeanFactory.doResolveDependency(DefaultListableBeanFactory.java:1769) ~[spring-beans-7.0.8.jar:7.0.8]
	at org.springframework.beans.factory.support.DefaultListableBeanFactory.resolveDependency(DefaultListableBeanFactory.java:1658) ~[spring-beans-7.0.8.jar:7.0.8]
	at org.springframework.beans.factory.support.ConstructorResolver.resolveAutowiredArgument(ConstructorResolver.java:912) ~[spring-beans-7.0.8.jar:7.0.8]
	at org.springframework.beans.factory.support.ConstructorResolver.createArgumentArray(ConstructorResolver.java:791) ~[spring-beans-7.0.8.jar:7.0.8]
	at org.springframework.beans.factory.support.ConstructorResolver.autowireConstructor(ConstructorResolver.java:240) ~[spring-beans-7.0.8.jar:7.0.8]
	at org.springframework.beans.factory.support.AbstractAutowireCapableBeanFactory.autowireConstructor(AbstractAutowireCapableBeanFactory.java:1380) ~[spring-beans-7.0.8.jar:7.0.8]
	at org.springframework.beans.factory.support.AbstractAutowireCapableBeanFactory.createBeanInstance(AbstractAutowireCapableBeanFactory.java:1219) ~[spring-beans-7.0.8.jar:7.0.8]
	at org.springframework.beans.factory.support.AbstractAutowireCapableBeanFactory.doCreateBean(AbstractAutowireCapableBeanFactory.java:565) ~[spring-beans-7.0.8.jar:7.0.8]
	at org.springframework.beans.factory.support.AbstractAutowireCapableBeanFactory.createBean(AbstractAutowireCapableBeanFactory.java:525) ~[spring-beans-7.0.8.jar:7.0.8]
	at org.springframework.beans.factory.support.AbstractBeanFactory.lambda$doGetBean$0(AbstractBeanFactory.java:333) ~[spring-beans-7.0.8.jar:7.0.8]
	at org.springframework.beans.factory.support.DefaultSingletonBeanRegistry.getSingleton(DefaultSingletonBeanRegistry.java:371) ~[spring-beans-7.0.8.jar:7.0.8]
	at org.springframework.beans.factory.support.AbstractBeanFactory.doGetBean(AbstractBeanFactory.java:331) ~[spring-beans-7.0.8.jar:7.0.8]
	at org.springframework.beans.factory.support.AbstractBeanFactory.getBean(AbstractBeanFactory.java:201) ~[spring-beans-7.0.8.jar:7.0.8]
	at org.springframework.boot.web.servlet.ServletContextInitializerBeans.getOrderedBeansOfType(ServletContextInitializerBeans.java:231) ~[spring-boot-4.0.7.jar:4.0.7]
	at org.springframework.boot.web.servlet.ServletContextInitializerBeans.addAsRegistrationBean(ServletContextInitializerBeans.java:185) ~[spring-boot-4.0.7.jar:4.0.7]
	at org.springframework.boot.web.servlet.ServletContextInitializerBeans.addAsRegistrationBean(ServletContextInitializerBeans.java:180) ~[spring-boot-4.0.7.jar:4.0.7]
	at org.springframework.boot.web.servlet.ServletContextInitializerBeans.addAdaptableBeans(ServletContextInitializerBeans.java:165) ~[spring-boot-4.0.7.jar:4.0.7]
	at org.springframework.boot.web.servlet.ServletContextInitializerBeans.<init>(ServletContextInitializerBeans.java:97) ~[spring-boot-4.0.7.jar:4.0.7]
	at org.springframework.boot.web.context.servlet.WebApplicationContextInitializer.initialize(WebApplicationContextInitializer.java:53) ~[spring-boot-4.0.7.jar:4.0.7]
	at org.springframework.boot.tomcat.servlet.DeferredServletContainerInitializers.onStartup(DeferredServletContainerInitializers.java:55) ~[spring-boot-tomcat-4.0.7.jar:4.0.7]
	at org.apache.catalina.core.StandardContext.startInternal(StandardContext.java:4420) ~[tomcat-embed-core-11.0.22.jar:11.0.22]
	at org.apache.catalina.util.LifecycleBase.start(LifecycleBase.java:164) ~[tomcat-embed-core-11.0.22.jar:11.0.22]
	at org.apache.catalina.core.ContainerBase$StartChild.call(ContainerBase.java:1162) ~[tomcat-embed-core-11.0.22.jar:11.0.22]
	at org.apache.catalina.core.ContainerBase$StartChild.call(ContainerBase.java:1158) ~[tomcat-embed-core-11.0.22.jar:11.0.22]
	at java.base/java.util.concurrent.FutureTask.run(FutureTask.java:317) ~[na:na]
	at org.apache.tomcat.util.threads.InlineExecutorService.execute(InlineExecutorService.java:81) ~[tomcat-embed-core-11.0.22.jar:11.0.22]
	at java.base/java.util.concurrent.AbstractExecutorService.submit(AbstractExecutorService.java:145) ~[na:na]
	at org.apache.catalina.core.ContainerBase.startInternal(ContainerBase.java:714) ~[tomcat-embed-core-11.0.22.jar:11.0.22]
	at org.apache.catalina.core.StandardHost.startInternal(StandardHost.java:780) ~[tomcat-embed-core-11.0.22.jar:11.0.22]
	at org.apache.catalina.util.LifecycleBase.start(LifecycleBase.java:164) ~[tomcat-embed-core-11.0.22.jar:11.0.22]
	at org.apache.catalina.core.ContainerBase$StartChild.call(ContainerBase.java:1162) ~[tomcat-embed-core-11.0.22.jar:11.0.22]
	at org.apache.catalina.core.ContainerBase$StartChild.call(ContainerBase.java:1158) ~[tomcat-embed-core-11.0.22.jar:11.0.22]
	at java.base/java.util.concurrent.FutureTask.run(FutureTask.java:317) ~[na:na]
	at org.apache.tomcat.util.threads.InlineExecutorService.execute(InlineExecutorService.java:81) ~[tomcat-embed-core-11.0.22.jar:11.0.22]
	at java.base/java.util.concurrent.AbstractExecutorService.submit(AbstractExecutorService.java:145) ~[na:na]
	at org.apache.catalina.core.ContainerBase.startInternal(ContainerBase.java:714) ~[tomcat-embed-core-11.0.22.jar:11.0.22]
	at org.apache.catalina.core.StandardEngine.startInternal(StandardEngine.java:201) ~[tomcat-embed-core-11.0.22.jar:11.0.22]
	at org.apache.catalina.util.LifecycleBase.start(LifecycleBase.java:164) ~[tomcat-embed-core-11.0.22.jar:11.0.22]
	at org.apache.catalina.core.StandardService.startInternal(StandardService.java:410) ~[tomcat-embed-core-11.0.22.jar:11.0.22]
	at org.apache.catalina.util.LifecycleBase.start(LifecycleBase.java:164) ~[tomcat-embed-core-11.0.22.jar:11.0.22]
	at org.apache.catalina.core.StandardServer.startInternal(StandardServer.java:864) ~[tomcat-embed-core-11.0.22.jar:11.0.22]
	at org.apache.catalina.util.LifecycleBase.start(LifecycleBase.java:164) ~[tomcat-embed-core-11.0.22.jar:11.0.22]
	at org.apache.catalina.startup.Tomcat.start(Tomcat.java:435) ~[tomcat-embed-core-11.0.22.jar:11.0.22]
	at org.springframework.boot.tomcat.TomcatWebServer.initialize(TomcatWebServer.java:131) ~[spring-boot-tomcat-4.0.7.jar:4.0.7]
	at org.springframework.boot.tomcat.TomcatWebServer.<init>(TomcatWebServer.java:110) ~[spring-boot-tomcat-4.0.7.jar:4.0.7]
	at org.springframework.boot.tomcat.servlet.TomcatServletWebServerFactory.getTomcatWebServer(TomcatServletWebServerFactory.java:408) ~[spring-boot-tomcat-4.0.7.jar:4.0.7]
	at org.springframework.boot.tomcat.servlet.TomcatServletWebServerFactory.getWebServer(TomcatServletWebServerFactory.java:166) ~[spring-boot-tomcat-4.0.7.jar:4.0.7]
	at org.springframework.boot.web.server.servlet.context.ServletWebServerApplicationContext.createWebServer(ServletWebServerApplicationContext.java:190) ~[spring-boot-web-server-4.0.7.jar:4.0.7]
	at org.springframework.boot.web.server.servlet.context.ServletWebServerApplicationContext.onRefresh(ServletWebServerApplicationContext.java:164) ~[spring-boot-web-server-4.0.7.jar:4.0.7]
	at org.springframework.context.support.AbstractApplicationContext.refresh(AbstractApplicationContext.java:615) ~[spring-context-7.0.8.jar:7.0.8]
	at org.springframework.boot.web.server.servlet.context.ServletWebServerApplicationContext.refresh(ServletWebServerApplicationContext.java:143) ~[spring-boot-web-server-4.0.7.jar:4.0.7]
	at org.springframework.boot.SpringApplication.refresh(SpringApplication.java:756) ~[spring-boot-4.0.7.jar:4.0.7]
	at org.springframework.boot.SpringApplication.refreshContext(SpringApplication.java:445) ~[spring-boot-4.0.7.jar:4.0.7]
	at org.springframework.boot.SpringApplication.run(SpringApplication.java:321) ~[spring-boot-4.0.7.jar:4.0.7]
	at org.springframework.boot.SpringApplication.run(SpringApplication.java:1365) ~[spring-boot-4.0.7.jar:4.0.7]
	at org.springframework.boot.SpringApplication.run(SpringApplication.java:1354) ~[spring-boot-4.0.7.jar:4.0.7]
	at com.sisco_e.escola.SiscoEApplication.main(SiscoEApplication.java:12) ~[classes/:na]
	at java.base/jdk.internal.reflect.DirectMethodHandleAccessor.invoke(DirectMethodHandleAccessor.java:103) ~[na:na]
	at java.base/java.lang.reflect.Method.invoke(Method.java:580) ~[na:na]
	at org.springframework.boot.devtools.restart.RestartLauncher.run(RestartLauncher.java:52) ~[spring-boot-devtools-4.0.7.jar:4.0.7]
Caused by: org.postgresql.util.PSQLException: ERRO: relação "siscoescola.tb_contrato_net" não existe
	at org.postgresql.core.v3.QueryExecutorImpl.receiveErrorResponse(QueryExecutorImpl.java:2904) ~[postgresql-42.7.11.jar:42.7.11]
	at org.postgresql.core.v3.QueryExecutorImpl.processResults(QueryExecutorImpl.java:2589) ~[postgresql-42.7.11.jar:42.7.11]
	at org.postgresql.core.v3.QueryExecutorImpl.execute(QueryExecutorImpl.java:431) ~[postgresql-42.7.11.jar:42.7.11]
	at org.postgresql.jdbc.PgStatement.executeInternal(PgStatement.java:534) ~[postgresql-42.7.11.jar:42.7.11]
	at org.postgresql.jdbc.PgStatement.execute(PgStatement.java:437) ~[postgresql-42.7.11.jar:42.7.11]
	at org.postgresql.jdbc.PgStatement.executeWithFlags(PgStatement.java:359) ~[postgresql-42.7.11.jar:42.7.11]
	at org.postgresql.jdbc.PgStatement.executeCachedSql(PgStatement.java:344) ~[postgresql-42.7.11.jar:42.7.11]
	at org.postgresql.jdbc.PgStatement.executeWithFlags(PgStatement.java:320) ~[postgresql-42.7.11.jar:42.7.11]
	at org.postgresql.jdbc.PgStatement.execute(PgStatement.java:315) ~[postgresql-42.7.11.jar:42.7.11]
	at com.zaxxer.hikari.pool.ProxyStatement.execute(ProxyStatement.java:95) ~[HikariCP-7.0.2.jar:na]
	at com.zaxxer.hikari.pool.HikariProxyStatement.execute(HikariProxyStatement.java) ~[HikariCP-7.0.2.jar:na]
	at org.hibernate.tool.schema.internal.exec.GenerationTargetToDatabase.accept(GenerationTargetToDatabase.java:76) ~[hibernate-core-7.2.19.Final.jar:7.2.19.Final]
	... 127 common frames omitted
2026-10-09 10:46:22 [restartedMain] INFO  o.s.o.j.LocalContainerEntityManagerFactoryBean - Initialized JPA EntityManagerFactory for persistence unit 'default'
2026-10-09 10:46:22 [restartedMain] DEBUG c.s.e.s.JwtAuthenticationFilter - Filter 'jwtAuthenticationFilter' configured for use
2026-10-09 10:46:22 [restartedMain] INFO  o.s.s.c.a.a.c.InitializeAuthenticationProviderBeanManagerConfigurer$InitializeAuthenticationProviderManagerConfigurer - Global AuthenticationManager configured with AuthenticationProvider bean with name authenticationProvider
2026-10-09 10:46:22 [restartedMain] WARN  o.s.s.c.a.a.c.InitializeUserDetailsBeanManagerConfigurer$InitializeUserDetailsManagerConfigurer - Global AuthenticationManager configured with an AuthenticationProvider bean. UserDetailsService beans will not be used by Spring Security for automatically configuring username/password login. Consider removing the AuthenticationProvider bean. Alternatively, consider using the UserDetailsService in a manually instantiated DaoAuthenticationProvider. If the current configuration is intentional, to turn off this warning, increase the logging level of 'org.springframework.security.config.annotation.authentication.configuration.InitializeUserDetailsBeanManagerConfigurer' to ERROR
2026-10-09 10:46:22 [restartedMain] WARN  o.s.b.j.a.JpaBaseConfiguration$JpaWebConfiguration - spring.jpa.open-in-view is enabled by default. Therefore, database queries may be performed during view rendering. Explicitly configure spring.jpa.open-in-view to disable this warning
2026-10-09 10:46:23 [restartedMain] INFO  o.s.b.a.e.web.EndpointLinksResolver - Exposing 1 endpoint beneath base path '/actuator'
2026-10-09 10:46:23 [restartedMain] INFO  o.s.boot.tomcat.TomcatWebServer - Tomcat started on port 8080 (http) with context path '/'
2026-10-09 10:46:23 [restartedMain] INFO  c.sisco_e.escola.SiscoEApplication - Started SiscoEApplication in 4.804 seconds (process running for 12520.608)
2026-10-09 10:46:23 [restartedMain] INFO  o.s.b.d.a.ConditionEvaluationDeltaLoggingListener - Condition evaluation unchanged
2026-10-09 10:46:42 [http-nio-8080-exec-1] INFO  o.a.c.c.C.[Tomcat-1].[localhost].[/] - Initializing Spring DispatcherServlet 'dispatcherServlet'
2026-10-09 10:46:42 [http-nio-8080-exec-1] INFO  o.s.web.servlet.DispatcherServlet - Initializing Servlet 'dispatcherServlet'
2026-10-09 10:46:42 [http-nio-8080-exec-1] INFO  o.s.web.servlet.DispatcherServlet - Completed initialization in 2 ms
2026-10-09 10:46:42 [http-nio-8080-exec-1] DEBUG c.s.e.s.JwtAuthenticationFilter - AuthTokenFilter chamado pela URI: /api/auth/sign-in
2026-10-09 10:46:44 [http-nio-8080-exec-1] WARN  c.s.e.e.GlobalExceptionHandler - Tentativa de login falha: Bad credentials
2026-10-09 10:46:44 [http-nio-8080-exec-1] WARN  o.s.w.s.m.m.a.ExceptionHandlerExceptionResolver - Resolved [org.springframework.security.authentication.BadCredentialsException: Bad credentials]
2026-10-09 10:47:03 [http-nio-8080-exec-2] DEBUG c.s.e.s.JwtAuthenticationFilter - AuthTokenFilter chamado pela URI: /api/auth/join/sign-up
2026-10-09 10:47:04 [http-nio-8080-exec-4] DEBUG c.s.e.s.JwtAuthenticationFilter - AuthTokenFilter chamado pela URI: /api/auth/sign-in
2026-10-09 10:47:05 [http-nio-8080-exec-4] ERROR c.s.e.e.GlobalExceptionHandler - Falha de acesso a recurso de dados (Redis/banco): Unable to connect to Redis
org.springframework.data.redis.RedisConnectionFailureException: Unable to connect to Redis
	at org.springframework.data.redis.connection.lettuce.LettuceConnectionFactory$ExceptionTranslatingConnectionProvider.translateException(LettuceConnectionFactory.java:1868) ~[spring-data-redis-4.0.6.jar:4.0.6]
	at org.springframework.data.redis.connection.lettuce.LettuceConnectionFactory$ExceptionTranslatingConnectionProvider.getConnection(LettuceConnectionFactory.java:1799) ~[spring-data-redis-4.0.6.jar:4.0.6]
	at org.springframework.data.redis.connection.lettuce.LettuceConnectionFactory$SharedConnection.getNativeConnection(LettuceConnectionFactory.java:1596) ~[spring-data-redis-4.0.6.jar:4.0.6]
	at org.springframework.data.redis.connection.lettuce.LettuceConnectionFactory$SharedConnection.lambda$getConnection$0(LettuceConnectionFactory.java:1576) ~[spring-data-redis-4.0.6.jar:4.0.6]
	at org.springframework.data.redis.connection.lettuce.LettuceConnectionFactory.doInLock(LettuceConnectionFactory.java:1537) ~[spring-data-redis-4.0.6.jar:4.0.6]
	at org.springframework.data.redis.connection.lettuce.LettuceConnectionFactory$SharedConnection.getConnection(LettuceConnectionFactory.java:1573) ~[spring-data-redis-4.0.6.jar:4.0.6]
	at org.springframework.data.redis.connection.lettuce.LettuceConnectionFactory.getSharedConnection(LettuceConnectionFactory.java:1258) ~[spring-data-redis-4.0.6.jar:4.0.6]
	at org.springframework.data.redis.connection.lettuce.LettuceConnectionFactory.getConnection(LettuceConnectionFactory.java:1054) ~[spring-data-redis-4.0.6.jar:4.0.6]
	at org.springframework.data.redis.core.RedisConnectionUtils.fetchConnection(RedisConnectionUtils.java:195) ~[spring-data-redis-4.0.6.jar:4.0.6]
	at org.springframework.data.redis.core.RedisConnectionUtils.doGetConnection(RedisConnectionUtils.java:144) ~[spring-data-redis-4.0.6.jar:4.0.6]
	at org.springframework.data.redis.core.RedisConnectionUtils.getConnection(RedisConnectionUtils.java:105) ~[spring-data-redis-4.0.6.jar:4.0.6]
	at org.springframework.data.redis.core.RedisTemplate.execute(RedisTemplate.java:401) ~[spring-data-redis-4.0.6.jar:4.0.6]
	at org.springframework.data.redis.core.RedisTemplate.execute(RedisTemplate.java:381) ~[spring-data-redis-4.0.6.jar:4.0.6]
	at org.springframework.data.redis.core.RedisTemplate.execute(RedisTemplate.java:369) ~[spring-data-redis-4.0.6.jar:4.0.6]
	at org.springframework.data.redis.core.RedisKeyValueAdapter.execute(RedisKeyValueAdapter.java:559) ~[spring-data-redis-4.0.6.jar:4.0.6]
	at org.springframework.data.redis.core.RedisQueryEngine.doFind(RedisQueryEngine.java:131) ~[spring-data-redis-4.0.6.jar:4.0.6]
	at org.springframework.data.redis.core.RedisQueryEngine.execute(RedisQueryEngine.java:87) ~[spring-data-redis-4.0.6.jar:4.0.6]
	at org.springframework.data.redis.core.RedisQueryEngine.execute(RedisQueryEngine.java:62) ~[spring-data-redis-4.0.6.jar:4.0.6]
	at org.springframework.data.keyvalue.core.QueryEngine.execute(QueryEngine.java:73) ~[spring-data-keyvalue-4.0.6.jar:4.0.6]
	at org.springframework.data.keyvalue.core.AbstractKeyValueAdapter.find(AbstractKeyValueAdapter.java:84) ~[spring-data-keyvalue-4.0.6.jar:4.0.6]
	at org.springframework.data.keyvalue.core.KeyValueTemplate.lambda$find$0(KeyValueTemplate.java:343) ~[spring-data-keyvalue-4.0.6.jar:4.0.6]
	at org.springframework.data.keyvalue.core.KeyValueTemplate.execute(KeyValueTemplate.java:314) ~[spring-data-keyvalue-4.0.6.jar:4.0.6]
	at org.springframework.data.keyvalue.core.KeyValueTemplate.executeRequired(KeyValueTemplate.java:329) ~[spring-data-keyvalue-4.0.6.jar:4.0.6]
	at org.springframework.data.keyvalue.core.KeyValueTemplate.find(KeyValueTemplate.java:341) ~[spring-data-keyvalue-4.0.6.jar:4.0.6]
	at org.springframework.data.keyvalue.repository.query.KeyValuePartTreeQuery.doExecute(KeyValuePartTreeQuery.java:144) ~[spring-data-keyvalue-4.0.6.jar:4.0.6]
	at org.springframework.data.redis.repository.query.RedisPartTreeQuery.execute(RedisPartTreeQuery.java:75) ~[spring-data-redis-4.0.6.jar:4.0.6]
	at org.springframework.data.repository.core.support.RepositoryMethodInvoker.doInvoke(RepositoryMethodInvoker.java:169) ~[spring-data-commons-4.0.6.jar:4.0.6]
	at org.springframework.data.repository.core.support.RepositoryMethodInvoker.invoke(RepositoryMethodInvoker.java:158) ~[spring-data-commons-4.0.6.jar:4.0.6]
	at org.springframework.data.repository.core.support.QueryExecutorMethodInterceptor.doInvoke(QueryExecutorMethodInterceptor.java:167) ~[spring-data-commons-4.0.6.jar:4.0.6]
	at org.springframework.data.repository.core.support.QueryExecutorMethodInterceptor.invoke(QueryExecutorMethodInterceptor.java:146) ~[spring-data-commons-4.0.6.jar:4.0.6]
	at org.springframework.aop.framework.ReflectiveMethodInvocation.proceed(ReflectiveMethodInvocation.java:179) ~[spring-aop-7.0.8.jar:7.0.8]
	at org.springframework.aop.framework.JdkDynamicAopProxy.invoke(JdkDynamicAopProxy.java:222) ~[spring-aop-7.0.8.jar:7.0.8]
	at jdk.proxy20/jdk.proxy20.$Proxy360.deleteByEmail(Unknown Source) ~[na:na]
	at java.base/jdk.internal.reflect.DirectMethodHandleAccessor.invoke(DirectMethodHandleAccessor.java:103) ~[na:na]
	at java.base/java.lang.reflect.Method.invoke(Method.java:580) ~[na:na]
	at org.springframework.aop.support.AopUtils.invokeJoinpointUsingReflection(AopUtils.java:359) ~[spring-aop-7.0.8.jar:7.0.8]
	at org.springframework.aop.framework.ReflectiveMethodInvocation.invokeJoinpoint(ReflectiveMethodInvocation.java:190) ~[spring-aop-7.0.8.jar:7.0.8]
	at org.springframework.aop.framework.ReflectiveMethodInvocation.proceed(ReflectiveMethodInvocation.java:158) ~[spring-aop-7.0.8.jar:7.0.8]
	at org.springframework.dao.support.PersistenceExceptionTranslationInterceptor.invoke(PersistenceExceptionTranslationInterceptor.java:135) ~[spring-tx-7.0.8.jar:7.0.8]
	at org.springframework.aop.framework.ReflectiveMethodInvocation.proceed(ReflectiveMethodInvocation.java:179) ~[spring-aop-7.0.8.jar:7.0.8]
	at org.springframework.aop.framework.JdkDynamicAopProxy.invoke(JdkDynamicAopProxy.java:222) ~[spring-aop-7.0.8.jar:7.0.8]
	at jdk.proxy20/jdk.proxy20.$Proxy360.deleteByEmail(Unknown Source) ~[na:na]
	at com.sisco_e.escola.service.impl.RefreshTokenServiceImpl.createRefreshToken(RefreshTokenServiceImpl.java:32) ~[classes/:na]
	at java.base/jdk.internal.reflect.DirectMethodHandleAccessor.invoke(DirectMethodHandleAccessor.java:103) ~[na:na]
	at java.base/java.lang.reflect.Method.invoke(Method.java:580) ~[na:na]
	at org.springframework.aop.support.AopUtils.invokeJoinpointUsingReflection(AopUtils.java:359) ~[spring-aop-7.0.8.jar:7.0.8]
	at org.springframework.aop.framework.ReflectiveMethodInvocation.invokeJoinpoint(ReflectiveMethodInvocation.java:190) ~[spring-aop-7.0.8.jar:7.0.8]
	at org.springframework.aop.framework.ReflectiveMethodInvocation.proceed(ReflectiveMethodInvocation.java:158) ~[spring-aop-7.0.8.jar:7.0.8]
	at org.springframework.transaction.interceptor.TransactionInterceptor$1.proceedWithInvocation(TransactionInterceptor.java:133) ~[spring-tx-7.0.8.jar:7.0.8]
	at org.springframework.transaction.interceptor.TransactionAspectSupport.invokeWithinTransaction(TransactionAspectSupport.java:371) ~[spring-tx-7.0.8.jar:7.0.8]
	at org.springframework.transaction.interceptor.TransactionInterceptor.invoke(TransactionInterceptor.java:130) ~[spring-tx-7.0.8.jar:7.0.8]
	at org.springframework.aop.framework.ReflectiveMethodInvocation.proceed(ReflectiveMethodInvocation.java:179) ~[spring-aop-7.0.8.jar:7.0.8]
	at org.springframework.aop.framework.CglibAopProxy$DynamicAdvisedInterceptor.intercept(CglibAopProxy.java:719) ~[spring-aop-7.0.8.jar:7.0.8]
	at com.sisco_e.escola.service.impl.RefreshTokenServiceImpl$$SpringCGLIB$$0.createRefreshToken(<generated>) ~[classes/:na]
	at com.sisco_e.escola.api.controller.AuthController.login(AuthController.java:74) ~[classes/:na]
	at java.base/jdk.internal.reflect.DirectMethodHandleAccessor.invoke(DirectMethodHandleAccessor.java:103) ~[na:na]
	at java.base/java.lang.reflect.Method.invoke(Method.java:580) ~[na:na]
	at org.springframework.web.method.support.InvocableHandlerMethod.doInvoke(InvocableHandlerMethod.java:252) ~[spring-web-7.0.8.jar:7.0.8]
	at org.springframework.web.method.support.InvocableHandlerMethod.invokeForRequest(InvocableHandlerMethod.java:184) ~[spring-web-7.0.8.jar:7.0.8]
	at org.springframework.web.servlet.mvc.method.annotation.ServletInvocableHandlerMethod.invokeAndHandle(ServletInvocableHandlerMethod.java:117) ~[spring-webmvc-7.0.8.jar:7.0.8]
	at org.springframework.web.servlet.mvc.method.annotation.RequestMappingHandlerAdapter.invokeHandlerMethod(RequestMappingHandlerAdapter.java:934) ~[spring-webmvc-7.0.8.jar:7.0.8]
	at org.springframework.web.servlet.mvc.method.annotation.RequestMappingHandlerAdapter.handleInternal(RequestMappingHandlerAdapter.java:853) ~[spring-webmvc-7.0.8.jar:7.0.8]
	at org.springframework.web.servlet.mvc.method.AbstractHandlerMethodAdapter.handle(AbstractHandlerMethodAdapter.java:86) ~[spring-webmvc-7.0.8.jar:7.0.8]
	at org.springframework.web.servlet.DispatcherServlet.doDispatch(DispatcherServlet.java:963) ~[spring-webmvc-7.0.8.jar:7.0.8]
	at org.springframework.web.servlet.DispatcherServlet.doService(DispatcherServlet.java:866) ~[spring-webmvc-7.0.8.jar:7.0.8]
	at org.springframework.web.servlet.FrameworkServlet.processRequest(FrameworkServlet.java:1000) ~[spring-webmvc-7.0.8.jar:7.0.8]
	at org.springframework.web.servlet.FrameworkServlet.doPost(FrameworkServlet.java:903) ~[spring-webmvc-7.0.8.jar:7.0.8]
	at jakarta.servlet.http.HttpServlet.service(HttpServlet.java:649) ~[tomcat-embed-core-11.0.22.jar:6.1]
	at org.springframework.web.servlet.FrameworkServlet.service(FrameworkServlet.java:874) ~[spring-webmvc-7.0.8.jar:7.0.8]
	at jakarta.servlet.http.HttpServlet.service(HttpServlet.java:710) ~[tomcat-embed-core-11.0.22.jar:6.1]
	at org.apache.catalina.core.ApplicationFilterChain.doFilter(ApplicationFilterChain.java:128) ~[tomcat-embed-core-11.0.22.jar:11.0.22]
	at org.apache.tomcat.websocket.server.WsFilter.doFilter(WsFilter.java:53) ~[tomcat-embed-websocket-11.0.22.jar:11.0.22]
	at org.apache.catalina.core.ApplicationFilterChain.doFilter(ApplicationFilterChain.java:107) ~[tomcat-embed-core-11.0.22.jar:11.0.22]
	at org.springframework.web.filter.OncePerRequestFilter.doFilter(OncePerRequestFilter.java:110) ~[spring-web-7.0.8.jar:7.0.8]
	at org.apache.catalina.core.ApplicationFilterChain.doFilter(ApplicationFilterChain.java:107) ~[tomcat-embed-core-11.0.22.jar:11.0.22]
	at org.springframework.web.filter.CompositeFilter$VirtualFilterChain.doFilter(CompositeFilter.java:108) ~[spring-web-7.0.8.jar:7.0.8]
	at org.springframework.security.web.FilterChainProxy.lambda$doFilterInternal$3(FilterChainProxy.java:235) ~[spring-security-web-7.0.6.jar:7.0.6]
	at org.springframework.security.web.ObservationFilterChainDecorator$FilterObservation$SimpleFilterObservation.lambda$wrap$1(ObservationFilterChainDecorator.java:493) ~[spring-security-web-7.0.6.jar:7.0.6]
	at org.springframework.security.web.ObservationFilterChainDecorator$AroundFilterObservation$SimpleAroundFilterObservation.lambda$wrap$1(ObservationFilterChainDecorator.java:354) ~[spring-security-web-7.0.6.jar:7.0.6]
	at org.springframework.security.web.ObservationFilterChainDecorator.lambda$wrapSecured$0(ObservationFilterChainDecorator.java:86) ~[spring-security-web-7.0.6.jar:7.0.6]
	at org.springframework.security.web.ObservationFilterChainDecorator$VirtualFilterChain.doFilter(ObservationFilterChainDecorator.java:132) ~[spring-security-web-7.0.6.jar:7.0.6]
	at org.springframework.security.web.access.intercept.AuthorizationFilter.doFilter(AuthorizationFilter.java:101) ~[spring-security-web-7.0.6.jar:7.0.6]
	at org.springframework.security.web.ObservationFilterChainDecorator$ObservationFilter.wrapFilter(ObservationFilterChainDecorator.java:244) ~[spring-security-web-7.0.6.jar:7.0.6]
	at org.springframework.security.web.ObservationFilterChainDecorator$ObservationFilter.doFilter(ObservationFilterChainDecorator.java:231) ~[spring-security-web-7.0.6.jar:7.0.6]
	at org.springframework.security.web.ObservationFilterChainDecorator$VirtualFilterChain.doFilter(ObservationFilterChainDecorator.java:141) ~[spring-security-web-7.0.6.jar:7.0.6]
	at org.springframework.security.web.access.ExceptionTranslationFilter.doFilter(ExceptionTranslationFilter.java:126) ~[spring-security-web-7.0.6.jar:7.0.6]
	at org.springframework.security.web.access.ExceptionTranslationFilter.doFilter(ExceptionTranslationFilter.java:120) ~[spring-security-web-7.0.6.jar:7.0.6]
	at org.springframework.security.web.ObservationFilterChainDecorator$ObservationFilter.wrapFilter(ObservationFilterChainDecorator.java:244) ~[spring-security-web-7.0.6.jar:7.0.6]
	at org.springframework.security.web.ObservationFilterChainDecorator$ObservationFilter.doFilter(ObservationFilterChainDecorator.java:231) ~[spring-security-web-7.0.6.jar:7.0.6]
	at org.springframework.security.web.ObservationFilterChainDecorator$VirtualFilterChain.doFilter(ObservationFilterChainDecorator.java:141) ~[spring-security-web-7.0.6.jar:7.0.6]
	at org.springframework.security.web.session.SessionManagementFilter.doFilter(SessionManagementFilter.java:132) ~[spring-security-web-7.0.6.jar:7.0.6]
	at org.springframework.security.web.session.SessionManagementFilter.doFilter(SessionManagementFilter.java:86) ~[spring-security-web-7.0.6.jar:7.0.6]
	at org.springframework.security.web.ObservationFilterChainDecorator$ObservationFilter.wrapFilter(ObservationFilterChainDecorator.java:244) ~[spring-security-web-7.0.6.jar:7.0.6]
	at org.springframework.security.web.ObservationFilterChainDecorator$ObservationFilter.doFilter(ObservationFilterChainDecorator.java:231) ~[spring-security-web-7.0.6.jar:7.0.6]
	at org.springframework.security.web.ObservationFilterChainDecorator$VirtualFilterChain.doFilter(ObservationFilterChainDecorator.java:141) ~[spring-security-web-7.0.6.jar:7.0.6]
	at org.springframework.security.web.authentication.AnonymousAuthenticationFilter.doFilter(AnonymousAuthenticationFilter.java:100) ~[spring-security-web-7.0.6.jar:7.0.6]
	at org.springframework.security.web.ObservationFilterChainDecorator$ObservationFilter.wrapFilter(ObservationFilterChainDecorator.java:244) ~[spring-security-web-7.0.6.jar:7.0.6]
	at org.springframework.security.web.ObservationFilterChainDecorator$ObservationFilter.doFilter(ObservationFilterChainDecorator.java:231) ~[spring-security-web-7.0.6.jar:7.0.6]
	at org.springframework.security.web.ObservationFilterChainDecorator$VirtualFilterChain.doFilter(ObservationFilterChainDecorator.java:141) ~[spring-security-web-7.0.6.jar:7.0.6]
	at org.springframework.security.web.servletapi.SecurityContextHolderAwareRequestFilter.doFilter(SecurityContextHolderAwareRequestFilter.java:181) ~[spring-security-web-7.0.6.jar:7.0.6]
	at org.springframework.security.web.ObservationFilterChainDecorator$ObservationFilter.wrapFilter(ObservationFilterChainDecorator.java:244) ~[spring-security-web-7.0.6.jar:7.0.6]
	at org.springframework.security.web.ObservationFilterChainDecorator$ObservationFilter.doFilter(ObservationFilterChainDecorator.java:231) ~[spring-security-web-7.0.6.jar:7.0.6]
	at org.springframework.security.web.ObservationFilterChainDecorator$VirtualFilterChain.doFilter(ObservationFilterChainDecorator.java:141) ~[spring-security-web-7.0.6.jar:7.0.6]
	at org.springframework.security.web.savedrequest.RequestCacheAwareFilter.doFilter(RequestCacheAwareFilter.java:63) ~[spring-security-web-7.0.6.jar:7.0.6]
	at org.springframework.security.web.ObservationFilterChainDecorator$ObservationFilter.wrapFilter(ObservationFilterChainDecorator.java:244) ~[spring-security-web-7.0.6.jar:7.0.6]
	at org.springframework.security.web.ObservationFilterChainDecorator$ObservationFilter.doFilter(ObservationFilterChainDecorator.java:231) ~[spring-security-web-7.0.6.jar:7.0.6]
	at org.springframework.security.web.ObservationFilterChainDecorator$VirtualFilterChain.doFilter(ObservationFilterChainDecorator.java:141) ~[spring-security-web-7.0.6.jar:7.0.6]
	at com.sisco_e.escola.security.JwtAuthenticationFilter.doFilterInternal(JwtAuthenticationFilter.java:55) ~[classes/:na]
	at org.springframework.web.filter.OncePerRequestFilter.doFilter(OncePerRequestFilter.java:116) ~[spring-web-7.0.8.jar:7.0.8]
	at org.springframework.security.web.ObservationFilterChainDecorator$ObservationFilter.wrapFilter(ObservationFilterChainDecorator.java:244) ~[spring-security-web-7.0.6.jar:7.0.6]
	at org.springframework.security.web.ObservationFilterChainDecorator$ObservationFilter.doFilter(ObservationFilterChainDecorator.java:231) ~[spring-security-web-7.0.6.jar:7.0.6]
	at org.springframework.security.web.ObservationFilterChainDecorator$VirtualFilterChain.doFilter(ObservationFilterChainDecorator.java:141) ~[spring-security-web-7.0.6.jar:7.0.6]
	at org.springframework.security.web.authentication.logout.LogoutFilter.doFilter(LogoutFilter.java:110) ~[spring-security-web-7.0.6.jar:7.0.6]
	at org.springframework.security.web.authentication.logout.LogoutFilter.doFilter(LogoutFilter.java:96) ~[spring-security-web-7.0.6.jar:7.0.6]
	at org.springframework.security.web.ObservationFilterChainDecorator$ObservationFilter.wrapFilter(ObservationFilterChainDecorator.java:244) ~[spring-security-web-7.0.6.jar:7.0.6]
	at org.springframework.security.web.ObservationFilterChainDecorator$ObservationFilter.doFilter(ObservationFilterChainDecorator.java:231) ~[spring-security-web-7.0.6.jar:7.0.6]
	at org.springframework.security.web.ObservationFilterChainDecorator$VirtualFilterChain.doFilter(ObservationFilterChainDecorator.java:141) ~[spring-security-web-7.0.6.jar:7.0.6]
	at org.springframework.web.filter.CorsFilter.doFilterInternal(CorsFilter.java:91) ~[spring-web-7.0.8.jar:7.0.8]
	at org.springframework.web.filter.OncePerRequestFilter.doFilter(OncePerRequestFilter.java:116) ~[spring-web-7.0.8.jar:7.0.8]
	at org.springframework.security.web.ObservationFilterChainDecorator$ObservationFilter.wrapFilter(ObservationFilterChainDecorator.java:244) ~[spring-security-web-7.0.6.jar:7.0.6]
	at org.springframework.security.web.ObservationFilterChainDecorator$ObservationFilter.doFilter(ObservationFilterChainDecorator.java:231) ~[spring-security-web-7.0.6.jar:7.0.6]
	at org.springframework.security.web.ObservationFilterChainDecorator$VirtualFilterChain.doFilter(ObservationFilterChainDecorator.java:141) ~[spring-security-web-7.0.6.jar:7.0.6]
	at org.springframework.security.web.header.HeaderWriterFilter.doHeadersAfter(HeaderWriterFilter.java:90) ~[spring-security-web-7.0.6.jar:7.0.6]
	at org.springframework.security.web.header.HeaderWriterFilter.doFilterInternal(HeaderWriterFilter.java:75) ~[spring-security-web-7.0.6.jar:7.0.6]
	at org.springframework.web.filter.OncePerRequestFilter.doFilter(OncePerRequestFilter.java:116) ~[spring-web-7.0.8.jar:7.0.8]
	at org.springframework.security.web.ObservationFilterChainDecorator$ObservationFilter.wrapFilter(ObservationFilterChainDecorator.java:244) ~[spring-security-web-7.0.6.jar:7.0.6]
	at org.springframework.security.web.ObservationFilterChainDecorator$ObservationFilter.doFilter(ObservationFilterChainDecorator.java:231) ~[spring-security-web-7.0.6.jar:7.0.6]
	at org.springframework.security.web.ObservationFilterChainDecorator$VirtualFilterChain.doFilter(ObservationFilterChainDecorator.java:141) ~[spring-security-web-7.0.6.jar:7.0.6]
	at org.springframework.security.web.context.SecurityContextHolderFilter.doFilter(SecurityContextHolderFilter.java:82) ~[spring-security-web-7.0.6.jar:7.0.6]
	at org.springframework.security.web.context.SecurityContextHolderFilter.doFilter(SecurityContextHolderFilter.java:69) ~[spring-security-web-7.0.6.jar:7.0.6]
	at org.springframework.security.web.ObservationFilterChainDecorator$ObservationFilter.wrapFilter(ObservationFilterChainDecorator.java:244) ~[spring-security-web-7.0.6.jar:7.0.6]
	at org.springframework.security.web.ObservationFilterChainDecorator$ObservationFilter.doFilter(ObservationFilterChainDecorator.java:231) ~[spring-security-web-7.0.6.jar:7.0.6]
	at org.springframework.security.web.ObservationFilterChainDecorator$VirtualFilterChain.doFilter(ObservationFilterChainDecorator.java:141) ~[spring-security-web-7.0.6.jar:7.0.6]
	at org.springframework.security.web.context.request.async.WebAsyncManagerIntegrationFilter.doFilterInternal(WebAsyncManagerIntegrationFilter.java:62) ~[spring-security-web-7.0.6.jar:7.0.6]
	at org.springframework.web.filter.OncePerRequestFilter.doFilter(OncePerRequestFilter.java:116) ~[spring-web-7.0.8.jar:7.0.8]
	at org.springframework.security.web.ObservationFilterChainDecorator$ObservationFilter.wrapFilter(ObservationFilterChainDecorator.java:244) ~[spring-security-web-7.0.6.jar:7.0.6]
	at org.springframework.security.web.ObservationFilterChainDecorator$ObservationFilter.doFilter(ObservationFilterChainDecorator.java:231) ~[spring-security-web-7.0.6.jar:7.0.6]
	at org.springframework.security.web.ObservationFilterChainDecorator$VirtualFilterChain.doFilter(ObservationFilterChainDecorator.java:141) ~[spring-security-web-7.0.6.jar:7.0.6]
	at org.springframework.security.web.session.DisableEncodeUrlFilter.doFilterInternal(DisableEncodeUrlFilter.java:42) ~[spring-security-web-7.0.6.jar:7.0.6]
	at org.springframework.web.filter.OncePerRequestFilter.doFilter(OncePerRequestFilter.java:116) ~[spring-web-7.0.8.jar:7.0.8]
	at org.springframework.security.web.ObservationFilterChainDecorator$ObservationFilter.wrapFilter(ObservationFilterChainDecorator.java:244) ~[spring-security-web-7.0.6.jar:7.0.6]
	at org.springframework.security.web.ObservationFilterChainDecorator$AroundFilterObservation$SimpleAroundFilterObservation.lambda$wrap$0(ObservationFilterChainDecorator.java:337) ~[spring-security-web-7.0.6.jar:7.0.6]
	at org.springframework.security.web.ObservationFilterChainDecorator$ObservationFilter.doFilter(ObservationFilterChainDecorator.java:228) ~[spring-security-web-7.0.6.jar:7.0.6]
	at org.springframework.security.web.ObservationFilterChainDecorator$VirtualFilterChain.doFilter(ObservationFilterChainDecorator.java:141) ~[spring-security-web-7.0.6.jar:7.0.6]
	at org.springframework.security.web.FilterChainProxy.doFilterInternal(FilterChainProxy.java:237) ~[spring-security-web-7.0.6.jar:7.0.6]
	at org.springframework.security.web.FilterChainProxy.doFilter(FilterChainProxy.java:195) ~[spring-security-web-7.0.6.jar:7.0.6]
	at org.springframework.web.filter.CompositeFilter$VirtualFilterChain.doFilter(CompositeFilter.java:113) ~[spring-web-7.0.8.jar:7.0.8]
	at org.springframework.web.filter.ServletRequestPathFilter.doFilter(ServletRequestPathFilter.java:52) ~[spring-web-7.0.8.jar:7.0.8]
	at org.springframework.web.filter.CompositeFilter$VirtualFilterChain.doFilter(CompositeFilter.java:113) ~[spring-web-7.0.8.jar:7.0.8]
	at org.springframework.web.filter.CompositeFilter.doFilter(CompositeFilter.java:74) ~[spring-web-7.0.8.jar:7.0.8]
	at org.springframework.security.config.annotation.web.configuration.WebSecurityConfiguration$CompositeFilterChainProxy.doFilter(WebSecurityConfiguration.java:317) ~[spring-security-config-7.0.6.jar:7.0.6]
	at org.springframework.web.filter.DelegatingFilterProxy.invokeDelegate(DelegatingFilterProxy.java:355) ~[spring-web-7.0.8.jar:7.0.8]
	at org.springframework.web.filter.DelegatingFilterProxy.doFilter(DelegatingFilterProxy.java:272) ~[spring-web-7.0.8.jar:7.0.8]
	at org.apache.catalina.core.ApplicationFilterChain.doFilter(ApplicationFilterChain.java:107) ~[tomcat-embed-core-11.0.22.jar:11.0.22]
	at org.springframework.web.filter.RequestContextFilter.doFilterInternal(RequestContextFilter.java:100) ~[spring-web-7.0.8.jar:7.0.8]
	at org.springframework.web.filter.OncePerRequestFilter.doFilter(OncePerRequestFilter.java:116) ~[spring-web-7.0.8.jar:7.0.8]
	at org.apache.catalina.core.ApplicationFilterChain.doFilter(ApplicationFilterChain.java:107) ~[tomcat-embed-core-11.0.22.jar:11.0.22]
	at org.springframework.web.filter.FormContentFilter.doFilterInternal(FormContentFilter.java:93) ~[spring-web-7.0.8.jar:7.0.8]
	at org.springframework.web.filter.OncePerRequestFilter.doFilter(OncePerRequestFilter.java:116) ~[spring-web-7.0.8.jar:7.0.8]
	at org.apache.catalina.core.ApplicationFilterChain.doFilter(ApplicationFilterChain.java:107) ~[tomcat-embed-core-11.0.22.jar:11.0.22]
	at org.springframework.web.filter.ServerHttpObservationFilter.doFilterInternal(ServerHttpObservationFilter.java:110) ~[spring-web-7.0.8.jar:7.0.8]
	at org.springframework.web.filter.OncePerRequestFilter.doFilter(OncePerRequestFilter.java:116) ~[spring-web-7.0.8.jar:7.0.8]
	at org.apache.catalina.core.ApplicationFilterChain.doFilter(ApplicationFilterChain.java:107) ~[tomcat-embed-core-11.0.22.jar:11.0.22]
	at org.springframework.web.filter.CharacterEncodingFilter.doFilterInternal(CharacterEncodingFilter.java:199) ~[spring-web-7.0.8.jar:7.0.8]
	at org.springframework.web.filter.OncePerRequestFilter.doFilter(OncePerRequestFilter.java:116) ~[spring-web-7.0.8.jar:7.0.8]
	at org.apache.catalina.core.ApplicationFilterChain.doFilter(ApplicationFilterChain.java:107) ~[tomcat-embed-core-11.0.22.jar:11.0.22]
	at org.apache.catalina.core.StandardWrapperValve.invoke(StandardWrapperValve.java:165) ~[tomcat-embed-core-11.0.22.jar:11.0.22]
	at org.apache.catalina.core.StandardContextValve.invoke(StandardContextValve.java:77) ~[tomcat-embed-core-11.0.22.jar:11.0.22]
	at org.apache.catalina.authenticator.AuthenticatorBase.invoke(AuthenticatorBase.java:492) ~[tomcat-embed-core-11.0.22.jar:11.0.22]
	at org.apache.catalina.core.StandardHostValve.invoke(StandardHostValve.java:113) ~[tomcat-embed-core-11.0.22.jar:11.0.22]
	at org.apache.catalina.valves.ErrorReportValve.invoke(ErrorReportValve.java:83) ~[tomcat-embed-core-11.0.22.jar:11.0.22]
	at org.apache.catalina.core.StandardEngineValve.invoke(StandardEngineValve.java:72) ~[tomcat-embed-core-11.0.22.jar:11.0.22]
	at org.apache.catalina.connector.CoyoteAdapter.service(CoyoteAdapter.java:341) ~[tomcat-embed-core-11.0.22.jar:11.0.22]
	at org.apache.coyote.http11.Http11Processor.service(Http11Processor.java:397) ~[tomcat-embed-core-11.0.22.jar:11.0.22]
	at org.apache.coyote.AbstractProcessorLight.process(AbstractProcessorLight.java:63) ~[tomcat-embed-core-11.0.22.jar:11.0.22]
	at org.apache.coyote.AbstractProtocol$ConnectionHandler.process(AbstractProtocol.java:1272) ~[tomcat-embed-core-11.0.22.jar:11.0.22]
	at org.apache.tomcat.util.net.NioEndpoint$SocketProcessor.doRun(NioEndpoint.java:1801) ~[tomcat-embed-core-11.0.22.jar:11.0.22]
	at org.apache.tomcat.util.net.SocketProcessorBase.run(SocketProcessorBase.java:52) ~[tomcat-embed-core-11.0.22.jar:11.0.22]
	at org.apache.tomcat.util.threads.ThreadPoolExecutor.runWorker(ThreadPoolExecutor.java:946) ~[tomcat-embed-core-11.0.22.jar:11.0.22]
	at org.apache.tomcat.util.threads.ThreadPoolExecutor$Worker.run(ThreadPoolExecutor.java:480) ~[tomcat-embed-core-11.0.22.jar:11.0.22]
	at org.apache.tomcat.util.threads.TaskThread$WrappingRunnable.run(TaskThread.java:57) ~[tomcat-embed-core-11.0.22.jar:11.0.22]
	at java.base/java.lang.Thread.run(Thread.java:1583) ~[na:na]
Caused by: io.lettuce.core.RedisConnectionException: Unable to connect to localhost/<unresolved>:6379
	at io.lettuce.core.RedisConnectionException.create(RedisConnectionException.java:63) ~[lettuce-core-6.8.2.RELEASE.jar:6.8.2.RELEASE/34f8700]
	at io.lettuce.core.RedisConnectionException.create(RedisConnectionException.java:41) ~[lettuce-core-6.8.2.RELEASE.jar:6.8.2.RELEASE/34f8700]
	at io.lettuce.core.AbstractRedisClient.getConnection(AbstractRedisClient.java:352) ~[lettuce-core-6.8.2.RELEASE.jar:6.8.2.RELEASE/34f8700]
	at io.lettuce.core.RedisClient.connect(RedisClient.java:220) ~[lettuce-core-6.8.2.RELEASE.jar:6.8.2.RELEASE/34f8700]
	at org.springframework.data.redis.connection.lettuce.StandaloneConnectionProvider.lambda$getConnection$1(StandaloneConnectionProvider.java:113) ~[spring-data-redis-4.0.6.jar:4.0.6]
	at java.base/java.util.Optional.orElseGet(Optional.java:364) ~[na:na]
	at org.springframework.data.redis.connection.lettuce.StandaloneConnectionProvider.getConnection(StandaloneConnectionProvider.java:113) ~[spring-data-redis-4.0.6.jar:4.0.6]
	at org.springframework.data.redis.connection.lettuce.LettuceConnectionFactory$ExceptionTranslatingConnectionProvider.getConnection(LettuceConnectionFactory.java:1797) ~[spring-data-redis-4.0.6.jar:4.0.6]
	... 180 common frames omitted
Caused by: io.netty.channel.AbstractChannel$AnnotatedConnectException: Conexão recusada: localhost/127.0.0.1:6379
Caused by: java.net.ConnectException: Conexão recusada
	at java.base/sun.nio.ch.Net.pollConnect(Native Method) ~[na:na]
	at java.base/sun.nio.ch.Net.pollConnectNow(Net.java:694) ~[na:na]
	at java.base/sun.nio.ch.SocketChannelImpl.finishConnect(SocketChannelImpl.java:973) ~[na:na]
	at io.netty.channel.socket.nio.NioSocketChannel.doFinishConnect(NioSocketChannel.java:330) ~[netty-transport-4.2.15.Final.jar:4.2.15.Final]
	at io.netty.channel.nio.AbstractNioChannel$AbstractNioUnsafe.finishConnect(AbstractNioChannel.java:384) ~[netty-transport-4.2.15.Final.jar:4.2.15.Final]
	at io.netty.channel.nio.AbstractNioChannel$AbstractNioUnsafe.handle(AbstractNioChannel.java:432) ~[netty-transport-4.2.15.Final.jar:4.2.15.Final]
	at io.netty.channel.nio.NioIoHandler$DefaultNioRegistration.handle(NioIoHandler.java:388) ~[netty-transport-4.2.15.Final.jar:4.2.15.Final]
	at io.netty.channel.nio.NioIoHandler.processSelectedKey(NioIoHandler.java:596) ~[netty-transport-4.2.15.Final.jar:4.2.15.Final]
	at io.netty.channel.nio.NioIoHandler.processSelectedKeysOptimized(NioIoHandler.java:571) ~[netty-transport-4.2.15.Final.jar:4.2.15.Final]
	at io.netty.channel.nio.NioIoHandler.processSelectedKeys(NioIoHandler.java:512) ~[netty-transport-4.2.15.Final.jar:4.2.15.Final]
	at io.netty.channel.nio.NioIoHandler.run(NioIoHandler.java:484) ~[netty-transport-4.2.15.Final.jar:4.2.15.Final]
	at io.netty.channel.SingleThreadIoEventLoop.runIo(SingleThreadIoEventLoop.java:225) ~[netty-transport-4.2.15.Final.jar:4.2.15.Final]
	at io.netty.channel.SingleThreadIoEventLoop.run(SingleThreadIoEventLoop.java:196) ~[netty-transport-4.2.15.Final.jar:4.2.15.Final]
	at io.netty.util.concurrent.SingleThreadEventExecutor$5.run(SingleThreadEventExecutor.java:1195) ~[netty-common-4.2.15.Final.jar:4.2.15.Final]
	at io.netty.util.internal.ThreadExecutorMap$2.run(ThreadExecutorMap.java:74) ~[netty-common-4.2.15.Final.jar:4.2.15.Final]
	at io.netty.util.concurrent.FastThreadLocalRunnable.run(FastThreadLocalRunnable.java:30) ~[netty-common-4.2.15.Final.jar:4.2.15.Final]
	at java.base/java.lang.Thread.run(Thread.java:1583) ~[na:na]
2026-10-09 10:47:05 [http-nio-8080-exec-4] WARN  o.s.w.s.m.m.a.ExceptionHandlerExceptionResolver - Resolved [org.springframework.data.redis.RedisConnectionFailureException: Unable to connect to Redis]
2026-10-09 10:47:21 [http-nio-8080-exec-5] DEBUG c.s.e.s.JwtAuthenticationFilter - AuthTokenFilter chamado pela URI: /api/auth/sign-in
2026-10-09 10:47:22 [lettuce-eventExecutorLoop-35-2] INFO  i.l.core.protocol.ConnectionWatchdog - Reconnecting, last destination was localhost/127.0.0.1:6379
2026-10-09 10:47:22 [lettuce-nioEventLoop-37-3] WARN  i.l.core.protocol.ConnectionWatchdog - Cannot reconnect to [localhost/<unresolved>:6379]: Conexão recusada: localhost/127.0.0.1:6379
2026-10-09 10:47:23 [http-nio-8080-exec-7] DEBUG c.s.e.s.JwtAuthenticationFilter - AuthTokenFilter chamado pela URI: /api/auth/sign-in
2026-10-09 10:47:31 [lettuce-eventExecutorLoop-35-2] INFO  i.l.core.protocol.ConnectionWatchdog - Reconnecting, last destination was localhost/<unresolved>:6379
2026-10-09 10:47:31 [lettuce-nioEventLoop-37-3] WARN  i.l.core.protocol.ConnectionWatchdog - Cannot reconnect to [localhost/<unresolved>:6379]: Conexão recusada: localhost/127.0.0.1:6379
2026-10-09 10:47:39 [lettuce-eventExecutorLoop-35-3] INFO  i.l.core.protocol.ConnectionWatchdog - Reconnecting, last destination was localhost/<unresolved>:6379
2026-10-09 10:47:39 [lettuce-nioEventLoop-37-4] WARN  i.l.core.protocol.ConnectionWatchdog - Cannot reconnect to [localhost/<unresolved>:6379]: Conexão recusada: localhost/127.0.0.1:6379
2026-10-09 10:47:41 [File Watcher] INFO  o.s.b.d.a.LocalDevToolsAutoConfiguration$RestartingClassPathChangeChangedEventListener - Restarting due to 1 class path change (0 additions, 0 deletions, 1 modification)
2026-10-09 10:47:41 [Thread-65] INFO  o.s.boot.tomcat.GracefulShutdown - Commencing graceful shutdown. Waiting for active requests to complete
2026-10-09 10:47:56 [lettuce-eventExecutorLoop-35-4] INFO  i.l.core.protocol.ConnectionWatchdog - Reconnecting, last destination was localhost/<unresolved>:6379
2026-10-09 10:47:56 [lettuce-nioEventLoop-37-5] WARN  i.l.core.protocol.ConnectionWatchdog - Cannot reconnect to [localhost/<unresolved>:6379]: Conexão recusada: localhost/127.0.0.1:6379
2026-10-09 10:48:11 [Thread-65] INFO  o.s.c.s.DefaultLifecycleProcessor - Shutdown phase 2147482623 ends with 1 bean still running after timeout of 30000ms: [webServerGracefulShutdown]
2026-10-09 10:48:11 [http-nio-8080-exec-7] ERROR c.s.e.e.GlobalExceptionHandler - Ocorreu um erro interno no servidor: Redis command interrupted
org.springframework.data.redis.RedisSystemException: Redis command interrupted
	at org.springframework.data.redis.connection.lettuce.LettuceExceptionConverter.convert(LettuceExceptionConverter.java:76) ~[spring-data-redis-4.0.6.jar:4.0.6]
	at org.springframework.data.redis.connection.lettuce.LettuceExceptionConverter.convert(LettuceExceptionConverter.java:44) ~[spring-data-redis-4.0.6.jar:4.0.6]
	at org.springframework.data.redis.PassThroughExceptionTranslationStrategy.translate(PassThroughExceptionTranslationStrategy.java:39) ~[spring-data-redis-4.0.6.jar:4.0.6]
	at org.springframework.data.redis.FallbackExceptionTranslationStrategy.translate(FallbackExceptionTranslationStrategy.java:38) ~[spring-data-redis-4.0.6.jar:4.0.6]
	at org.springframework.data.redis.connection.lettuce.LettuceConnection.convertLettuceAccessException(LettuceConnection.java:314) ~[spring-data-redis-4.0.6.jar:4.0.6]
	at org.springframework.data.redis.connection.lettuce.LettuceConnection.await(LettuceConnection.java:1014) ~[spring-data-redis-4.0.6.jar:4.0.6]
	at org.springframework.data.redis.connection.lettuce.LettuceConnection.lambda$doInvoke$2(LettuceConnection.java:451) ~[spring-data-redis-4.0.6.jar:4.0.6]
	at org.springframework.data.redis.connection.lettuce.LettuceInvoker$Synchronizer.invoke(LettuceInvoker.java:658) ~[spring-data-redis-4.0.6.jar:4.0.6]
	at org.springframework.data.redis.connection.lettuce.LettuceInvoker.just(LettuceInvoker.java:92) ~[spring-data-redis-4.0.6.jar:4.0.6]
	at org.springframework.data.redis.connection.lettuce.LettuceSetCommands.sInter(LettuceSetCommands.java:97) ~[spring-data-redis-4.0.6.jar:4.0.6]
	at org.springframework.data.redis.connection.DefaultedRedisConnection.sInter(DefaultedRedisConnection.java:885) ~[spring-data-redis-4.0.6.jar:4.0.6]
	at java.base/jdk.internal.reflect.DirectMethodHandleAccessor.invoke(DirectMethodHandleAccessor.java:103) ~[na:na]
	at java.base/java.lang.reflect.Method.invoke(Method.java:580) ~[na:na]
	at org.springframework.data.redis.core.CloseSuppressingInvocationHandler.invoke(CloseSuppressingInvocationHandler.java:60) ~[spring-data-redis-4.0.6.jar:4.0.6]
	at jdk.proxy2/jdk.proxy2.$Proxy356.sInter(Unknown Source) ~[na:na]
	at org.springframework.data.redis.core.RedisQueryEngine.findKeys(RedisQueryEngine.java:163) ~[spring-data-redis-4.0.6.jar:4.0.6]
	at org.springframework.data.redis.core.RedisQueryEngine.lambda$doFind$0(RedisQueryEngine.java:108) ~[spring-data-redis-4.0.6.jar:4.0.6]
	at org.springframework.data.redis.core.RedisTemplate.execute(RedisTemplate.java:414) ~[spring-data-redis-4.0.6.jar:4.0.6]
	at org.springframework.data.redis.core.RedisTemplate.execute(RedisTemplate.java:381) ~[spring-data-redis-4.0.6.jar:4.0.6]
	at org.springframework.data.redis.core.RedisTemplate.execute(RedisTemplate.java:369) ~[spring-data-redis-4.0.6.jar:4.0.6]
	at org.springframework.data.redis.core.RedisKeyValueAdapter.execute(RedisKeyValueAdapter.java:559) ~[spring-data-redis-4.0.6.jar:4.0.6]
	at org.springframework.data.redis.core.RedisQueryEngine.doFind(RedisQueryEngine.java:131) ~[spring-data-redis-4.0.6.jar:4.0.6]
	at org.springframework.data.redis.core.RedisQueryEngine.execute(RedisQueryEngine.java:87) ~[spring-data-redis-4.0.6.jar:4.0.6]
	at org.springframework.data.redis.core.RedisQueryEngine.execute(RedisQueryEngine.java:62) ~[spring-data-redis-4.0.6.jar:4.0.6]
	at org.springframework.data.keyvalue.core.QueryEngine.execute(QueryEngine.java:73) ~[spring-data-keyvalue-4.0.6.jar:4.0.6]
	at org.springframework.data.keyvalue.core.AbstractKeyValueAdapter.find(AbstractKeyValueAdapter.java:84) ~[spring-data-keyvalue-4.0.6.jar:4.0.6]
	at org.springframework.data.keyvalue.core.KeyValueTemplate.lambda$find$0(KeyValueTemplate.java:343) ~[spring-data-keyvalue-4.0.6.jar:4.0.6]
	at org.springframework.data.keyvalue.core.KeyValueTemplate.execute(KeyValueTemplate.java:314) ~[spring-data-keyvalue-4.0.6.jar:4.0.6]
	at org.springframework.data.keyvalue.core.KeyValueTemplate.executeRequired(KeyValueTemplate.java:329) ~[spring-data-keyvalue-4.0.6.jar:4.0.6]
	at org.springframework.data.keyvalue.core.KeyValueTemplate.find(KeyValueTemplate.java:341) ~[spring-data-keyvalue-4.0.6.jar:4.0.6]
	at org.springframework.data.keyvalue.repository.query.KeyValuePartTreeQuery.doExecute(KeyValuePartTreeQuery.java:144) ~[spring-data-keyvalue-4.0.6.jar:4.0.6]
	at org.springframework.data.redis.repository.query.RedisPartTreeQuery.execute(RedisPartTreeQuery.java:75) ~[spring-data-redis-4.0.6.jar:4.0.6]
	at org.springframework.data.repository.core.support.RepositoryMethodInvoker.doInvoke(RepositoryMethodInvoker.java:169) ~[spring-data-commons-4.0.6.jar:4.0.6]
	at org.springframework.data.repository.core.support.RepositoryMethodInvoker.invoke(RepositoryMethodInvoker.java:158) ~[spring-data-commons-4.0.6.jar:4.0.6]
	at org.springframework.data.repository.core.support.QueryExecutorMethodInterceptor.doInvoke(QueryExecutorMethodInterceptor.java:167) ~[spring-data-commons-4.0.6.jar:4.0.6]
	at org.springframework.data.repository.core.support.QueryExecutorMethodInterceptor.invoke(QueryExecutorMethodInterceptor.java:146) ~[spring-data-commons-4.0.6.jar:4.0.6]
	at org.springframework.aop.framework.ReflectiveMethodInvocation.proceed(ReflectiveMethodInvocation.java:179) ~[spring-aop-7.0.8.jar:7.0.8]
	at org.springframework.aop.framework.JdkDynamicAopProxy.invoke(JdkDynamicAopProxy.java:222) ~[spring-aop-7.0.8.jar:7.0.8]
	at jdk.proxy20/jdk.proxy20.$Proxy360.deleteByEmail(Unknown Source) ~[na:na]
	at java.base/jdk.internal.reflect.DirectMethodHandleAccessor.invoke(DirectMethodHandleAccessor.java:103) ~[na:na]
	at java.base/java.lang.reflect.Method.invoke(Method.java:580) ~[na:na]
	at org.springframework.aop.support.AopUtils.invokeJoinpointUsingReflection(AopUtils.java:359) ~[spring-aop-7.0.8.jar:7.0.8]
	at org.springframework.aop.framework.ReflectiveMethodInvocation.invokeJoinpoint(ReflectiveMethodInvocation.java:190) ~[spring-aop-7.0.8.jar:7.0.8]
	at org.springframework.aop.framework.ReflectiveMethodInvocation.proceed(ReflectiveMethodInvocation.java:158) ~[spring-aop-7.0.8.jar:7.0.8]
	at org.springframework.dao.support.PersistenceExceptionTranslationInterceptor.invoke(PersistenceExceptionTranslationInterceptor.java:135) ~[spring-tx-7.0.8.jar:7.0.8]
	at org.springframework.aop.framework.ReflectiveMethodInvocation.proceed(ReflectiveMethodInvocation.java:179) ~[spring-aop-7.0.8.jar:7.0.8]
	at org.springframework.aop.framework.JdkDynamicAopProxy.invoke(JdkDynamicAopProxy.java:222) ~[spring-aop-7.0.8.jar:7.0.8]
	at jdk.proxy20/jdk.proxy20.$Proxy360.deleteByEmail(Unknown Source) ~[na:na]
	at com.sisco_e.escola.service.impl.RefreshTokenServiceImpl.createRefreshToken(RefreshTokenServiceImpl.java:32) ~[classes/:na]
	at java.base/jdk.internal.reflect.DirectMethodHandleAccessor.invoke(DirectMethodHandleAccessor.java:103) ~[na:na]
	at java.base/java.lang.reflect.Method.invoke(Method.java:580) ~[na:na]
	at org.springframework.aop.support.AopUtils.invokeJoinpointUsingReflection(AopUtils.java:359) ~[spring-aop-7.0.8.jar:7.0.8]
	at org.springframework.aop.framework.ReflectiveMethodInvocation.invokeJoinpoint(ReflectiveMethodInvocation.java:190) ~[spring-aop-7.0.8.jar:7.0.8]
	at org.springframework.aop.framework.ReflectiveMethodInvocation.proceed(ReflectiveMethodInvocation.java:158) ~[spring-aop-7.0.8.jar:7.0.8]
	at org.springframework.transaction.interceptor.TransactionInterceptor$1.proceedWithInvocation(TransactionInterceptor.java:133) ~[spring-tx-7.0.8.jar:7.0.8]
	at org.springframework.transaction.interceptor.TransactionAspectSupport.invokeWithinTransaction(TransactionAspectSupport.java:371) ~[spring-tx-7.0.8.jar:7.0.8]
	at org.springframework.transaction.interceptor.TransactionInterceptor.invoke(TransactionInterceptor.java:130) ~[spring-tx-7.0.8.jar:7.0.8]
	at org.springframework.aop.framework.ReflectiveMethodInvocation.proceed(ReflectiveMethodInvocation.java:179) ~[spring-aop-7.0.8.jar:7.0.8]
	at org.springframework.aop.framework.CglibAopProxy$DynamicAdvisedInterceptor.intercept(CglibAopProxy.java:719) ~[spring-aop-7.0.8.jar:7.0.8]
	at com.sisco_e.escola.service.impl.RefreshTokenServiceImpl$$SpringCGLIB$$0.createRefreshToken(<generated>) ~[classes/:na]
	at com.sisco_e.escola.api.controller.AuthController.login(AuthController.java:74) ~[classes/:na]
	at java.base/jdk.internal.reflect.DirectMethodHandleAccessor.invoke(DirectMethodHandleAccessor.java:103) ~[na:na]
	at java.base/java.lang.reflect.Method.invoke(Method.java:580) ~[na:na]
	at org.springframework.web.method.support.InvocableHandlerMethod.doInvoke(InvocableHandlerMethod.java:252) ~[spring-web-7.0.8.jar:7.0.8]
	at org.springframework.web.method.support.InvocableHandlerMethod.invokeForRequest(InvocableHandlerMethod.java:184) ~[spring-web-7.0.8.jar:7.0.8]
	at org.springframework.web.servlet.mvc.method.annotation.ServletInvocableHandlerMethod.invokeAndHandle(ServletInvocableHandlerMethod.java:117) ~[spring-webmvc-7.0.8.jar:7.0.8]
	at org.springframework.web.servlet.mvc.method.annotation.RequestMappingHandlerAdapter.invokeHandlerMethod(RequestMappingHandlerAdapter.java:934) ~[spring-webmvc-7.0.8.jar:7.0.8]
	at org.springframework.web.servlet.mvc.method.annotation.RequestMappingHandlerAdapter.handleInternal(RequestMappingHandlerAdapter.java:853) ~[spring-webmvc-7.0.8.jar:7.0.8]
	at org.springframework.web.servlet.mvc.method.AbstractHandlerMethodAdapter.handle(AbstractHandlerMethodAdapter.java:86) ~[spring-webmvc-7.0.8.jar:7.0.8]
	at org.springframework.web.servlet.DispatcherServlet.doDispatch(DispatcherServlet.java:963) ~[spring-webmvc-7.0.8.jar:7.0.8]
	at org.springframework.web.servlet.DispatcherServlet.doService(DispatcherServlet.java:866) ~[spring-webmvc-7.0.8.jar:7.0.8]
	at org.springframework.web.servlet.FrameworkServlet.processRequest(FrameworkServlet.java:1000) ~[spring-webmvc-7.0.8.jar:7.0.8]
	at org.springframework.web.servlet.FrameworkServlet.doPost(FrameworkServlet.java:903) ~[spring-webmvc-7.0.8.jar:7.0.8]
	at jakarta.servlet.http.HttpServlet.service(HttpServlet.java:649) ~[tomcat-embed-core-11.0.22.jar:6.1]
	at org.springframework.web.servlet.FrameworkServlet.service(FrameworkServlet.java:874) ~[spring-webmvc-7.0.8.jar:7.0.8]
	at jakarta.servlet.http.HttpServlet.service(HttpServlet.java:710) ~[tomcat-embed-core-11.0.22.jar:6.1]
	at org.apache.catalina.core.ApplicationFilterChain.doFilter(ApplicationFilterChain.java:128) ~[tomcat-embed-core-11.0.22.jar:11.0.22]
	at org.apache.tomcat.websocket.server.WsFilter.doFilter(WsFilter.java:53) ~[tomcat-embed-websocket-11.0.22.jar:11.0.22]
	at org.apache.catalina.core.ApplicationFilterChain.doFilter(ApplicationFilterChain.java:107) ~[tomcat-embed-core-11.0.22.jar:11.0.22]
	at org.springframework.web.filter.OncePerRequestFilter.doFilter(OncePerRequestFilter.java:110) ~[spring-web-7.0.8.jar:7.0.8]
	at org.apache.catalina.core.ApplicationFilterChain.doFilter(ApplicationFilterChain.java:107) ~[tomcat-embed-core-11.0.22.jar:11.0.22]
	at org.springframework.web.filter.CompositeFilter$VirtualFilterChain.doFilter(CompositeFilter.java:108) ~[spring-web-7.0.8.jar:7.0.8]
	at org.springframework.security.web.FilterChainProxy.lambda$doFilterInternal$3(FilterChainProxy.java:235) ~[spring-security-web-7.0.6.jar:7.0.6]
	at org.springframework.security.web.ObservationFilterChainDecorator$FilterObservation$SimpleFilterObservation.lambda$wrap$1(ObservationFilterChainDecorator.java:493) ~[spring-security-web-7.0.6.jar:7.0.6]
	at org.springframework.security.web.ObservationFilterChainDecorator$AroundFilterObservation$SimpleAroundFilterObservation.lambda$wrap$1(ObservationFilterChainDecorator.java:354) ~[spring-security-web-7.0.6.jar:7.0.6]
	at org.springframework.security.web.ObservationFilterChainDecorator.lambda$wrapSecured$0(ObservationFilterChainDecorator.java:86) ~[spring-security-web-7.0.6.jar:7.0.6]
	at org.springframework.security.web.ObservationFilterChainDecorator$VirtualFilterChain.doFilter(ObservationFilterChainDecorator.java:132) ~[spring-security-web-7.0.6.jar:7.0.6]
	at org.springframework.security.web.access.intercept.AuthorizationFilter.doFilter(AuthorizationFilter.java:101) ~[spring-security-web-7.0.6.jar:7.0.6]
	at org.springframework.security.web.ObservationFilterChainDecorator$ObservationFilter.wrapFilter(ObservationFilterChainDecorator.java:244) ~[spring-security-web-7.0.6.jar:7.0.6]
	at org.springframework.security.web.ObservationFilterChainDecorator$ObservationFilter.doFilter(ObservationFilterChainDecorator.java:231) ~[spring-security-web-7.0.6.jar:7.0.6]
	at org.springframework.security.web.ObservationFilterChainDecorator$VirtualFilterChain.doFilter(ObservationFilterChainDecorator.java:141) ~[spring-security-web-7.0.6.jar:7.0.6]
	at org.springframework.security.web.access.ExceptionTranslationFilter.doFilter(ExceptionTranslationFilter.java:126) ~[spring-security-web-7.0.6.jar:7.0.6]
	at org.springframework.security.web.access.ExceptionTranslationFilter.doFilter(ExceptionTranslationFilter.java:120) ~[spring-security-web-7.0.6.jar:7.0.6]
	at org.springframework.security.web.ObservationFilterChainDecorator$ObservationFilter.wrapFilter(ObservationFilterChainDecorator.java:244) ~[spring-security-web-7.0.6.jar:7.0.6]
	at org.springframework.security.web.ObservationFilterChainDecorator$ObservationFilter.doFilter(ObservationFilterChainDecorator.java:231) ~[spring-security-web-7.0.6.jar:7.0.6]
	at org.springframework.security.web.ObservationFilterChainDecorator$VirtualFilterChain.doFilter(ObservationFilterChainDecorator.java:141) ~[spring-security-web-7.0.6.jar:7.0.6]
	at org.springframework.security.web.session.SessionManagementFilter.doFilter(SessionManagementFilter.java:132) ~[spring-security-web-7.0.6.jar:7.0.6]
	at org.springframework.security.web.session.SessionManagementFilter.doFilter(SessionManagementFilter.java:86) ~[spring-security-web-7.0.6.jar:7.0.6]
	at org.springframework.security.web.ObservationFilterChainDecorator$ObservationFilter.wrapFilter(ObservationFilterChainDecorator.java:244) ~[spring-security-web-7.0.6.jar:7.0.6]
	at org.springframework.security.web.ObservationFilterChainDecorator$ObservationFilter.doFilter(ObservationFilterChainDecorator.java:231) ~[spring-security-web-7.0.6.jar:7.0.6]
	at org.springframework.security.web.ObservationFilterChainDecorator$VirtualFilterChain.doFilter(ObservationFilterChainDecorator.java:141) ~[spring-security-web-7.0.6.jar:7.0.6]
	at org.springframework.security.web.authentication.AnonymousAuthenticationFilter.doFilter(AnonymousAuthenticationFilter.java:100) ~[spring-security-web-7.0.6.jar:7.0.6]
	at org.springframework.security.web.ObservationFilterChainDecorator$ObservationFilter.wrapFilter(ObservationFilterChainDecorator.java:244) ~[spring-security-web-7.0.6.jar:7.0.6]
	at org.springframework.security.web.ObservationFilterChainDecorator$ObservationFilter.doFilter(ObservationFilterChainDecorator.java:231) ~[spring-security-web-7.0.6.jar:7.0.6]
	at org.springframework.security.web.ObservationFilterChainDecorator$VirtualFilterChain.doFilter(ObservationFilterChainDecorator.java:141) ~[spring-security-web-7.0.6.jar:7.0.6]
	at org.springframework.security.web.servletapi.SecurityContextHolderAwareRequestFilter.doFilter(SecurityContextHolderAwareRequestFilter.java:181) ~[spring-security-web-7.0.6.jar:7.0.6]
	at org.springframework.security.web.ObservationFilterChainDecorator$ObservationFilter.wrapFilter(ObservationFilterChainDecorator.java:244) ~[spring-security-web-7.0.6.jar:7.0.6]
	at org.springframework.security.web.ObservationFilterChainDecorator$ObservationFilter.doFilter(ObservationFilterChainDecorator.java:231) ~[spring-security-web-7.0.6.jar:7.0.6]
	at org.springframework.security.web.ObservationFilterChainDecorator$VirtualFilterChain.doFilter(ObservationFilterChainDecorator.java:141) ~[spring-security-web-7.0.6.jar:7.0.6]
	at org.springframework.security.web.savedrequest.RequestCacheAwareFilter.doFilter(RequestCacheAwareFilter.java:63) ~[spring-security-web-7.0.6.jar:7.0.6]
	at org.springframework.security.web.ObservationFilterChainDecorator$ObservationFilter.wrapFilter(ObservationFilterChainDecorator.java:244) ~[spring-security-web-7.0.6.jar:7.0.6]
	at org.springframework.security.web.ObservationFilterChainDecorator$ObservationFilter.doFilter(ObservationFilterChainDecorator.java:231) ~[spring-security-web-7.0.6.jar:7.0.6]
	at org.springframework.security.web.ObservationFilterChainDecorator$VirtualFilterChain.doFilter(ObservationFilterChainDecorator.java:141) ~[spring-security-web-7.0.6.jar:7.0.6]
	at com.sisco_e.escola.security.JwtAuthenticationFilter.doFilterInternal(JwtAuthenticationFilter.java:55) ~[classes/:na]
	at org.springframework.web.filter.OncePerRequestFilter.doFilter(OncePerRequestFilter.java:116) ~[spring-web-7.0.8.jar:7.0.8]
	at org.springframework.security.web.ObservationFilterChainDecorator$ObservationFilter.wrapFilter(ObservationFilterChainDecorator.java:244) ~[spring-security-web-7.0.6.jar:7.0.6]
	at org.springframework.security.web.ObservationFilterChainDecorator$ObservationFilter.doFilter(ObservationFilterChainDecorator.java:231) ~[spring-security-web-7.0.6.jar:7.0.6]
	at org.springframework.security.web.ObservationFilterChainDecorator$VirtualFilterChain.doFilter(ObservationFilterChainDecorator.java:141) ~[spring-security-web-7.0.6.jar:7.0.6]
	at org.springframework.security.web.authentication.logout.LogoutFilter.doFilter(LogoutFilter.java:110) ~[spring-security-web-7.0.6.jar:7.0.6]
	at org.springframework.security.web.authentication.logout.LogoutFilter.doFilter(LogoutFilter.java:96) ~[spring-security-web-7.0.6.jar:7.0.6]
	at org.springframework.security.web.ObservationFilterChainDecorator$ObservationFilter.wrapFilter(ObservationFilterChainDecorator.java:244) ~[spring-security-web-7.0.6.jar:7.0.6]
	at org.springframework.security.web.ObservationFilterChainDecorator$ObservationFilter.doFilter(ObservationFilterChainDecorator.java:231) ~[spring-security-web-7.0.6.jar:7.0.6]
	at org.springframework.security.web.ObservationFilterChainDecorator$VirtualFilterChain.doFilter(ObservationFilterChainDecorator.java:141) ~[spring-security-web-7.0.6.jar:7.0.6]
	at org.springframework.web.filter.CorsFilter.doFilterInternal(CorsFilter.java:91) ~[spring-web-7.0.8.jar:7.0.8]
	at org.springframework.web.filter.OncePerRequestFilter.doFilter(OncePerRequestFilter.java:116) ~[spring-web-7.0.8.jar:7.0.8]
	at org.springframework.security.web.ObservationFilterChainDecorator$ObservationFilter.wrapFilter(ObservationFilterChainDecorator.java:244) ~[spring-security-web-7.0.6.jar:7.0.6]
	at org.springframework.security.web.ObservationFilterChainDecorator$ObservationFilter.doFilter(ObservationFilterChainDecorator.java:231) ~[spring-security-web-7.0.6.jar:7.0.6]
	at org.springframework.security.web.ObservationFilterChainDecorator$VirtualFilterChain.doFilter(ObservationFilterChainDecorator.java:141) ~[spring-security-web-7.0.6.jar:7.0.6]
	at org.springframework.security.web.header.HeaderWriterFilter.doHeadersAfter(HeaderWriterFilter.java:90) ~[spring-security-web-7.0.6.jar:7.0.6]
	at org.springframework.security.web.header.HeaderWriterFilter.doFilterInternal(HeaderWriterFilter.java:75) ~[spring-security-web-7.0.6.jar:7.0.6]
	at org.springframework.web.filter.OncePerRequestFilter.doFilter(OncePerRequestFilter.java:116) ~[spring-web-7.0.8.jar:7.0.8]
	at org.springframework.security.web.ObservationFilterChainDecorator$ObservationFilter.wrapFilter(ObservationFilterChainDecorator.java:244) ~[spring-security-web-7.0.6.jar:7.0.6]
	at org.springframework.security.web.ObservationFilterChainDecorator$ObservationFilter.doFilter(ObservationFilterChainDecorator.java:231) ~[spring-security-web-7.0.6.jar:7.0.6]
	at org.springframework.security.web.ObservationFilterChainDecorator$VirtualFilterChain.doFilter(ObservationFilterChainDecorator.java:141) ~[spring-security-web-7.0.6.jar:7.0.6]
	at org.springframework.security.web.context.SecurityContextHolderFilter.doFilter(SecurityContextHolderFilter.java:82) ~[spring-security-web-7.0.6.jar:7.0.6]
	at org.springframework.security.web.context.SecurityContextHolderFilter.doFilter(SecurityContextHolderFilter.java:69) ~[spring-security-web-7.0.6.jar:7.0.6]
	at org.springframework.security.web.ObservationFilterChainDecorator$ObservationFilter.wrapFilter(ObservationFilterChainDecorator.java:244) ~[spring-security-web-7.0.6.jar:7.0.6]
	at org.springframework.security.web.ObservationFilterChainDecorator$ObservationFilter.doFilter(ObservationFilterChainDecorator.java:231) ~[spring-security-web-7.0.6.jar:7.0.6]
	at org.springframework.security.web.ObservationFilterChainDecorator$VirtualFilterChain.doFilter(ObservationFilterChainDecorator.java:141) ~[spring-security-web-7.0.6.jar:7.0.6]
	at org.springframework.security.web.context.request.async.WebAsyncManagerIntegrationFilter.doFilterInternal(WebAsyncManagerIntegrationFilter.java:62) ~[spring-security-web-7.0.6.jar:7.0.6]
	at org.springframework.web.filter.OncePerRequestFilter.doFilter(OncePerRequestFilter.java:116) ~[spring-web-7.0.8.jar:7.0.8]
	at org.springframework.security.web.ObservationFilterChainDecorator$ObservationFilter.wrapFilter(ObservationFilterChainDecorator.java:244) ~[spring-security-web-7.0.6.jar:7.0.6]
	at org.springframework.security.web.ObservationFilterChainDecorator$ObservationFilter.doFilter(ObservationFilterChainDecorator.java:231) ~[spring-security-web-7.0.6.jar:7.0.6]
	at org.springframework.security.web.ObservationFilterChainDecorator$VirtualFilterChain.doFilter(ObservationFilterChainDecorator.java:141) ~[spring-security-web-7.0.6.jar:7.0.6]
	at org.springframework.security.web.session.DisableEncodeUrlFilter.doFilterInternal(DisableEncodeUrlFilter.java:42) ~[spring-security-web-7.0.6.jar:7.0.6]
	at org.springframework.web.filter.OncePerRequestFilter.doFilter(OncePerRequestFilter.java:116) ~[spring-web-7.0.8.jar:7.0.8]
	at org.springframework.security.web.ObservationFilterChainDecorator$ObservationFilter.wrapFilter(ObservationFilterChainDecorator.java:244) ~[spring-security-web-7.0.6.jar:7.0.6]
	at org.springframework.security.web.ObservationFilterChainDecorator$AroundFilterObservation$SimpleAroundFilterObservation.lambda$wrap$0(ObservationFilterChainDecorator.java:337) ~[spring-security-web-7.0.6.jar:7.0.6]
	at org.springframework.security.web.ObservationFilterChainDecorator$ObservationFilter.doFilter(ObservationFilterChainDecorator.java:228) ~[spring-security-web-7.0.6.jar:7.0.6]
	at org.springframework.security.web.ObservationFilterChainDecorator$VirtualFilterChain.doFilter(ObservationFilterChainDecorator.java:141) ~[spring-security-web-7.0.6.jar:7.0.6]
	at org.springframework.security.web.FilterChainProxy.doFilterInternal(FilterChainProxy.java:237) ~[spring-security-web-7.0.6.jar:7.0.6]
	at org.springframework.security.web.FilterChainProxy.doFilter(FilterChainProxy.java:195) ~[spring-security-web-7.0.6.jar:7.0.6]
	at org.springframework.web.filter.CompositeFilter$VirtualFilterChain.doFilter(CompositeFilter.java:113) ~[spring-web-7.0.8.jar:7.0.8]
	at org.springframework.web.filter.ServletRequestPathFilter.doFilter(ServletRequestPathFilter.java:52) ~[spring-web-7.0.8.jar:7.0.8]
	at org.springframework.web.filter.CompositeFilter$VirtualFilterChain.doFilter(CompositeFilter.java:113) ~[spring-web-7.0.8.jar:7.0.8]
	at org.springframework.web.filter.CompositeFilter.doFilter(CompositeFilter.java:74) ~[spring-web-7.0.8.jar:7.0.8]
	at org.springframework.security.config.annotation.web.configuration.WebSecurityConfiguration$CompositeFilterChainProxy.doFilter(WebSecurityConfiguration.java:317) ~[spring-security-config-7.0.6.jar:7.0.6]
	at org.springframework.web.filter.DelegatingFilterProxy.invokeDelegate(DelegatingFilterProxy.java:355) ~[spring-web-7.0.8.jar:7.0.8]
	at org.springframework.web.filter.DelegatingFilterProxy.doFilter(DelegatingFilterProxy.java:272) ~[spring-web-7.0.8.jar:7.0.8]
	at org.apache.catalina.core.ApplicationFilterChain.doFilter(ApplicationFilterChain.java:107) ~[tomcat-embed-core-11.0.22.jar:11.0.22]
	at org.springframework.web.filter.RequestContextFilter.doFilterInternal(RequestContextFilter.java:100) ~[spring-web-7.0.8.jar:7.0.8]
	at org.springframework.web.filter.OncePerRequestFilter.doFilter(OncePerRequestFilter.java:116) ~[spring-web-7.0.8.jar:7.0.8]
	at org.apache.catalina.core.ApplicationFilterChain.doFilter(ApplicationFilterChain.java:107) ~[tomcat-embed-core-11.0.22.jar:11.0.22]
	at org.springframework.web.filter.FormContentFilter.doFilterInternal(FormContentFilter.java:93) ~[spring-web-7.0.8.jar:7.0.8]
	at org.springframework.web.filter.OncePerRequestFilter.doFilter(OncePerRequestFilter.java:116) ~[spring-web-7.0.8.jar:7.0.8]
	at org.apache.catalina.core.ApplicationFilterChain.doFilter(ApplicationFilterChain.java:107) ~[tomcat-embed-core-11.0.22.jar:11.0.22]
	at org.springframework.web.filter.ServerHttpObservationFilter.doFilterInternal(ServerHttpObservationFilter.java:110) ~[spring-web-7.0.8.jar:7.0.8]
	at org.springframework.web.filter.OncePerRequestFilter.doFilter(OncePerRequestFilter.java:116) ~[spring-web-7.0.8.jar:7.0.8]
	at org.apache.catalina.core.ApplicationFilterChain.doFilter(ApplicationFilterChain.java:107) ~[tomcat-embed-core-11.0.22.jar:11.0.22]
	at org.springframework.web.filter.CharacterEncodingFilter.doFilterInternal(CharacterEncodingFilter.java:199) ~[spring-web-7.0.8.jar:7.0.8]
	at org.springframework.web.filter.OncePerRequestFilter.doFilter(OncePerRequestFilter.java:116) ~[spring-web-7.0.8.jar:7.0.8]
	at org.apache.catalina.core.ApplicationFilterChain.doFilter(ApplicationFilterChain.java:107) ~[tomcat-embed-core-11.0.22.jar:11.0.22]
	at org.apache.catalina.core.StandardWrapperValve.invoke(StandardWrapperValve.java:165) ~[tomcat-embed-core-11.0.22.jar:11.0.22]
	at org.apache.catalina.core.StandardContextValve.invoke(StandardContextValve.java:77) ~[tomcat-embed-core-11.0.22.jar:11.0.22]
	at org.apache.catalina.authenticator.AuthenticatorBase.invoke(AuthenticatorBase.java:492) ~[tomcat-embed-core-11.0.22.jar:11.0.22]
	at org.apache.catalina.core.StandardHostValve.invoke(StandardHostValve.java:113) ~[tomcat-embed-core-11.0.22.jar:11.0.22]
	at org.apache.catalina.valves.ErrorReportValve.invoke(ErrorReportValve.java:83) ~[tomcat-embed-core-11.0.22.jar:11.0.22]
	at org.apache.catalina.core.StandardEngineValve.invoke(StandardEngineValve.java:72) ~[tomcat-embed-core-11.0.22.jar:11.0.22]
	at org.apache.catalina.connector.CoyoteAdapter.service(CoyoteAdapter.java:341) ~[tomcat-embed-core-11.0.22.jar:11.0.22]
	at org.apache.coyote.http11.Http11Processor.service(Http11Processor.java:397) ~[tomcat-embed-core-11.0.22.jar:11.0.22]
	at org.apache.coyote.AbstractProcessorLight.process(AbstractProcessorLight.java:63) ~[tomcat-embed-core-11.0.22.jar:11.0.22]
	at org.apache.coyote.AbstractProtocol$ConnectionHandler.process(AbstractProtocol.java:1272) ~[tomcat-embed-core-11.0.22.jar:11.0.22]
	at org.apache.tomcat.util.net.NioEndpoint$SocketProcessor.doRun(NioEndpoint.java:1801) ~[tomcat-embed-core-11.0.22.jar:11.0.22]
	at org.apache.tomcat.util.net.SocketProcessorBase.run(SocketProcessorBase.java:52) ~[tomcat-embed-core-11.0.22.jar:11.0.22]
	at org.apache.tomcat.util.threads.ThreadPoolExecutor.runWorker(ThreadPoolExecutor.java:946) ~[tomcat-embed-core-11.0.22.jar:11.0.22]
	at org.apache.tomcat.util.threads.ThreadPoolExecutor$Worker.run(ThreadPoolExecutor.java:480) ~[tomcat-embed-core-11.0.22.jar:11.0.22]
	at org.apache.tomcat.util.threads.TaskThread$WrappingRunnable.run(TaskThread.java:57) ~[tomcat-embed-core-11.0.22.jar:11.0.22]
	at java.base/java.lang.Thread.run(Thread.java:1583) ~[na:na]
Caused by: io.lettuce.core.RedisCommandInterruptedException: Command interrupted
	at io.lettuce.core.protocol.AsyncCommand.await(AsyncCommand.java:91) ~[lettuce-core-6.8.2.RELEASE.jar:6.8.2.RELEASE/34f8700]
	at io.lettuce.core.internal.Futures.awaitOrCancel(Futures.java:231) ~[lettuce-core-6.8.2.RELEASE.jar:6.8.2.RELEASE/34f8700]
	at io.lettuce.core.LettuceFutures.awaitOrCancel(LettuceFutures.java:59) ~[lettuce-core-6.8.2.RELEASE.jar:6.8.2.RELEASE/34f8700]
	at org.springframework.data.redis.connection.lettuce.LettuceConnection.await(LettuceConnection.java:1012) ~[spring-data-redis-4.0.6.jar:4.0.6]
	... 182 common frames omitted
Caused by: java.lang.InterruptedException
	at java.base/java.util.concurrent.CompletableFuture.reportGet(CompletableFuture.java:386) ~[na:na]
	at java.base/java.util.concurrent.CompletableFuture.get(CompletableFuture.java:2096) ~[na:na]
	at io.lettuce.core.protocol.AsyncCommand.await(AsyncCommand.java:87) ~[lettuce-core-6.8.2.RELEASE.jar:6.8.2.RELEASE/34f8700]
	... 185 common frames omitted
2026-10-09 10:48:11 [http-nio-8080-exec-7] WARN  o.s.w.s.m.m.a.ExceptionHandlerExceptionResolver - Resolved [org.springframework.data.redis.RedisSystemException: Redis command interrupted]
2026-10-09 10:48:11 [tomcat-shutdown] INFO  o.s.boot.tomcat.GracefulShutdown - Graceful shutdown aborted with one or more requests still active
2026-10-09 10:48:11 [Thread-65] INFO  o.s.o.j.LocalContainerEntityManagerFactoryBean - Closing JPA EntityManagerFactory for persistence unit 'default'
2026-10-09 10:48:11 [Thread-65] INFO  com.zaxxer.hikari.HikariDataSource - HikariPool-17 - Shutdown initiated...
2026-10-09 10:48:11 [Thread-65] INFO  com.zaxxer.hikari.HikariDataSource - HikariPool-17 - Shutdown completed.
2026-10-09 10:48:11 [restartedMain] INFO  c.sisco_e.escola.SiscoEApplication - Starting SiscoEApplication using Java 21.0.12.1 with PID 272194 (/home/cleber/desv/2-doing/sisco-project/sisco-e/target/classes started by cleber in /home/cleber/desv/2-doing/sisco-project/sisco-e)
2026-10-09 10:48:11 [restartedMain] DEBUG c.sisco_e.escola.SiscoEApplication - Running with Spring Boot v4.0.7, Spring v7.0.8
2026-10-09 10:48:11 [restartedMain] INFO  c.sisco_e.escola.SiscoEApplication - No active profile set, falling back to 1 default profile: "default"
2026-10-09 10:48:12 [restartedMain] INFO  o.s.d.r.c.RepositoryConfigurationDelegate - Multiple Spring Data modules found, entering strict repository configuration mode
2026-10-09 10:48:12 [restartedMain] INFO  o.s.d.r.c.RepositoryConfigurationDelegate - Bootstrapping Spring Data Redis repositories in DEFAULT mode.
2026-10-09 10:48:12 [restartedMain] INFO  o.s.d.r.c.RepositoryConfigurationExtensionSupport - Spring Data Redis - Could not safely identify store assignment for repository candidate interface com.sisco_e.escola.model.repository.ContratoInternetRepository; If you want this repository to be a Redis repository, consider annotating your entities with one of these annotations: org.springframework.data.redis.core.RedisHash (preferred), or consider extending one of the following types with your repository: org.springframework.data.keyvalue.repository.KeyValueRepository
2026-10-09 10:48:12 [restartedMain] INFO  o.s.d.r.c.RepositoryConfigurationExtensionSupport - Spring Data Redis - Could not safely identify store assignment for repository candidate interface com.sisco_e.escola.model.repository.DiretorRepository; If you want this repository to be a Redis repository, consider annotating your entities with one of these annotations: org.springframework.data.redis.core.RedisHash (preferred), or consider extending one of the following types with your repository: org.springframework.data.keyvalue.repository.KeyValueRepository
2026-10-09 10:48:12 [restartedMain] INFO  o.s.d.r.c.RepositoryConfigurationExtensionSupport - Spring Data Redis - Could not safely identify store assignment for repository candidate interface com.sisco_e.escola.model.repository.EscolaRepository; If you want this repository to be a Redis repository, consider annotating your entities with one of these annotations: org.springframework.data.redis.core.RedisHash (preferred), or consider extending one of the following types with your repository: org.springframework.data.keyvalue.repository.KeyValueRepository
2026-10-09 10:48:12 [restartedMain] INFO  o.s.d.r.c.RepositoryConfigurationExtensionSupport - Spring Data Redis - Could not safely identify store assignment for repository candidate interface com.sisco_e.escola.model.repository.LinkInternetRepository; If you want this repository to be a Redis repository, consider annotating your entities with one of these annotations: org.springframework.data.redis.core.RedisHash (preferred), or consider extending one of the following types with your repository: org.springframework.data.keyvalue.repository.KeyValueRepository
2026-10-09 10:48:12 [restartedMain] INFO  o.s.d.r.c.RepositoryConfigurationExtensionSupport - Spring Data Redis - Could not safely identify store assignment for repository candidate interface com.sisco_e.escola.model.repository.ProvedorInternetRepository; If you want this repository to be a Redis repository, consider annotating your entities with one of these annotations: org.springframework.data.redis.core.RedisHash (preferred), or consider extending one of the following types with your repository: org.springframework.data.keyvalue.repository.KeyValueRepository
2026-10-09 10:48:12 [restartedMain] INFO  o.s.d.r.c.RepositoryConfigurationExtensionSupport - Spring Data Redis - Could not safely identify store assignment for repository candidate interface com.sisco_e.escola.model.repository.UsuarioRepository; If you want this repository to be a Redis repository, consider annotating your entities with one of these annotations: org.springframework.data.redis.core.RedisHash (preferred), or consider extending one of the following types with your repository: org.springframework.data.keyvalue.repository.KeyValueRepository
2026-10-09 10:48:12 [restartedMain] INFO  o.s.d.r.c.RepositoryConfigurationDelegate - Finished Spring Data repository scanning in 12 ms. Found 1 Redis repository interface.
2026-10-09 10:48:12 [restartedMain] INFO  o.s.d.r.c.RepositoryConfigurationDelegate - Multiple Spring Data modules found, entering strict repository configuration mode
2026-10-09 10:48:12 [restartedMain] INFO  o.s.d.r.c.RepositoryConfigurationDelegate - Bootstrapping Spring Data JPA repositories in DEFAULT mode.
2026-10-09 10:48:12 [restartedMain] INFO  o.s.d.r.c.RepositoryConfigurationExtensionSupport - Spring Data JPA - Could not safely identify store assignment for repository candidate interface com.sisco_e.escola.model.repository.RefreshTokenRepository; If you want this repository to be a JPA repository, consider annotating your entities with one of these annotations: jakarta.persistence.Entity, jakarta.persistence.MappedSuperclass (preferred), or consider extending one of the following types with your repository: org.springframework.data.jpa.repository.JpaRepository
2026-10-09 10:48:12 [restartedMain] INFO  o.s.d.r.c.RepositoryConfigurationDelegate - Finished Spring Data repository scanning in 17 ms. Found 6 JPA repository interfaces.
2026-10-09 10:48:12 [restartedMain] INFO  o.s.boot.tomcat.TomcatWebServer - Tomcat initialized with port 8080 (http)
2026-10-09 10:48:12 [restartedMain] INFO  o.a.catalina.core.StandardService - Starting service [Tomcat]
2026-10-09 10:48:12 [restartedMain] INFO  o.a.catalina.core.StandardEngine - Starting Servlet engine: [Apache Tomcat/11.0.22]
2026-10-09 10:48:12 [restartedMain] INFO  o.s.b.w.c.s.WebApplicationContextInitializer - Root WebApplicationContext: initialization completed in 748 ms
2026-10-09 10:48:12 [restartedMain] INFO  org.hibernate.orm.jpa - HHH008540: Processing PersistenceUnitInfo [name: default]
2026-10-09 10:48:12 [restartedMain] INFO  o.h.e.b.internal.EnversServiceImpl - Envers integration enabled? : true
2026-10-09 10:48:12 [restartedMain] INFO  o.s.o.j.p.SpringPersistenceUnitInfo - No LoadTimeWeaver setup: ignoring JPA class transformer
2026-10-09 10:48:12 [restartedMain] INFO  com.zaxxer.hikari.HikariDataSource - HikariPool-18 - Starting...
2026-10-09 10:48:12 [restartedMain] INFO  com.zaxxer.hikari.pool.HikariPool - HikariPool-18 - Added connection org.postgresql.jdbc.PgConnection@31b16208
2026-10-09 10:48:12 [restartedMain] INFO  com.zaxxer.hikari.HikariDataSource - HikariPool-18 - Start completed.
2026-10-09 10:48:12 [restartedMain] INFO  o.hibernate.orm.connections.pooling - HHH10001005: Database info:
	Database JDBC URL [jdbc:postgresql://localhost:5432/sisco]
	Database driver: PostgreSQL JDBC Driver
	Database dialect: PostgreSQLDialect
	Database version: 18.6
	Default catalog/schema: sisco/public
	Autocommit mode: undefined/unknown
	Isolation level: READ_COMMITTED [default READ_COMMITTED]
	JDBC fetch size: none
	Pool: DataSourceConnectionProvider
	Minimum pool size: undefined/unknown
	Maximum pool size: undefined/unknown
2026-10-09 10:48:12 [restartedMain] INFO  o.h.e.c.i.m.AuditMetadataGenerator - Adding properties for entity: com.sisco_e.escola.model.entity.Escola
2026-10-09 10:48:12 [restartedMain] INFO  o.h.e.c.i.m.AuditMetadataGenerator - Adding properties for entity: com.sisco_e.escola.model.entity.Diretor
2026-10-09 10:48:12 [restartedMain] INFO  o.h.e.c.i.m.AuditMetadataGenerator - Adding properties for entity: com.sisco_e.escola.model.entity.Usuario
2026-10-09 10:48:13 [restartedMain] INFO  org.hibernate.orm.core - HHH000489: No JTA platform available (set 'hibernate.transaction.jta.platform' to enable JTA platform integration)
2026-10-09 10:48:13 [restartedMain] WARN  org.hibernate.orm.jdbc.warn - HHH000247: ErrorCode: 0, SQLState: 00000
2026-10-09 10:48:13 [restartedMain] WARN  org.hibernate.orm.jdbc.warn - restrição "uk_contratos_internet_escola_provedor_data" da relação "tb_contrato_net" não existe, ignorando
2026-10-09 10:48:14 [restartedMain] WARN  org.hibernate.orm.jdbc.warn - HHH000247: ErrorCode: 0, SQLState: 00000
2026-10-09 10:48:14 [restartedMain] WARN  org.hibernate.orm.jdbc.warn - restrição "uk_link_internet_contrato_net" da relação "tb_link_internet" não existe, ignorando
2026-10-09 10:48:14 [restartedMain] INFO  o.s.o.j.LocalContainerEntityManagerFactoryBean - Initialized JPA EntityManagerFactory for persistence unit 'default'
2026-10-09 10:48:14 [restartedMain] DEBUG c.s.e.s.JwtAuthenticationFilter - Filter 'jwtAuthenticationFilter' configured for use
2026-10-09 10:48:14 [restartedMain] INFO  o.s.s.c.a.a.c.InitializeAuthenticationProviderBeanManagerConfigurer$InitializeAuthenticationProviderManagerConfigurer - Global AuthenticationManager configured with AuthenticationProvider bean with name authenticationProvider
2026-10-09 10:48:14 [restartedMain] WARN  o.s.s.c.a.a.c.InitializeUserDetailsBeanManagerConfigurer$InitializeUserDetailsManagerConfigurer - Global AuthenticationManager configured with an AuthenticationProvider bean. UserDetailsService beans will not be used by Spring Security for automatically configuring username/password login. Consider removing the AuthenticationProvider bean. Alternatively, consider using the UserDetailsService in a manually instantiated DaoAuthenticationProvider. If the current configuration is intentional, to turn off this warning, increase the logging level of 'org.springframework.security.config.annotation.authentication.configuration.InitializeUserDetailsBeanManagerConfigurer' to ERROR
2026-10-09 10:48:14 [restartedMain] WARN  o.s.b.j.a.JpaBaseConfiguration$JpaWebConfiguration - spring.jpa.open-in-view is enabled by default. Therefore, database queries may be performed during view rendering. Explicitly configure spring.jpa.open-in-view to disable this warning
2026-10-09 10:48:14 [restartedMain] INFO  o.s.b.a.e.web.EndpointLinksResolver - Exposing 1 endpoint beneath base path '/actuator'
2026-10-09 10:48:14 [restartedMain] INFO  o.s.boot.tomcat.TomcatWebServer - Tomcat started on port 8080 (http) with context path '/'
2026-10-09 10:48:14 [restartedMain] INFO  c.sisco_e.escola.SiscoEApplication - Started SiscoEApplication in 2.973 seconds (process running for 12632.216)
2026-10-09 10:48:14 [restartedMain] INFO  o.s.b.d.a.ConditionEvaluationDeltaLoggingListener - Condition evaluation unchanged
2026-10-09 10:48:25 [http-nio-8080-exec-1] INFO  o.a.c.c.C.[Tomcat-1].[localhost].[/] - Initializing Spring DispatcherServlet 'dispatcherServlet'
2026-10-09 10:48:25 [http-nio-8080-exec-1] INFO  o.s.web.servlet.DispatcherServlet - Initializing Servlet 'dispatcherServlet'
2026-10-09 10:48:25 [http-nio-8080-exec-1] INFO  o.s.web.servlet.DispatcherServlet - Completed initialization in 2 ms
2026-10-09 10:48:25 [http-nio-8080-exec-1] DEBUG c.s.e.s.JwtAuthenticationFilter - AuthTokenFilter chamado pela URI: /api/auth/sign-in
2026-10-09 10:48:25 [http-nio-8080-exec-1] WARN  c.s.e.e.GlobalExceptionHandler - Corpo da requisição ilegível: Required request body is missing: public org.springframework.http.ResponseEntity<com.sisco_e.escola.api.dto.JwtResponse> com.sisco_e.escola.api.controller.AuthController.login(com.sisco_e.escola.api.dto.LoginRequestDto)
2026-10-09 10:48:25 [http-nio-8080-exec-1] WARN  o.s.w.s.m.m.a.ExceptionHandlerExceptionResolver - Resolved [org.springframework.http.converter.HttpMessageNotReadableException: Required request body is missing: public org.springframework.http.ResponseEntity<com.sisco_e.escola.api.dto.JwtResponse> com.sisco_e.escola.api.controller.AuthController.login(com.sisco_e.escola.api.dto.LoginRequestDto)]
2026-10-09 10:49:35 [http-nio-8080-exec-2] DEBUG c.s.e.s.JwtAuthenticationFilter - AuthTokenFilter chamado pela URI: /api/auth/join/sign-up
2026-10-09 10:49:35 [http-nio-8080-exec-2] WARN  o.s.w.s.m.m.a.ExceptionHandlerExceptionResolver - Resolved [com.sisco_e.escola.exception.RegraNegocioException: Verifique seu email. Dado não permitido para cadastro.]
2026-10-09 10:49:35 [http-nio-8080-exec-3] DEBUG c.s.e.s.JwtAuthenticationFilter - AuthTokenFilter chamado pela URI: /api/auth/sign-in
2026-10-09 10:49:44 [lettuce-eventExecutorLoop-38-2] INFO  i.l.core.protocol.ConnectionWatchdog - Reconnecting, last destination was localhost/127.0.0.1:6379
2026-10-09 10:49:44 [lettuce-nioEventLoop-40-2] WARN  i.l.core.protocol.ConnectionWatchdog - Cannot reconnect to [localhost/<unresolved>:6379]: Conexão recusada: localhost/127.0.0.1:6379
2026-10-09 10:49:44 [http-nio-8080-exec-5] DEBUG c.s.e.s.JwtAuthenticationFilter - AuthTokenFilter chamado pela URI: /api/auth/sign-in
2026-10-09 10:49:53 [lettuce-eventExecutorLoop-38-2] INFO  i.l.core.protocol.ConnectionWatchdog - Reconnecting, last destination was localhost/<unresolved>:6379
2026-10-09 10:49:53 [lettuce-nioEventLoop-40-2] WARN  i.l.core.protocol.ConnectionWatchdog - Cannot reconnect to [localhost/<unresolved>:6379]: Conexão recusada: localhost/127.0.0.1:6379
2026-10-09 10:50:01 [lettuce-eventExecutorLoop-38-3] INFO  i.l.core.protocol.ConnectionWatchdog - Reconnecting, last destination was localhost/<unresolved>:6379
2026-10-09 10:50:01 [lettuce-nioEventLoop-40-3] WARN  i.l.core.protocol.ConnectionWatchdog - Cannot reconnect to [localhost/<unresolved>:6379]: Conexão recusada: localhost/127.0.0.1:6379
2026-10-09 10:50:17 [lettuce-eventExecutorLoop-38-4] INFO  i.l.core.protocol.ConnectionWatchdog - Reconnecting, last destination was localhost/<unresolved>:6379
2026-10-09 10:50:17 [lettuce-nioEventLoop-40-4] WARN  i.l.core.protocol.ConnectionWatchdog - Cannot reconnect to [localhost/<unresolved>:6379]: Conexão recusada: localhost/127.0.0.1:6379
2026-10-09 10:50:45 [http-nio-8080-exec-5] ERROR c.s.e.e.GlobalExceptionHandler - Tempo esgotado ao acessar recurso de dados (Redis/banco): Redis command timed out
2026-10-09 10:50:45 [http-nio-8080-exec-5] WARN  o.s.w.s.m.m.a.ExceptionHandlerExceptionResolver - Resolved [org.springframework.dao.QueryTimeoutException: Redis command timed out]
2026-10-09 10:50:47 [lettuce-eventExecutorLoop-38-4] INFO  i.l.core.protocol.ConnectionWatchdog - Reconnecting, last destination was localhost/<unresolved>:6379
2026-10-09 10:50:47 [lettuce-nioEventLoop-40-5] WARN  i.l.core.protocol.ConnectionWatchdog - Cannot reconnect to [localhost/<unresolved>:6379]: Conexão recusada: localhost/127.0.0.1:6379
2026-10-09 10:50:55 [http-nio-8080-exec-6] DEBUG c.s.e.s.JwtAuthenticationFilter - AuthTokenFilter chamado pela URI: /api/auth/sign-in
2026-10-09 10:51:17 [lettuce-eventExecutorLoop-38-9] INFO  i.l.core.protocol.ConnectionWatchdog - Reconnecting, last destination was localhost/<unresolved>:6379
2026-10-09 10:51:17 [lettuce-nioEventLoop-40-6] INFO  i.l.c.protocol.ReconnectionHandler - Reconnected to localhost/<unresolved>:6379
2026-10-09 10:51:17 [http-nio-8080-exec-7] DEBUG c.s.e.s.JwtAuthenticationFilter - AuthTokenFilter chamado pela URI: /api/auth/refresh
2026-10-09 10:58:05 [File Watcher] INFO  o.s.b.d.a.LocalDevToolsAutoConfiguration$RestartingClassPathChangeChangedEventListener - Restarting due to 1 class path change (0 additions, 0 deletions, 1 modification)
2026-10-09 10:58:05 [Thread-69] INFO  o.s.boot.tomcat.GracefulShutdown - Commencing graceful shutdown. Waiting for active requests to complete
2026-10-09 10:58:05 [tomcat-shutdown] INFO  o.s.boot.tomcat.GracefulShutdown - Graceful shutdown complete
2026-10-09 10:58:05 [Thread-69] INFO  o.s.o.j.LocalContainerEntityManagerFactoryBean - Closing JPA EntityManagerFactory for persistence unit 'default'
2026-10-09 10:58:05 [Thread-69] INFO  com.zaxxer.hikari.HikariDataSource - HikariPool-18 - Shutdown initiated...
2026-10-09 10:58:05 [Thread-69] INFO  com.zaxxer.hikari.HikariDataSource - HikariPool-18 - Shutdown completed.
2026-10-09 10:58:06 [restartedMain] INFO  c.sisco_e.escola.SiscoEApplication - Starting SiscoEApplication using Java 21.0.12.1 with PID 272194 (/home/cleber/desv/2-doing/sisco-project/sisco-e/target/classes started by cleber in /home/cleber/desv/2-doing/sisco-project/sisco-e)
2026-10-09 10:58:06 [restartedMain] DEBUG c.sisco_e.escola.SiscoEApplication - Running with Spring Boot v4.0.7, Spring v7.0.8
2026-10-09 10:58:06 [restartedMain] INFO  c.sisco_e.escola.SiscoEApplication - No active profile set, falling back to 1 default profile: "default"
2026-10-09 10:58:06 [restartedMain] INFO  o.s.d.r.c.RepositoryConfigurationDelegate - Multiple Spring Data modules found, entering strict repository configuration mode
2026-10-09 10:58:06 [restartedMain] INFO  o.s.d.r.c.RepositoryConfigurationDelegate - Bootstrapping Spring Data Redis repositories in DEFAULT mode.
2026-10-09 10:58:06 [restartedMain] INFO  o.s.d.r.c.RepositoryConfigurationExtensionSupport - Spring Data Redis - Could not safely identify store assignment for repository candidate interface com.sisco_e.escola.model.repository.ContratoInternetRepository; If you want this repository to be a Redis repository, consider annotating your entities with one of these annotations: org.springframework.data.redis.core.RedisHash (preferred), or consider extending one of the following types with your repository: org.springframework.data.keyvalue.repository.KeyValueRepository
2026-10-09 10:58:06 [restartedMain] INFO  o.s.d.r.c.RepositoryConfigurationExtensionSupport - Spring Data Redis - Could not safely identify store assignment for repository candidate interface com.sisco_e.escola.model.repository.DiretorRepository; If you want this repository to be a Redis repository, consider annotating your entities with one of these annotations: org.springframework.data.redis.core.RedisHash (preferred), or consider extending one of the following types with your repository: org.springframework.data.keyvalue.repository.KeyValueRepository
2026-10-09 10:58:06 [restartedMain] INFO  o.s.d.r.c.RepositoryConfigurationExtensionSupport - Spring Data Redis - Could not safely identify store assignment for repository candidate interface com.sisco_e.escola.model.repository.EscolaRepository; If you want this repository to be a Redis repository, consider annotating your entities with one of these annotations: org.springframework.data.redis.core.RedisHash (preferred), or consider extending one of the following types with your repository: org.springframework.data.keyvalue.repository.KeyValueRepository
2026-10-09 10:58:06 [restartedMain] INFO  o.s.d.r.c.RepositoryConfigurationExtensionSupport - Spring Data Redis - Could not safely identify store assignment for repository candidate interface com.sisco_e.escola.model.repository.LinkInternetRepository; If you want this repository to be a Redis repository, consider annotating your entities with one of these annotations: org.springframework.data.redis.core.RedisHash (preferred), or consider extending one of the following types with your repository: org.springframework.data.keyvalue.repository.KeyValueRepository
2026-10-09 10:58:06 [restartedMain] INFO  o.s.d.r.c.RepositoryConfigurationExtensionSupport - Spring Data Redis - Could not safely identify store assignment for repository candidate interface com.sisco_e.escola.model.repository.ProvedorInternetRepository; If you want this repository to be a Redis repository, consider annotating your entities with one of these annotations: org.springframework.data.redis.core.RedisHash (preferred), or consider extending one of the following types with your repository: org.springframework.data.keyvalue.repository.KeyValueRepository
2026-10-09 10:58:06 [restartedMain] INFO  o.s.d.r.c.RepositoryConfigurationExtensionSupport - Spring Data Redis - Could not safely identify store assignment for repository candidate interface com.sisco_e.escola.model.repository.UsuarioRepository; If you want this repository to be a Redis repository, consider annotating your entities with one of these annotations: org.springframework.data.redis.core.RedisHash (preferred), or consider extending one of the following types with your repository: org.springframework.data.keyvalue.repository.KeyValueRepository
2026-10-09 10:58:06 [restartedMain] INFO  o.s.d.r.c.RepositoryConfigurationDelegate - Finished Spring Data repository scanning in 8 ms. Found 1 Redis repository interface.
2026-10-09 10:58:06 [restartedMain] INFO  o.s.d.r.c.RepositoryConfigurationDelegate - Multiple Spring Data modules found, entering strict repository configuration mode
2026-10-09 10:58:06 [restartedMain] INFO  o.s.d.r.c.RepositoryConfigurationDelegate - Bootstrapping Spring Data JPA repositories in DEFAULT mode.
2026-10-09 10:58:06 [restartedMain] INFO  o.s.d.r.c.RepositoryConfigurationExtensionSupport - Spring Data JPA - Could not safely identify store assignment for repository candidate interface com.sisco_e.escola.model.repository.RefreshTokenRepository; If you want this repository to be a JPA repository, consider annotating your entities with one of these annotations: jakarta.persistence.Entity, jakarta.persistence.MappedSuperclass (preferred), or consider extending one of the following types with your repository: org.springframework.data.jpa.repository.JpaRepository
2026-10-09 10:58:06 [restartedMain] INFO  o.s.d.r.c.RepositoryConfigurationDelegate - Finished Spring Data repository scanning in 15 ms. Found 6 JPA repository interfaces.
2026-10-09 10:58:06 [restartedMain] INFO  o.s.boot.tomcat.TomcatWebServer - Tomcat initialized with port 8080 (http)
2026-10-09 10:58:06 [restartedMain] INFO  o.a.catalina.core.StandardService - Starting service [Tomcat]
2026-10-09 10:58:06 [restartedMain] INFO  o.a.catalina.core.StandardEngine - Starting Servlet engine: [Apache Tomcat/11.0.22]
2026-10-09 10:58:06 [restartedMain] INFO  o.s.b.w.c.s.WebApplicationContextInitializer - Root WebApplicationContext: initialization completed in 603 ms
2026-10-09 10:58:06 [restartedMain] INFO  org.hibernate.orm.jpa - HHH008540: Processing PersistenceUnitInfo [name: default]
2026-10-09 10:58:06 [restartedMain] INFO  o.h.e.b.internal.EnversServiceImpl - Envers integration enabled? : true
2026-10-09 10:58:06 [restartedMain] INFO  o.s.o.j.p.SpringPersistenceUnitInfo - No LoadTimeWeaver setup: ignoring JPA class transformer
2026-10-09 10:58:06 [restartedMain] INFO  com.zaxxer.hikari.HikariDataSource - HikariPool-19 - Starting...
2026-10-09 10:58:07 [restartedMain] INFO  com.zaxxer.hikari.pool.HikariPool - HikariPool-19 - Added connection org.postgresql.jdbc.PgConnection@530f5973
2026-10-09 10:58:07 [restartedMain] INFO  com.zaxxer.hikari.HikariDataSource - HikariPool-19 - Start completed.
2026-10-09 10:58:07 [restartedMain] INFO  o.hibernate.orm.connections.pooling - HHH10001005: Database info:
	Database JDBC URL [jdbc:postgresql://localhost:5432/sisco]
	Database driver: PostgreSQL JDBC Driver
	Database dialect: PostgreSQLDialect
	Database version: 18.6
	Default catalog/schema: sisco/public
	Autocommit mode: undefined/unknown
	Isolation level: READ_COMMITTED [default READ_COMMITTED]
	JDBC fetch size: none
	Pool: DataSourceConnectionProvider
	Minimum pool size: undefined/unknown
	Maximum pool size: undefined/unknown
2026-10-09 10:58:07 [restartedMain] INFO  o.h.e.c.i.m.AuditMetadataGenerator - Adding properties for entity: com.sisco_e.escola.model.entity.Escola
2026-10-09 10:58:07 [restartedMain] INFO  o.h.e.c.i.m.AuditMetadataGenerator - Adding properties for entity: com.sisco_e.escola.model.entity.Diretor
2026-10-09 10:58:07 [restartedMain] INFO  o.h.e.c.i.m.AuditMetadataGenerator - Adding properties for entity: com.sisco_e.escola.model.entity.Usuario
2026-10-09 10:58:07 [restartedMain] INFO  org.hibernate.orm.core - HHH000489: No JTA platform available (set 'hibernate.transaction.jta.platform' to enable JTA platform integration)
2026-10-09 10:58:08 [restartedMain] WARN  org.hibernate.orm.jdbc.warn - HHH000247: ErrorCode: 0, SQLState: 00000
2026-10-09 10:58:08 [restartedMain] WARN  org.hibernate.orm.jdbc.warn - restrição "uk_contratos_internet_escola_provedor_data" da relação "tb_contrato_net" não existe, ignorando
2026-10-09 10:58:08 [restartedMain] INFO  o.s.o.j.LocalContainerEntityManagerFactoryBean - Initialized JPA EntityManagerFactory for persistence unit 'default'
2026-10-09 10:58:08 [restartedMain] DEBUG c.s.e.s.JwtAuthenticationFilter - Filter 'jwtAuthenticationFilter' configured for use
2026-10-09 10:58:08 [restartedMain] INFO  o.s.s.c.a.a.c.InitializeAuthenticationProviderBeanManagerConfigurer$InitializeAuthenticationProviderManagerConfigurer - Global AuthenticationManager configured with AuthenticationProvider bean with name authenticationProvider
2026-10-09 10:58:08 [restartedMain] WARN  o.s.s.c.a.a.c.InitializeUserDetailsBeanManagerConfigurer$InitializeUserDetailsManagerConfigurer - Global AuthenticationManager configured with an AuthenticationProvider bean. UserDetailsService beans will not be used by Spring Security for automatically configuring username/password login. Consider removing the AuthenticationProvider bean. Alternatively, consider using the UserDetailsService in a manually instantiated DaoAuthenticationProvider. If the current configuration is intentional, to turn off this warning, increase the logging level of 'org.springframework.security.config.annotation.authentication.configuration.InitializeUserDetailsBeanManagerConfigurer' to ERROR
2026-10-09 10:58:08 [restartedMain] WARN  o.s.b.j.a.JpaBaseConfiguration$JpaWebConfiguration - spring.jpa.open-in-view is enabled by default. Therefore, database queries may be performed during view rendering. Explicitly configure spring.jpa.open-in-view to disable this warning
2026-10-09 10:58:08 [restartedMain] INFO  o.s.b.a.e.web.EndpointLinksResolver - Exposing 1 endpoint beneath base path '/actuator'
2026-10-09 10:58:08 [restartedMain] INFO  o.s.boot.tomcat.TomcatWebServer - Tomcat started on port 8080 (http) with context path '/'
2026-10-09 10:58:08 [restartedMain] INFO  c.sisco_e.escola.SiscoEApplication - Started SiscoEApplication in 2.855 seconds (process running for 13226.288)
2026-10-09 10:58:08 [restartedMain] INFO  o.s.b.d.a.ConditionEvaluationDeltaLoggingListener - Condition evaluation unchanged
2026-10-09 10:58:25 [http-nio-8080-exec-2] INFO  o.a.c.c.C.[Tomcat-1].[localhost].[/] - Initializing Spring DispatcherServlet 'dispatcherServlet'
2026-10-09 10:58:25 [http-nio-8080-exec-2] INFO  o.s.web.servlet.DispatcherServlet - Initializing Servlet 'dispatcherServlet'
2026-10-09 10:58:25 [http-nio-8080-exec-2] INFO  o.s.web.servlet.DispatcherServlet - Completed initialization in 2 ms
2026-10-09 10:58:25 [http-nio-8080-exec-2] DEBUG c.s.e.s.JwtAuthenticationFilter - AuthTokenFilter chamado pela URI: /api/auth/join/sign-up
2026-10-09 10:58:29 [http-nio-8080-exec-3] DEBUG c.s.e.s.JwtAuthenticationFilter - AuthTokenFilter chamado pela URI: /api/auth/sign-in
2026-10-09 10:58:32 [lettuce-eventExecutorLoop-41-2] INFO  i.l.core.protocol.ConnectionWatchdog - Reconnecting, last destination was localhost/127.0.0.1:6379
2026-10-09 10:58:32 [lettuce-nioEventLoop-43-2] WARN  i.l.core.protocol.ConnectionWatchdog - Cannot reconnect to [localhost/<unresolved>:6379]: Conexão recusada: localhost/127.0.0.1:6379
2026-10-09 10:58:33 [http-nio-8080-exec-5] DEBUG c.s.e.s.JwtAuthenticationFilter - AuthTokenFilter chamado pela URI: /api/auth/sign-in
2026-10-09 10:58:37 [http-nio-8080-exec-5] ERROR c.s.e.e.GlobalExceptionHandler - Tempo esgotado ao acessar recurso de dados (Redis/banco): Redis command timed out
2026-10-09 10:58:37 [http-nio-8080-exec-5] WARN  o.s.w.s.m.m.a.ExceptionHandlerExceptionResolver - Resolved [org.springframework.dao.QueryTimeoutException: Redis command timed out]
2026-10-09 10:58:41 [lettuce-eventExecutorLoop-41-2] INFO  i.l.core.protocol.ConnectionWatchdog - Reconnecting, last destination was localhost/<unresolved>:6379
2026-10-09 10:58:41 [lettuce-nioEventLoop-43-2] WARN  i.l.core.protocol.ConnectionWatchdog - Cannot reconnect to [localhost/<unresolved>:6379]: Conexão recusada: localhost/127.0.0.1:6379
2026-10-09 10:58:44 [http-nio-8080-exec-6] DEBUG c.s.e.s.JwtAuthenticationFilter - AuthTokenFilter chamado pela URI: /api/auth/sign-in
2026-10-09 10:58:48 [http-nio-8080-exec-6] ERROR c.s.e.e.GlobalExceptionHandler - Tempo esgotado ao acessar recurso de dados (Redis/banco): Redis command timed out
2026-10-09 10:58:48 [http-nio-8080-exec-6] WARN  o.s.w.s.m.m.a.ExceptionHandlerExceptionResolver - Resolved [org.springframework.dao.QueryTimeoutException: Redis command timed out]
2026-10-09 10:58:49 [lettuce-eventExecutorLoop-41-4] INFO  i.l.core.protocol.ConnectionWatchdog - Reconnecting, last destination was localhost/<unresolved>:6379
2026-10-09 10:58:49 [lettuce-nioEventLoop-43-3] INFO  i.l.c.protocol.ReconnectionHandler - Reconnected to localhost/<unresolved>:6379
2026-10-09 10:58:56 [http-nio-8080-exec-7] DEBUG c.s.e.s.JwtAuthenticationFilter - AuthTokenFilter chamado pela URI: /api/auth/sign-in
2026-10-09 10:58:59 [http-nio-8080-exec-8] DEBUG c.s.e.s.JwtAuthenticationFilter - AuthTokenFilter chamado pela URI: /api/auth/sign-in
2026-10-09 10:59:02 [http-nio-8080-exec-9] DEBUG c.s.e.s.JwtAuthenticationFilter - AuthTokenFilter chamado pela URI: /api/auth/sign-in
2026-10-09 11:02:24 [File Watcher] INFO  o.s.b.d.a.LocalDevToolsAutoConfiguration$RestartingClassPathChangeChangedEventListener - Restarting due to 1 class path change (0 additions, 0 deletions, 1 modification)
2026-10-09 11:02:24 [Thread-73] INFO  o.s.boot.tomcat.GracefulShutdown - Commencing graceful shutdown. Waiting for active requests to complete
2026-10-09 11:02:24 [tomcat-shutdown] INFO  o.s.boot.tomcat.GracefulShutdown - Graceful shutdown complete
2026-10-09 11:02:24 [Thread-73] INFO  o.s.o.j.LocalContainerEntityManagerFactoryBean - Closing JPA EntityManagerFactory for persistence unit 'default'
2026-10-09 11:02:24 [Thread-73] INFO  com.zaxxer.hikari.HikariDataSource - HikariPool-19 - Shutdown initiated...
2026-10-09 11:02:24 [Thread-73] INFO  com.zaxxer.hikari.HikariDataSource - HikariPool-19 - Shutdown completed.
2026-10-09 11:02:24 [restartedMain] INFO  c.sisco_e.escola.SiscoEApplication - Starting SiscoEApplication using Java 21.0.12.1 with PID 272194 (/home/cleber/desv/2-doing/sisco-project/sisco-e/target/classes started by cleber in /home/cleber/desv/2-doing/sisco-project/sisco-e)
2026-10-09 11:02:24 [restartedMain] DEBUG c.sisco_e.escola.SiscoEApplication - Running with Spring Boot v4.0.7, Spring v7.0.8
2026-10-09 11:02:24 [restartedMain] INFO  c.sisco_e.escola.SiscoEApplication - No active profile set, falling back to 1 default profile: "default"
2026-10-09 11:02:24 [restartedMain] INFO  o.s.d.r.c.RepositoryConfigurationDelegate - Multiple Spring Data modules found, entering strict repository configuration mode
2026-10-09 11:02:24 [restartedMain] INFO  o.s.d.r.c.RepositoryConfigurationDelegate - Bootstrapping Spring Data Redis repositories in DEFAULT mode.
2026-10-09 11:02:24 [restartedMain] INFO  o.s.d.r.c.RepositoryConfigurationExtensionSupport - Spring Data Redis - Could not safely identify store assignment for repository candidate interface com.sisco_e.escola.model.repository.ContratoInternetRepository; If you want this repository to be a Redis repository, consider annotating your entities with one of these annotations: org.springframework.data.redis.core.RedisHash (preferred), or consider extending one of the following types with your repository: org.springframework.data.keyvalue.repository.KeyValueRepository
2026-10-09 11:02:24 [restartedMain] INFO  o.s.d.r.c.RepositoryConfigurationExtensionSupport - Spring Data Redis - Could not safely identify store assignment for repository candidate interface com.sisco_e.escola.model.repository.DiretorRepository; If you want this repository to be a Redis repository, consider annotating your entities with one of these annotations: org.springframework.data.redis.core.RedisHash (preferred), or consider extending one of the following types with your repository: org.springframework.data.keyvalue.repository.KeyValueRepository
2026-10-09 11:02:24 [restartedMain] INFO  o.s.d.r.c.RepositoryConfigurationExtensionSupport - Spring Data Redis - Could not safely identify store assignment for repository candidate interface com.sisco_e.escola.model.repository.EscolaRepository; If you want this repository to be a Redis repository, consider annotating your entities with one of these annotations: org.springframework.data.redis.core.RedisHash (preferred), or consider extending one of the following types with your repository: org.springframework.data.keyvalue.repository.KeyValueRepository
2026-10-09 11:02:24 [restartedMain] INFO  o.s.d.r.c.RepositoryConfigurationExtensionSupport - Spring Data Redis - Could not safely identify store assignment for repository candidate interface com.sisco_e.escola.model.repository.LinkInternetRepository; If you want this repository to be a Redis repository, consider annotating your entities with one of these annotations: org.springframework.data.redis.core.RedisHash (preferred), or consider extending one of the following types with your repository: org.springframework.data.keyvalue.repository.KeyValueRepository
2026-10-09 11:02:24 [restartedMain] INFO  o.s.d.r.c.RepositoryConfigurationExtensionSupport - Spring Data Redis - Could not safely identify store assignment for repository candidate interface com.sisco_e.escola.model.repository.ProvedorInternetRepository; If you want this repository to be a Redis repository, consider annotating your entities with one of these annotations: org.springframework.data.redis.core.RedisHash (preferred), or consider extending one of the following types with your repository: org.springframework.data.keyvalue.repository.KeyValueRepository
2026-10-09 11:02:24 [restartedMain] INFO  o.s.d.r.c.RepositoryConfigurationExtensionSupport - Spring Data Redis - Could not safely identify store assignment for repository candidate interface com.sisco_e.escola.model.repository.UsuarioRepository; If you want this repository to be a Redis repository, consider annotating your entities with one of these annotations: org.springframework.data.redis.core.RedisHash (preferred), or consider extending one of the following types with your repository: org.springframework.data.keyvalue.repository.KeyValueRepository
2026-10-09 11:02:24 [restartedMain] INFO  o.s.d.r.c.RepositoryConfigurationDelegate - Finished Spring Data repository scanning in 6 ms. Found 1 Redis repository interface.
2026-10-09 11:02:24 [restartedMain] INFO  o.s.d.r.c.RepositoryConfigurationDelegate - Multiple Spring Data modules found, entering strict repository configuration mode
2026-10-09 11:02:24 [restartedMain] INFO  o.s.d.r.c.RepositoryConfigurationDelegate - Bootstrapping Spring Data JPA repositories in DEFAULT mode.
2026-10-09 11:02:24 [restartedMain] INFO  o.s.d.r.c.RepositoryConfigurationExtensionSupport - Spring Data JPA - Could not safely identify store assignment for repository candidate interface com.sisco_e.escola.model.repository.RefreshTokenRepository; If you want this repository to be a JPA repository, consider annotating your entities with one of these annotations: jakarta.persistence.Entity, jakarta.persistence.MappedSuperclass (preferred), or consider extending one of the following types with your repository: org.springframework.data.jpa.repository.JpaRepository
2026-10-09 11:02:24 [restartedMain] INFO  o.s.d.r.c.RepositoryConfigurationDelegate - Finished Spring Data repository scanning in 11 ms. Found 6 JPA repository interfaces.
2026-10-09 11:02:24 [restartedMain] INFO  o.s.boot.tomcat.TomcatWebServer - Tomcat initialized with port 8080 (http)
2026-10-09 11:02:24 [restartedMain] INFO  o.a.catalina.core.StandardService - Starting service [Tomcat]
2026-10-09 11:02:24 [restartedMain] INFO  o.a.catalina.core.StandardEngine - Starting Servlet engine: [Apache Tomcat/11.0.22]
2026-10-09 11:02:24 [restartedMain] INFO  o.s.b.w.c.s.WebApplicationContextInitializer - Root WebApplicationContext: initialization completed in 326 ms
2026-10-09 11:02:24 [restartedMain] INFO  org.hibernate.orm.jpa - HHH008540: Processing PersistenceUnitInfo [name: default]
2026-10-09 11:02:24 [restartedMain] INFO  o.h.e.b.internal.EnversServiceImpl - Envers integration enabled? : true
2026-10-09 11:02:24 [restartedMain] INFO  o.s.o.j.p.SpringPersistenceUnitInfo - No LoadTimeWeaver setup: ignoring JPA class transformer
2026-10-09 11:02:24 [restartedMain] INFO  com.zaxxer.hikari.HikariDataSource - HikariPool-20 - Starting...
2026-10-09 11:02:24 [restartedMain] INFO  com.zaxxer.hikari.pool.HikariPool - HikariPool-20 - Added connection org.postgresql.jdbc.PgConnection@6913cd59
2026-10-09 11:02:24 [restartedMain] INFO  com.zaxxer.hikari.HikariDataSource - HikariPool-20 - Start completed.
2026-10-09 11:02:24 [restartedMain] INFO  o.hibernate.orm.connections.pooling - HHH10001005: Database info:
	Database JDBC URL [jdbc:postgresql://localhost:5432/sisco]
	Database driver: PostgreSQL JDBC Driver
	Database dialect: PostgreSQLDialect
	Database version: 18.6
	Default catalog/schema: sisco/public
	Autocommit mode: undefined/unknown
	Isolation level: READ_COMMITTED [default READ_COMMITTED]
	JDBC fetch size: none
	Pool: DataSourceConnectionProvider
	Minimum pool size: undefined/unknown
	Maximum pool size: undefined/unknown
2026-10-09 11:02:25 [restartedMain] INFO  o.h.e.c.i.m.AuditMetadataGenerator - Adding properties for entity: com.sisco_e.escola.model.entity.Escola
2026-10-09 11:02:25 [restartedMain] INFO  o.h.e.c.i.m.AuditMetadataGenerator - Adding properties for entity: com.sisco_e.escola.model.entity.Diretor
2026-10-09 11:02:25 [restartedMain] INFO  o.h.e.c.i.m.AuditMetadataGenerator - Adding properties for entity: com.sisco_e.escola.model.entity.Usuario
2026-10-09 11:02:25 [restartedMain] INFO  org.hibernate.orm.core - HHH000489: No JTA platform available (set 'hibernate.transaction.jta.platform' to enable JTA platform integration)
2026-10-09 11:02:25 [restartedMain] WARN  org.hibernate.orm.jdbc.warn - HHH000247: ErrorCode: 0, SQLState: 00000
2026-10-09 11:02:25 [restartedMain] WARN  org.hibernate.orm.jdbc.warn - restrição "uk_contratos_internet_escola_provedor_data" da relação "tb_contrato_net" não existe, ignorando
2026-10-09 11:02:25 [restartedMain] INFO  o.s.o.j.LocalContainerEntityManagerFactoryBean - Initialized JPA EntityManagerFactory for persistence unit 'default'
2026-10-09 11:02:25 [restartedMain] DEBUG c.s.e.s.JwtAuthenticationFilter - Filter 'jwtAuthenticationFilter' configured for use
2026-10-09 11:02:25 [restartedMain] INFO  o.s.s.c.a.a.c.InitializeAuthenticationProviderBeanManagerConfigurer$InitializeAuthenticationProviderManagerConfigurer - Global AuthenticationManager configured with AuthenticationProvider bean with name authenticationProvider
2026-10-09 11:02:25 [restartedMain] WARN  o.s.s.c.a.a.c.InitializeUserDetailsBeanManagerConfigurer$InitializeUserDetailsManagerConfigurer - Global AuthenticationManager configured with an AuthenticationProvider bean. UserDetailsService beans will not be used by Spring Security for automatically configuring username/password login. Consider removing the AuthenticationProvider bean. Alternatively, consider using the UserDetailsService in a manually instantiated DaoAuthenticationProvider. If the current configuration is intentional, to turn off this warning, increase the logging level of 'org.springframework.security.config.annotation.authentication.configuration.InitializeUserDetailsBeanManagerConfigurer' to ERROR
2026-10-09 11:02:25 [restartedMain] WARN  o.s.b.j.a.JpaBaseConfiguration$JpaWebConfiguration - spring.jpa.open-in-view is enabled by default. Therefore, database queries may be performed during view rendering. Explicitly configure spring.jpa.open-in-view to disable this warning
2026-10-09 11:02:26 [restartedMain] INFO  o.s.b.a.e.web.EndpointLinksResolver - Exposing 1 endpoint beneath base path '/actuator'
2026-10-09 11:02:26 [restartedMain] INFO  o.s.boot.tomcat.TomcatWebServer - Tomcat started on port 8080 (http) with context path '/'
2026-10-09 11:02:26 [restartedMain] INFO  c.sisco_e.escola.SiscoEApplication - Started SiscoEApplication in 1.605 seconds (process running for 13483.477)
2026-10-09 11:02:26 [restartedMain] INFO  o.s.b.d.a.ConditionEvaluationDeltaLoggingListener - Condition evaluation unchanged
2026-10-09 11:04:26 [http-nio-8080-exec-2] INFO  o.a.c.c.C.[Tomcat-1].[localhost].[/] - Initializing Spring DispatcherServlet 'dispatcherServlet'
2026-10-09 11:04:26 [http-nio-8080-exec-2] INFO  o.s.web.servlet.DispatcherServlet - Initializing Servlet 'dispatcherServlet'
2026-10-09 11:04:26 [http-nio-8080-exec-2] INFO  o.s.web.servlet.DispatcherServlet - Completed initialization in 2 ms
2026-10-09 11:04:26 [http-nio-8080-exec-2] DEBUG c.s.e.s.JwtAuthenticationFilter - AuthTokenFilter chamado pela URI: /api/auth/sign-in
2026-10-09 13:20:32 [restartedMain] INFO  c.sisco_e.escola.SiscoEApplication - Starting SiscoEApplication using Java 21.0.12.1 with PID 434709 (/home/cleber/desv/2-doing/sisco-project/sisco-e/target/classes started by cleber in /home/cleber/desv/2-doing/sisco-project/sisco-e)
2026-10-09 13:20:33 [restartedMain] DEBUG c.sisco_e.escola.SiscoEApplication - Running with Spring Boot v4.0.7, Spring v7.0.8
2026-10-09 13:20:33 [restartedMain] INFO  c.sisco_e.escola.SiscoEApplication - No active profile set, falling back to 1 default profile: "default"
2026-10-09 13:20:33 [restartedMain] INFO  o.s.b.d.e.DevToolsPropertyDefaultsPostProcessor - Devtools property defaults active! Set 'spring.devtools.add-properties' to 'false' to disable
2026-10-09 13:20:33 [restartedMain] INFO  o.s.b.d.e.DevToolsPropertyDefaultsPostProcessor - For additional web related logging consider setting the 'logging.level.web' property to 'DEBUG'
2026-10-09 13:20:35 [restartedMain] INFO  o.s.d.r.c.RepositoryConfigurationDelegate - Multiple Spring Data modules found, entering strict repository configuration mode
2026-10-09 13:20:35 [restartedMain] INFO  o.s.d.r.c.RepositoryConfigurationDelegate - Bootstrapping Spring Data Redis repositories in DEFAULT mode.
2026-10-09 13:20:35 [restartedMain] INFO  o.s.d.r.c.RepositoryConfigurationExtensionSupport - Spring Data Redis - Could not safely identify store assignment for repository candidate interface com.sisco_e.escola.model.repository.ContratoInternetRepository; If you want this repository to be a Redis repository, consider annotating your entities with one of these annotations: org.springframework.data.redis.core.RedisHash (preferred), or consider extending one of the following types with your repository: org.springframework.data.keyvalue.repository.KeyValueRepository
2026-10-09 13:20:35 [restartedMain] INFO  o.s.d.r.c.RepositoryConfigurationExtensionSupport - Spring Data Redis - Could not safely identify store assignment for repository candidate interface com.sisco_e.escola.model.repository.DiretorRepository; If you want this repository to be a Redis repository, consider annotating your entities with one of these annotations: org.springframework.data.redis.core.RedisHash (preferred), or consider extending one of the following types with your repository: org.springframework.data.keyvalue.repository.KeyValueRepository
2026-10-09 13:20:35 [restartedMain] INFO  o.s.d.r.c.RepositoryConfigurationExtensionSupport - Spring Data Redis - Could not safely identify store assignment for repository candidate interface com.sisco_e.escola.model.repository.EscolaRepository; If you want this repository to be a Redis repository, consider annotating your entities with one of these annotations: org.springframework.data.redis.core.RedisHash (preferred), or consider extending one of the following types with your repository: org.springframework.data.keyvalue.repository.KeyValueRepository
2026-10-09 13:20:35 [restartedMain] INFO  o.s.d.r.c.RepositoryConfigurationExtensionSupport - Spring Data Redis - Could not safely identify store assignment for repository candidate interface com.sisco_e.escola.model.repository.LinkInternetRepository; If you want this repository to be a Redis repository, consider annotating your entities with one of these annotations: org.springframework.data.redis.core.RedisHash (preferred), or consider extending one of the following types with your repository: org.springframework.data.keyvalue.repository.KeyValueRepository
2026-10-09 13:20:35 [restartedMain] INFO  o.s.d.r.c.RepositoryConfigurationExtensionSupport - Spring Data Redis - Could not safely identify store assignment for repository candidate interface com.sisco_e.escola.model.repository.ProvedorInternetRepository; If you want this repository to be a Redis repository, consider annotating your entities with one of these annotations: org.springframework.data.redis.core.RedisHash (preferred), or consider extending one of the following types with your repository: org.springframework.data.keyvalue.repository.KeyValueRepository
2026-10-09 13:20:36 [restartedMain] INFO  o.s.d.r.c.RepositoryConfigurationExtensionSupport - Spring Data Redis - Could not safely identify store assignment for repository candidate interface com.sisco_e.escola.model.repository.UsuarioRepository; If you want this repository to be a Redis repository, consider annotating your entities with one of these annotations: org.springframework.data.redis.core.RedisHash (preferred), or consider extending one of the following types with your repository: org.springframework.data.keyvalue.repository.KeyValueRepository
2026-10-09 13:20:36 [restartedMain] INFO  o.s.d.r.c.RepositoryConfigurationDelegate - Finished Spring Data repository scanning in 404 ms. Found 1 Redis repository interface.
2026-10-09 13:20:36 [restartedMain] INFO  o.s.d.r.c.RepositoryConfigurationDelegate - Multiple Spring Data modules found, entering strict repository configuration mode
2026-10-09 13:20:36 [restartedMain] INFO  o.s.d.r.c.RepositoryConfigurationDelegate - Bootstrapping Spring Data JPA repositories in DEFAULT mode.
2026-10-09 13:20:36 [restartedMain] INFO  o.s.d.r.c.RepositoryConfigurationExtensionSupport - Spring Data JPA - Could not safely identify store assignment for repository candidate interface com.sisco_e.escola.model.repository.RefreshTokenRepository; If you want this repository to be a JPA repository, consider annotating your entities with one of these annotations: jakarta.persistence.Entity, jakarta.persistence.MappedSuperclass (preferred), or consider extending one of the following types with your repository: org.springframework.data.jpa.repository.JpaRepository
2026-10-09 13:20:36 [restartedMain] INFO  o.s.d.r.c.RepositoryConfigurationDelegate - Finished Spring Data repository scanning in 90 ms. Found 6 JPA repository interfaces.
2026-10-09 13:20:38 [restartedMain] INFO  o.s.boot.tomcat.TomcatWebServer - Tomcat initialized with port 8080 (http)
2026-10-09 13:20:38 [restartedMain] INFO  o.a.catalina.core.StandardService - Starting service [Tomcat]
2026-10-09 13:20:38 [restartedMain] INFO  o.a.catalina.core.StandardEngine - Starting Servlet engine: [Apache Tomcat/11.0.22]
2026-10-09 13:20:38 [restartedMain] INFO  o.s.b.w.c.s.WebApplicationContextInitializer - Root WebApplicationContext: initialization completed in 4510 ms
2026-10-09 13:20:38 [restartedMain] INFO  org.hibernate.orm.jpa - HHH008540: Processing PersistenceUnitInfo [name: default]
2026-10-09 13:20:38 [restartedMain] INFO  org.hibernate.orm.core - HHH000001: Hibernate ORM core version 7.2.19.Final
2026-10-09 13:20:39 [restartedMain] INFO  o.h.e.b.internal.EnversServiceImpl - Envers integration enabled? : true
2026-10-09 13:20:40 [restartedMain] INFO  o.s.o.j.p.SpringPersistenceUnitInfo - No LoadTimeWeaver setup: ignoring JPA class transformer
2026-10-09 13:20:40 [restartedMain] INFO  com.zaxxer.hikari.HikariDataSource - HikariPool-1 - Starting...
2026-10-09 13:20:40 [restartedMain] INFO  com.zaxxer.hikari.pool.HikariPool - HikariPool-1 - Added connection org.postgresql.jdbc.PgConnection@3c1e2147
2026-10-09 13:20:40 [restartedMain] INFO  com.zaxxer.hikari.HikariDataSource - HikariPool-1 - Start completed.
2026-10-09 13:20:41 [restartedMain] INFO  o.hibernate.orm.connections.pooling - HHH10001005: Database info:
	Database JDBC URL [jdbc:postgresql://localhost:5432/sisco]
	Database driver: PostgreSQL JDBC Driver
	Database dialect: PostgreSQLDialect
	Database version: 18.6
	Default catalog/schema: sisco/public
	Autocommit mode: undefined/unknown
	Isolation level: READ_COMMITTED [default READ_COMMITTED]
	JDBC fetch size: none
	Pool: DataSourceConnectionProvider
	Minimum pool size: undefined/unknown
	Maximum pool size: undefined/unknown
2026-10-09 13:20:41 [restartedMain] INFO  o.h.e.c.i.m.AuditMetadataGenerator - Adding properties for entity: com.sisco_e.escola.model.entity.Escola
2026-10-09 13:20:41 [restartedMain] INFO  o.h.e.c.i.m.AuditMetadataGenerator - Adding properties for entity: com.sisco_e.escola.model.entity.Diretor
2026-10-09 13:20:41 [restartedMain] INFO  o.h.e.c.i.m.AuditMetadataGenerator - Adding properties for entity: com.sisco_e.escola.model.entity.Usuario
2026-10-09 13:20:42 [restartedMain] INFO  org.hibernate.orm.core - HHH000489: No JTA platform available (set 'hibernate.transaction.jta.platform' to enable JTA platform integration)
2026-10-09 13:20:43 [restartedMain] WARN  org.hibernate.orm.jdbc.warn - HHH000247: ErrorCode: 0, SQLState: 00000
2026-10-09 13:20:43 [restartedMain] WARN  org.hibernate.orm.jdbc.warn - restrição "uk_contratos_internet_escola_provedor_data" da relação "tb_contrato_net" não existe, ignorando
2026-10-09 13:20:43 [restartedMain] INFO  o.s.o.j.LocalContainerEntityManagerFactoryBean - Initialized JPA EntityManagerFactory for persistence unit 'default'
2026-10-09 13:20:43 [restartedMain] INFO  o.s.d.j.r.q.QueryEnhancerFactories - Hibernate is in classpath; If applicable, HQL parser will be used.
2026-10-09 13:20:44 [restartedMain] DEBUG c.s.e.s.JwtAuthenticationFilter - Filter 'jwtAuthenticationFilter' configured for use
2026-10-09 13:20:45 [restartedMain] INFO  o.s.s.c.a.a.c.InitializeAuthenticationProviderBeanManagerConfigurer$InitializeAuthenticationProviderManagerConfigurer - Global AuthenticationManager configured with AuthenticationProvider bean with name authenticationProvider
2026-10-09 13:20:45 [restartedMain] WARN  o.s.s.c.a.a.c.InitializeUserDetailsBeanManagerConfigurer$InitializeUserDetailsManagerConfigurer - Global AuthenticationManager configured with an AuthenticationProvider bean. UserDetailsService beans will not be used by Spring Security for automatically configuring username/password login. Consider removing the AuthenticationProvider bean. Alternatively, consider using the UserDetailsService in a manually instantiated DaoAuthenticationProvider. If the current configuration is intentional, to turn off this warning, increase the logging level of 'org.springframework.security.config.annotation.authentication.configuration.InitializeUserDetailsBeanManagerConfigurer' to ERROR
2026-10-09 13:20:45 [restartedMain] WARN  o.s.b.j.a.JpaBaseConfiguration$JpaWebConfiguration - spring.jpa.open-in-view is enabled by default. Therefore, database queries may be performed during view rendering. Explicitly configure spring.jpa.open-in-view to disable this warning
2026-10-09 13:20:46 [restartedMain] INFO  o.s.b.a.e.web.EndpointLinksResolver - Exposing 1 endpoint beneath base path '/actuator'
2026-10-09 13:20:46 [restartedMain] WARN  o.s.b.w.s.s.c.AnnotationConfigServletWebServerApplicationContext - Exception encountered during context initialization - cancelling refresh attempt: org.springframework.context.ApplicationContextException: Failed to start bean 'webServerStartStop'
2026-10-09 13:20:46 [restartedMain] INFO  o.s.o.j.LocalContainerEntityManagerFactoryBean - Closing JPA EntityManagerFactory for persistence unit 'default'
2026-10-09 13:20:46 [restartedMain] INFO  com.zaxxer.hikari.HikariDataSource - HikariPool-1 - Shutdown initiated...
2026-10-09 13:20:46 [restartedMain] INFO  com.zaxxer.hikari.HikariDataSource - HikariPool-1 - Shutdown completed.
2026-10-09 13:20:46 [restartedMain] INFO  o.s.b.a.l.ConditionEvaluationReportLogger - 

Error starting ApplicationContext. To display the condition evaluation report re-run your application with 'debug' enabled.
2026-10-09 13:20:46 [restartedMain] ERROR o.s.boot.SpringApplication - Application run failed
org.springframework.context.ApplicationContextException: Failed to start bean 'webServerStartStop'
	at org.springframework.context.support.DefaultLifecycleProcessor.doStart(DefaultLifecycleProcessor.java:423)
	at org.springframework.context.support.DefaultLifecycleProcessor.doStart(DefaultLifecycleProcessor.java:409)
	at org.springframework.context.support.DefaultLifecycleProcessor$LifecycleGroup.start(DefaultLifecycleProcessor.java:613)
	at java.base/java.lang.Iterable.forEach(Iterable.java:75)
	at org.springframework.context.support.DefaultLifecycleProcessor.startBeans(DefaultLifecycleProcessor.java:379)
	at org.springframework.context.support.DefaultLifecycleProcessor.onRefresh(DefaultLifecycleProcessor.java:306)
	at org.springframework.context.support.AbstractApplicationContext.finishRefresh(AbstractApplicationContext.java:1013)
	at org.springframework.context.support.AbstractApplicationContext.refresh(AbstractApplicationContext.java:624)
	at org.springframework.boot.web.server.servlet.context.ServletWebServerApplicationContext.refresh(ServletWebServerApplicationContext.java:143)
	at org.springframework.boot.SpringApplication.refresh(SpringApplication.java:756)
	at org.springframework.boot.SpringApplication.refreshContext(SpringApplication.java:445)
	at org.springframework.boot.SpringApplication.run(SpringApplication.java:321)
	at org.springframework.boot.SpringApplication.run(SpringApplication.java:1365)
	at org.springframework.boot.SpringApplication.run(SpringApplication.java:1354)
	at com.sisco_e.escola.SiscoEApplication.main(SiscoEApplication.java:12)
	at java.base/jdk.internal.reflect.DirectMethodHandleAccessor.invoke(DirectMethodHandleAccessor.java:103)
	at java.base/java.lang.reflect.Method.invoke(Method.java:580)
	at org.springframework.boot.devtools.restart.RestartLauncher.run(RestartLauncher.java:52)
Caused by: org.springframework.boot.web.server.WebServerException: Unable to start embedded Tomcat server
	at org.springframework.boot.tomcat.TomcatWebServer.start(TomcatWebServer.java:248)
	at org.springframework.boot.web.server.servlet.context.WebServerStartStopLifecycle.start(WebServerStartStopLifecycle.java:44)
	at org.springframework.context.support.DefaultLifecycleProcessor.doStart(DefaultLifecycleProcessor.java:420)
	... 17 common frames omitted
Caused by: java.lang.IllegalArgumentException: standardService.connector.startFailed
	at org.apache.catalina.core.StandardService.addConnector(StandardService.java:220)
	at org.springframework.boot.tomcat.TomcatWebServer.addPreviouslyRemovedConnectors(TomcatWebServer.java:307)
	at org.springframework.boot.tomcat.TomcatWebServer.start(TomcatWebServer.java:233)
	... 19 common frames omitted
Caused by: org.apache.catalina.LifecycleException: Protocol handler start failed
	at org.apache.catalina.connector.Connector.startInternal(Connector.java:1119)
	at org.apache.catalina.util.LifecycleBase.start(LifecycleBase.java:164)
	at org.apache.catalina.core.StandardService.addConnector(StandardService.java:217)
	... 21 common frames omitted
Caused by: java.net.BindException: Endereço já em uso
	at java.base/sun.nio.ch.Net.bind0(Native Method)
	at java.base/sun.nio.ch.Net.bind(Net.java:577)
	at java.base/sun.nio.ch.ServerSocketChannelImpl.netBind(ServerSocketChannelImpl.java:344)
	at java.base/sun.nio.ch.ServerSocketChannelImpl.bind(ServerSocketChannelImpl.java:301)
	at org.apache.tomcat.util.net.NioEndpoint.initServerSocket(NioEndpoint.java:265)
	at org.apache.tomcat.util.net.NioEndpoint.bind(NioEndpoint.java:220)
	at org.apache.tomcat.util.net.AbstractEndpoint.bindWithCleanup(AbstractEndpoint.java:1642)
	at org.apache.tomcat.util.net.AbstractEndpoint.start(AbstractEndpoint.java:1725)
	at org.apache.coyote.AbstractProtocol.start(AbstractProtocol.java:948)
	at org.apache.catalina.connector.Connector.startInternal(Connector.java:1116)
	... 23 common frames omitted
2026-10-09 13:21:15 [restartedMain] INFO  c.sisco_e.escola.SiscoEApplication - Starting SiscoEApplication using Java 21.0.12.1 with PID 436816 (/home/cleber/desv/2-doing/sisco-project/sisco-e/target/classes started by cleber in /home/cleber/desv/2-doing/sisco-project/sisco-e)
2026-10-09 13:21:15 [restartedMain] DEBUG c.sisco_e.escola.SiscoEApplication - Running with Spring Boot v4.0.7, Spring v7.0.8
2026-10-09 13:21:15 [restartedMain] INFO  c.sisco_e.escola.SiscoEApplication - No active profile set, falling back to 1 default profile: "default"
2026-10-09 13:21:15 [restartedMain] INFO  o.s.b.d.e.DevToolsPropertyDefaultsPostProcessor - Devtools property defaults active! Set 'spring.devtools.add-properties' to 'false' to disable
2026-10-09 13:21:15 [restartedMain] INFO  o.s.b.d.e.DevToolsPropertyDefaultsPostProcessor - For additional web related logging consider setting the 'logging.level.web' property to 'DEBUG'
2026-10-09 13:21:17 [restartedMain] INFO  o.s.d.r.c.RepositoryConfigurationDelegate - Multiple Spring Data modules found, entering strict repository configuration mode
2026-10-09 13:21:17 [restartedMain] INFO  o.s.d.r.c.RepositoryConfigurationDelegate - Bootstrapping Spring Data Redis repositories in DEFAULT mode.
2026-10-09 13:21:17 [restartedMain] INFO  o.s.d.r.c.RepositoryConfigurationExtensionSupport - Spring Data Redis - Could not safely identify store assignment for repository candidate interface com.sisco_e.escola.model.repository.ContratoInternetRepository; If you want this repository to be a Redis repository, consider annotating your entities with one of these annotations: org.springframework.data.redis.core.RedisHash (preferred), or consider extending one of the following types with your repository: org.springframework.data.keyvalue.repository.KeyValueRepository
2026-10-09 13:21:17 [restartedMain] INFO  o.s.d.r.c.RepositoryConfigurationExtensionSupport - Spring Data Redis - Could not safely identify store assignment for repository candidate interface com.sisco_e.escola.model.repository.DiretorRepository; If you want this repository to be a Redis repository, consider annotating your entities with one of these annotations: org.springframework.data.redis.core.RedisHash (preferred), or consider extending one of the following types with your repository: org.springframework.data.keyvalue.repository.KeyValueRepository
2026-10-09 13:21:17 [restartedMain] INFO  o.s.d.r.c.RepositoryConfigurationExtensionSupport - Spring Data Redis - Could not safely identify store assignment for repository candidate interface com.sisco_e.escola.model.repository.EscolaRepository; If you want this repository to be a Redis repository, consider annotating your entities with one of these annotations: org.springframework.data.redis.core.RedisHash (preferred), or consider extending one of the following types with your repository: org.springframework.data.keyvalue.repository.KeyValueRepository
2026-10-09 13:21:17 [restartedMain] INFO  o.s.d.r.c.RepositoryConfigurationExtensionSupport - Spring Data Redis - Could not safely identify store assignment for repository candidate interface com.sisco_e.escola.model.repository.LinkInternetRepository; If you want this repository to be a Redis repository, consider annotating your entities with one of these annotations: org.springframework.data.redis.core.RedisHash (preferred), or consider extending one of the following types with your repository: org.springframework.data.keyvalue.repository.KeyValueRepository
2026-10-09 13:21:17 [restartedMain] INFO  o.s.d.r.c.RepositoryConfigurationExtensionSupport - Spring Data Redis - Could not safely identify store assignment for repository candidate interface com.sisco_e.escola.model.repository.ProvedorInternetRepository; If you want this repository to be a Redis repository, consider annotating your entities with one of these annotations: org.springframework.data.redis.core.RedisHash (preferred), or consider extending one of the following types with your repository: org.springframework.data.keyvalue.repository.KeyValueRepository
2026-10-09 13:21:17 [restartedMain] INFO  o.s.d.r.c.RepositoryConfigurationExtensionSupport - Spring Data Redis - Could not safely identify store assignment for repository candidate interface com.sisco_e.escola.model.repository.UsuarioRepository; If you want this repository to be a Redis repository, consider annotating your entities with one of these annotations: org.springframework.data.redis.core.RedisHash (preferred), or consider extending one of the following types with your repository: org.springframework.data.keyvalue.repository.KeyValueRepository
2026-10-09 13:21:17 [restartedMain] INFO  o.s.d.r.c.RepositoryConfigurationDelegate - Finished Spring Data repository scanning in 123 ms. Found 1 Redis repository interface.
2026-10-09 13:21:17 [restartedMain] INFO  o.s.d.r.c.RepositoryConfigurationDelegate - Multiple Spring Data modules found, entering strict repository configuration mode
2026-10-09 13:21:17 [restartedMain] INFO  o.s.d.r.c.RepositoryConfigurationDelegate - Bootstrapping Spring Data JPA repositories in DEFAULT mode.
2026-10-09 13:21:17 [restartedMain] INFO  o.s.d.r.c.RepositoryConfigurationExtensionSupport - Spring Data JPA - Could not safely identify store assignment for repository candidate interface com.sisco_e.escola.model.repository.RefreshTokenRepository; If you want this repository to be a JPA repository, consider annotating your entities with one of these annotations: jakarta.persistence.Entity, jakarta.persistence.MappedSuperclass (preferred), or consider extending one of the following types with your repository: org.springframework.data.jpa.repository.JpaRepository
2026-10-09 13:21:17 [restartedMain] INFO  o.s.d.r.c.RepositoryConfigurationDelegate - Finished Spring Data repository scanning in 37 ms. Found 6 JPA repository interfaces.
2026-10-09 13:21:18 [restartedMain] INFO  o.s.boot.tomcat.TomcatWebServer - Tomcat initialized with port 8080 (http)
2026-10-09 13:21:18 [restartedMain] INFO  o.a.catalina.core.StandardService - Starting service [Tomcat]
2026-10-09 13:21:18 [restartedMain] INFO  o.a.catalina.core.StandardEngine - Starting Servlet engine: [Apache Tomcat/11.0.22]
2026-10-09 13:21:18 [restartedMain] INFO  o.s.b.w.c.s.WebApplicationContextInitializer - Root WebApplicationContext: initialization completed in 2976 ms
2026-10-09 13:21:18 [restartedMain] INFO  org.hibernate.orm.jpa - HHH008540: Processing PersistenceUnitInfo [name: default]
2026-10-09 13:21:18 [restartedMain] INFO  org.hibernate.orm.core - HHH000001: Hibernate ORM core version 7.2.19.Final
2026-10-09 13:21:19 [restartedMain] INFO  o.h.e.b.internal.EnversServiceImpl - Envers integration enabled? : true
2026-10-09 13:21:19 [restartedMain] INFO  o.s.o.j.p.SpringPersistenceUnitInfo - No LoadTimeWeaver setup: ignoring JPA class transformer
2026-10-09 13:21:19 [restartedMain] INFO  com.zaxxer.hikari.HikariDataSource - HikariPool-1 - Starting...
2026-10-09 13:21:20 [restartedMain] INFO  com.zaxxer.hikari.pool.HikariPool - HikariPool-1 - Added connection org.postgresql.jdbc.PgConnection@561553ea
2026-10-09 13:21:20 [restartedMain] INFO  com.zaxxer.hikari.HikariDataSource - HikariPool-1 - Start completed.
2026-10-09 13:21:20 [restartedMain] INFO  o.hibernate.orm.connections.pooling - HHH10001005: Database info:
	Database JDBC URL [jdbc:postgresql://localhost:5432/sisco]
	Database driver: PostgreSQL JDBC Driver
	Database dialect: PostgreSQLDialect
	Database version: 18.6
	Default catalog/schema: sisco/public
	Autocommit mode: undefined/unknown
	Isolation level: READ_COMMITTED [default READ_COMMITTED]
	JDBC fetch size: none
	Pool: DataSourceConnectionProvider
	Minimum pool size: undefined/unknown
	Maximum pool size: undefined/unknown
2026-10-09 13:21:20 [restartedMain] INFO  o.h.e.c.i.m.AuditMetadataGenerator - Adding properties for entity: com.sisco_e.escola.model.entity.Escola
2026-10-09 13:21:20 [restartedMain] INFO  o.h.e.c.i.m.AuditMetadataGenerator - Adding properties for entity: com.sisco_e.escola.model.entity.Diretor
2026-10-09 13:21:20 [restartedMain] INFO  o.h.e.c.i.m.AuditMetadataGenerator - Adding properties for entity: com.sisco_e.escola.model.entity.Usuario
2026-10-09 13:21:22 [restartedMain] INFO  org.hibernate.orm.core - HHH000489: No JTA platform available (set 'hibernate.transaction.jta.platform' to enable JTA platform integration)
2026-10-09 13:21:23 [restartedMain] WARN  org.hibernate.orm.jdbc.warn - HHH000247: ErrorCode: 0, SQLState: 00000
2026-10-09 13:21:23 [restartedMain] WARN  org.hibernate.orm.jdbc.warn - restrição "uk_contratos_internet_escola_provedor_data" da relação "tb_contrato_net" não existe, ignorando
2026-10-09 13:21:23 [restartedMain] INFO  o.s.o.j.LocalContainerEntityManagerFactoryBean - Initialized JPA EntityManagerFactory for persistence unit 'default'
2026-10-09 13:21:23 [restartedMain] INFO  o.s.d.j.r.q.QueryEnhancerFactories - Hibernate is in classpath; If applicable, HQL parser will be used.
2026-10-09 13:21:24 [restartedMain] DEBUG c.s.e.s.JwtAuthenticationFilter - Filter 'jwtAuthenticationFilter' configured for use
2026-10-09 13:21:25 [restartedMain] INFO  o.s.s.c.a.a.c.InitializeAuthenticationProviderBeanManagerConfigurer$InitializeAuthenticationProviderManagerConfigurer - Global AuthenticationManager configured with AuthenticationProvider bean with name authenticationProvider
2026-10-09 13:21:25 [restartedMain] WARN  o.s.s.c.a.a.c.InitializeUserDetailsBeanManagerConfigurer$InitializeUserDetailsManagerConfigurer - Global AuthenticationManager configured with an AuthenticationProvider bean. UserDetailsService beans will not be used by Spring Security for automatically configuring username/password login. Consider removing the AuthenticationProvider bean. Alternatively, consider using the UserDetailsService in a manually instantiated DaoAuthenticationProvider. If the current configuration is intentional, to turn off this warning, increase the logging level of 'org.springframework.security.config.annotation.authentication.configuration.InitializeUserDetailsBeanManagerConfigurer' to ERROR
2026-10-09 13:21:25 [restartedMain] WARN  o.s.b.j.a.JpaBaseConfiguration$JpaWebConfiguration - spring.jpa.open-in-view is enabled by default. Therefore, database queries may be performed during view rendering. Explicitly configure spring.jpa.open-in-view to disable this warning
2026-10-09 13:21:26 [restartedMain] INFO  o.s.b.a.e.web.EndpointLinksResolver - Exposing 1 endpoint beneath base path '/actuator'
2026-10-09 13:21:26 [restartedMain] WARN  o.s.b.w.s.s.c.AnnotationConfigServletWebServerApplicationContext - Exception encountered during context initialization - cancelling refresh attempt: org.springframework.context.ApplicationContextException: Failed to start bean 'webServerStartStop'
2026-10-09 13:21:26 [restartedMain] INFO  o.s.o.j.LocalContainerEntityManagerFactoryBean - Closing JPA EntityManagerFactory for persistence unit 'default'
2026-10-09 13:21:26 [restartedMain] INFO  com.zaxxer.hikari.HikariDataSource - HikariPool-1 - Shutdown initiated...
2026-10-09 13:21:26 [restartedMain] INFO  com.zaxxer.hikari.HikariDataSource - HikariPool-1 - Shutdown completed.
2026-10-09 13:21:26 [restartedMain] INFO  o.s.b.a.l.ConditionEvaluationReportLogger - 

Error starting ApplicationContext. To display the condition evaluation report re-run your application with 'debug' enabled.
2026-10-09 13:21:26 [restartedMain] ERROR o.s.boot.SpringApplication - Application run failed
org.springframework.context.ApplicationContextException: Failed to start bean 'webServerStartStop'
	at org.springframework.context.support.DefaultLifecycleProcessor.doStart(DefaultLifecycleProcessor.java:423)
	at org.springframework.context.support.DefaultLifecycleProcessor.doStart(DefaultLifecycleProcessor.java:409)
	at org.springframework.context.support.DefaultLifecycleProcessor$LifecycleGroup.start(DefaultLifecycleProcessor.java:613)
	at java.base/java.lang.Iterable.forEach(Iterable.java:75)
	at org.springframework.context.support.DefaultLifecycleProcessor.startBeans(DefaultLifecycleProcessor.java:379)
	at org.springframework.context.support.DefaultLifecycleProcessor.onRefresh(DefaultLifecycleProcessor.java:306)
	at org.springframework.context.support.AbstractApplicationContext.finishRefresh(AbstractApplicationContext.java:1013)
	at org.springframework.context.support.AbstractApplicationContext.refresh(AbstractApplicationContext.java:624)
	at org.springframework.boot.web.server.servlet.context.ServletWebServerApplicationContext.refresh(ServletWebServerApplicationContext.java:143)
	at org.springframework.boot.SpringApplication.refresh(SpringApplication.java:756)
	at org.springframework.boot.SpringApplication.refreshContext(SpringApplication.java:445)
	at org.springframework.boot.SpringApplication.run(SpringApplication.java:321)
	at org.springframework.boot.SpringApplication.run(SpringApplication.java:1365)
	at org.springframework.boot.SpringApplication.run(SpringApplication.java:1354)
	at com.sisco_e.escola.SiscoEApplication.main(SiscoEApplication.java:12)
	at java.base/jdk.internal.reflect.DirectMethodHandleAccessor.invoke(DirectMethodHandleAccessor.java:103)
	at java.base/java.lang.reflect.Method.invoke(Method.java:580)
	at org.springframework.boot.devtools.restart.RestartLauncher.run(RestartLauncher.java:52)
Caused by: org.springframework.boot.web.server.WebServerException: Unable to start embedded Tomcat server
	at org.springframework.boot.tomcat.TomcatWebServer.start(TomcatWebServer.java:248)
	at org.springframework.boot.web.server.servlet.context.WebServerStartStopLifecycle.start(WebServerStartStopLifecycle.java:44)
	at org.springframework.context.support.DefaultLifecycleProcessor.doStart(DefaultLifecycleProcessor.java:420)
	... 17 common frames omitted
Caused by: java.lang.IllegalArgumentException: standardService.connector.startFailed
	at org.apache.catalina.core.StandardService.addConnector(StandardService.java:220)
	at org.springframework.boot.tomcat.TomcatWebServer.addPreviouslyRemovedConnectors(TomcatWebServer.java:307)
	at org.springframework.boot.tomcat.TomcatWebServer.start(TomcatWebServer.java:233)
	... 19 common frames omitted
Caused by: org.apache.catalina.LifecycleException: Protocol handler start failed
	at org.apache.catalina.connector.Connector.startInternal(Connector.java:1119)
	at org.apache.catalina.util.LifecycleBase.start(LifecycleBase.java:164)
	at org.apache.catalina.core.StandardService.addConnector(StandardService.java:217)
	... 21 common frames omitted
Caused by: java.net.BindException: Endereço já em uso
	at java.base/sun.nio.ch.Net.bind0(Native Method)
	at java.base/sun.nio.ch.Net.bind(Net.java:577)
	at java.base/sun.nio.ch.ServerSocketChannelImpl.netBind(ServerSocketChannelImpl.java:344)
	at java.base/sun.nio.ch.ServerSocketChannelImpl.bind(ServerSocketChannelImpl.java:301)
	at org.apache.tomcat.util.net.NioEndpoint.initServerSocket(NioEndpoint.java:265)
	at org.apache.tomcat.util.net.NioEndpoint.bind(NioEndpoint.java:220)
	at org.apache.tomcat.util.net.AbstractEndpoint.bindWithCleanup(AbstractEndpoint.java:1642)
	at org.apache.tomcat.util.net.AbstractEndpoint.start(AbstractEndpoint.java:1725)
	at org.apache.coyote.AbstractProtocol.start(AbstractProtocol.java:948)
	at org.apache.catalina.connector.Connector.startInternal(Connector.java:1116)
	... 23 common frames omitted
2026-10-09 13:21:43 [File Watcher] INFO  o.s.b.d.a.LocalDevToolsAutoConfiguration$RestartingClassPathChangeChangedEventListener - Restarting due to 1 class path change (0 additions, 0 deletions, 1 modification)
2026-10-09 13:21:43 [Thread-77] INFO  o.s.boot.tomcat.GracefulShutdown - Commencing graceful shutdown. Waiting for active requests to complete
2026-10-09 13:21:43 [tomcat-shutdown] INFO  o.s.boot.tomcat.GracefulShutdown - Graceful shutdown complete
2026-10-09 13:21:44 [Thread-77] INFO  o.s.o.j.LocalContainerEntityManagerFactoryBean - Closing JPA EntityManagerFactory for persistence unit 'default'
2026-10-09 13:21:44 [Thread-77] INFO  com.zaxxer.hikari.HikariDataSource - HikariPool-20 - Shutdown initiated...
2026-10-09 13:21:44 [Thread-77] INFO  com.zaxxer.hikari.HikariDataSource - HikariPool-20 - Shutdown completed.
2026-10-09 13:21:45 [restartedMain] INFO  c.sisco_e.escola.SiscoEApplication - Starting SiscoEApplication using Java 21.0.12.1 with PID 438287 (/home/cleber/desv/2-doing/sisco-project/sisco-e/target/classes started by cleber in /home/cleber/desv/2-doing/sisco-project/sisco-e)
2026-10-09 13:21:45 [restartedMain] DEBUG c.sisco_e.escola.SiscoEApplication - Running with Spring Boot v4.0.7, Spring v7.0.8
2026-10-09 13:21:45 [restartedMain] INFO  c.sisco_e.escola.SiscoEApplication - No active profile set, falling back to 1 default profile: "default"
2026-10-09 13:21:45 [restartedMain] INFO  o.s.b.d.e.DevToolsPropertyDefaultsPostProcessor - Devtools property defaults active! Set 'spring.devtools.add-properties' to 'false' to disable
2026-10-09 13:21:45 [restartedMain] INFO  o.s.b.d.e.DevToolsPropertyDefaultsPostProcessor - For additional web related logging consider setting the 'logging.level.web' property to 'DEBUG'
2026-10-09 13:21:46 [restartedMain] INFO  o.s.d.r.c.RepositoryConfigurationDelegate - Multiple Spring Data modules found, entering strict repository configuration mode
2026-10-09 13:21:46 [restartedMain] INFO  o.s.d.r.c.RepositoryConfigurationDelegate - Bootstrapping Spring Data Redis repositories in DEFAULT mode.
2026-10-09 13:21:46 [restartedMain] INFO  o.s.d.r.c.RepositoryConfigurationExtensionSupport - Spring Data Redis - Could not safely identify store assignment for repository candidate interface com.sisco_e.escola.model.repository.ContratoInternetRepository; If you want this repository to be a Redis repository, consider annotating your entities with one of these annotations: org.springframework.data.redis.core.RedisHash (preferred), or consider extending one of the following types with your repository: org.springframework.data.keyvalue.repository.KeyValueRepository
2026-10-09 13:21:46 [restartedMain] INFO  o.s.d.r.c.RepositoryConfigurationExtensionSupport - Spring Data Redis - Could not safely identify store assignment for repository candidate interface com.sisco_e.escola.model.repository.DiretorRepository; If you want this repository to be a Redis repository, consider annotating your entities with one of these annotations: org.springframework.data.redis.core.RedisHash (preferred), or consider extending one of the following types with your repository: org.springframework.data.keyvalue.repository.KeyValueRepository
2026-10-09 13:21:46 [restartedMain] INFO  o.s.d.r.c.RepositoryConfigurationExtensionSupport - Spring Data Redis - Could not safely identify store assignment for repository candidate interface com.sisco_e.escola.model.repository.EscolaRepository; If you want this repository to be a Redis repository, consider annotating your entities with one of these annotations: org.springframework.data.redis.core.RedisHash (preferred), or consider extending one of the following types with your repository: org.springframework.data.keyvalue.repository.KeyValueRepository
2026-10-09 13:21:46 [restartedMain] INFO  o.s.d.r.c.RepositoryConfigurationExtensionSupport - Spring Data Redis - Could not safely identify store assignment for repository candidate interface com.sisco_e.escola.model.repository.LinkInternetRepository; If you want this repository to be a Redis repository, consider annotating your entities with one of these annotations: org.springframework.data.redis.core.RedisHash (preferred), or consider extending one of the following types with your repository: org.springframework.data.keyvalue.repository.KeyValueRepository
2026-10-09 13:21:46 [restartedMain] INFO  o.s.d.r.c.RepositoryConfigurationExtensionSupport - Spring Data Redis - Could not safely identify store assignment for repository candidate interface com.sisco_e.escola.model.repository.ProvedorInternetRepository; If you want this repository to be a Redis repository, consider annotating your entities with one of these annotations: org.springframework.data.redis.core.RedisHash (preferred), or consider extending one of the following types with your repository: org.springframework.data.keyvalue.repository.KeyValueRepository
2026-10-09 13:21:46 [restartedMain] INFO  o.s.d.r.c.RepositoryConfigurationExtensionSupport - Spring Data Redis - Could not safely identify store assignment for repository candidate interface com.sisco_e.escola.model.repository.UsuarioRepository; If you want this repository to be a Redis repository, consider annotating your entities with one of these annotations: org.springframework.data.redis.core.RedisHash (preferred), or consider extending one of the following types with your repository: org.springframework.data.keyvalue.repository.KeyValueRepository
2026-10-09 13:21:46 [restartedMain] INFO  c.sisco_e.escola.SiscoEApplication - Starting SiscoEApplication using Java 21.0.12.1 with PID 272194 (/home/cleber/desv/2-doing/sisco-project/sisco-e/target/classes started by cleber in /home/cleber/desv/2-doing/sisco-project/sisco-e)
2026-10-09 13:21:46 [restartedMain] DEBUG c.sisco_e.escola.SiscoEApplication - Running with Spring Boot v4.0.7, Spring v7.0.8
2026-10-09 13:21:46 [restartedMain] INFO  c.sisco_e.escola.SiscoEApplication - No active profile set, falling back to 1 default profile: "default"
2026-10-09 13:21:46 [restartedMain] INFO  o.s.d.r.c.RepositoryConfigurationDelegate - Finished Spring Data repository scanning in 141 ms. Found 1 Redis repository interface.
2026-10-09 13:21:46 [restartedMain] INFO  o.s.d.r.c.RepositoryConfigurationDelegate - Multiple Spring Data modules found, entering strict repository configuration mode
2026-10-09 13:21:46 [restartedMain] INFO  o.s.d.r.c.RepositoryConfigurationDelegate - Bootstrapping Spring Data JPA repositories in DEFAULT mode.
2026-10-09 13:21:46 [restartedMain] INFO  o.s.d.r.c.RepositoryConfigurationExtensionSupport - Spring Data JPA - Could not safely identify store assignment for repository candidate interface com.sisco_e.escola.model.repository.RefreshTokenRepository; If you want this repository to be a JPA repository, consider annotating your entities with one of these annotations: jakarta.persistence.Entity, jakarta.persistence.MappedSuperclass (preferred), or consider extending one of the following types with your repository: org.springframework.data.jpa.repository.JpaRepository
2026-10-09 13:21:46 [restartedMain] INFO  o.s.d.r.c.RepositoryConfigurationDelegate - Finished Spring Data repository scanning in 41 ms. Found 6 JPA repository interfaces.
2026-10-09 13:21:46 [restartedMain] INFO  o.s.d.r.c.RepositoryConfigurationDelegate - Multiple Spring Data modules found, entering strict repository configuration mode
2026-10-09 13:21:46 [restartedMain] INFO  o.s.d.r.c.RepositoryConfigurationDelegate - Bootstrapping Spring Data Redis repositories in DEFAULT mode.
2026-10-09 13:21:46 [restartedMain] INFO  o.s.d.r.c.RepositoryConfigurationExtensionSupport - Spring Data Redis - Could not safely identify store assignment for repository candidate interface com.sisco_e.escola.model.repository.ContratoInternetRepository; If you want this repository to be a Redis repository, consider annotating your entities with one of these annotations: org.springframework.data.redis.core.RedisHash (preferred), or consider extending one of the following types with your repository: org.springframework.data.keyvalue.repository.KeyValueRepository
2026-10-09 13:21:46 [restartedMain] INFO  o.s.d.r.c.RepositoryConfigurationExtensionSupport - Spring Data Redis - Could not safely identify store assignment for repository candidate interface com.sisco_e.escola.model.repository.DiretorRepository; If you want this repository to be a Redis repository, consider annotating your entities with one of these annotations: org.springframework.data.redis.core.RedisHash (preferred), or consider extending one of the following types with your repository: org.springframework.data.keyvalue.repository.KeyValueRepository
2026-10-09 13:21:46 [restartedMain] INFO  o.s.d.r.c.RepositoryConfigurationExtensionSupport - Spring Data Redis - Could not safely identify store assignment for repository candidate interface com.sisco_e.escola.model.repository.EscolaRepository; If you want this repository to be a Redis repository, consider annotating your entities with one of these annotations: org.springframework.data.redis.core.RedisHash (preferred), or consider extending one of the following types with your repository: org.springframework.data.keyvalue.repository.KeyValueRepository
2026-10-09 13:21:46 [restartedMain] INFO  o.s.d.r.c.RepositoryConfigurationExtensionSupport - Spring Data Redis - Could not safely identify store assignment for repository candidate interface com.sisco_e.escola.model.repository.LinkInternetRepository; If you want this repository to be a Redis repository, consider annotating your entities with one of these annotations: org.springframework.data.redis.core.RedisHash (preferred), or consider extending one of the following types with your repository: org.springframework.data.keyvalue.repository.KeyValueRepository
2026-10-09 13:21:46 [restartedMain] INFO  o.s.d.r.c.RepositoryConfigurationExtensionSupport - Spring Data Redis - Could not safely identify store assignment for repository candidate interface com.sisco_e.escola.model.repository.ProvedorInternetRepository; If you want this repository to be a Redis repository, consider annotating your entities with one of these annotations: org.springframework.data.redis.core.RedisHash (preferred), or consider extending one of the following types with your repository: org.springframework.data.keyvalue.repository.KeyValueRepository
2026-10-09 13:21:46 [restartedMain] INFO  o.s.d.r.c.RepositoryConfigurationExtensionSupport - Spring Data Redis - Could not safely identify store assignment for repository candidate interface com.sisco_e.escola.model.repository.UsuarioRepository; If you want this repository to be a Redis repository, consider annotating your entities with one of these annotations: org.springframework.data.redis.core.RedisHash (preferred), or consider extending one of the following types with your repository: org.springframework.data.keyvalue.repository.KeyValueRepository
2026-10-09 13:21:46 [restartedMain] INFO  o.s.d.r.c.RepositoryConfigurationDelegate - Finished Spring Data repository scanning in 10 ms. Found 1 Redis repository interface.
2026-10-09 13:21:47 [restartedMain] INFO  o.s.d.r.c.RepositoryConfigurationDelegate - Multiple Spring Data modules found, entering strict repository configuration mode
2026-10-09 13:21:47 [restartedMain] INFO  o.s.d.r.c.RepositoryConfigurationDelegate - Bootstrapping Spring Data JPA repositories in DEFAULT mode.
2026-10-09 13:21:47 [restartedMain] INFO  o.s.d.r.c.RepositoryConfigurationExtensionSupport - Spring Data JPA - Could not safely identify store assignment for repository candidate interface com.sisco_e.escola.model.repository.RefreshTokenRepository; If you want this repository to be a JPA repository, consider annotating your entities with one of these annotations: jakarta.persistence.Entity, jakarta.persistence.MappedSuperclass (preferred), or consider extending one of the following types with your repository: org.springframework.data.jpa.repository.JpaRepository
2026-10-09 13:21:47 [restartedMain] INFO  o.s.d.r.c.RepositoryConfigurationDelegate - Finished Spring Data repository scanning in 20 ms. Found 6 JPA repository interfaces.
2026-10-09 13:21:47 [restartedMain] INFO  o.s.boot.tomcat.TomcatWebServer - Tomcat initialized with port 8080 (http)
2026-10-09 13:21:47 [restartedMain] INFO  o.a.catalina.core.StandardService - Starting service [Tomcat]
2026-10-09 13:21:47 [restartedMain] INFO  o.a.catalina.core.StandardEngine - Starting Servlet engine: [Apache Tomcat/11.0.22]
2026-10-09 13:21:47 [restartedMain] INFO  o.s.b.w.c.s.WebApplicationContextInitializer - Root WebApplicationContext: initialization completed in 2030 ms
2026-10-09 13:21:47 [restartedMain] INFO  org.hibernate.orm.jpa - HHH008540: Processing PersistenceUnitInfo [name: default]
2026-10-09 13:21:47 [restartedMain] INFO  org.hibernate.orm.core - HHH000001: Hibernate ORM core version 7.2.19.Final
2026-10-09 13:21:48 [restartedMain] INFO  o.h.e.b.internal.EnversServiceImpl - Envers integration enabled? : true
2026-10-09 13:21:48 [restartedMain] INFO  o.s.o.j.p.SpringPersistenceUnitInfo - No LoadTimeWeaver setup: ignoring JPA class transformer
2026-10-09 13:21:48 [restartedMain] INFO  com.zaxxer.hikari.HikariDataSource - HikariPool-1 - Starting...
2026-10-09 13:21:48 [restartedMain] INFO  o.s.boot.tomcat.TomcatWebServer - Tomcat initialized with port 8080 (http)
2026-10-09 13:21:48 [restartedMain] INFO  o.a.catalina.core.StandardService - Starting service [Tomcat]
2026-10-09 13:21:48 [restartedMain] INFO  o.a.catalina.core.StandardEngine - Starting Servlet engine: [Apache Tomcat/11.0.22]
2026-10-09 13:21:48 [restartedMain] INFO  o.s.b.w.c.s.WebApplicationContextInitializer - Root WebApplicationContext: initialization completed in 2504 ms
2026-10-09 13:21:49 [restartedMain] INFO  org.hibernate.orm.jpa - HHH008540: Processing PersistenceUnitInfo [name: default]
2026-10-09 13:21:49 [restartedMain] INFO  o.h.e.b.internal.EnversServiceImpl - Envers integration enabled? : true
2026-10-09 13:21:50 [restartedMain] INFO  com.zaxxer.hikari.pool.HikariPool - HikariPool-1 - Added connection org.postgresql.jdbc.PgConnection@3293d994
2026-10-09 13:21:50 [restartedMain] INFO  com.zaxxer.hikari.HikariDataSource - HikariPool-1 - Start completed.
2026-10-09 13:21:50 [restartedMain] INFO  o.hibernate.orm.connections.pooling - HHH10001005: Database info:
	Database JDBC URL [jdbc:postgresql://localhost:5432/sisco]
	Database driver: PostgreSQL JDBC Driver
	Database dialect: PostgreSQLDialect
	Database version: 18.6
	Default catalog/schema: sisco/public
	Autocommit mode: undefined/unknown
	Isolation level: READ_COMMITTED [default READ_COMMITTED]
	JDBC fetch size: none
	Pool: DataSourceConnectionProvider
	Minimum pool size: undefined/unknown
	Maximum pool size: undefined/unknown
2026-10-09 13:21:50 [restartedMain] INFO  o.s.o.j.p.SpringPersistenceUnitInfo - No LoadTimeWeaver setup: ignoring JPA class transformer
2026-10-09 13:21:50 [restartedMain] INFO  com.zaxxer.hikari.HikariDataSource - HikariPool-21 - Starting...
2026-10-09 13:21:50 [restartedMain] INFO  o.h.e.c.i.m.AuditMetadataGenerator - Adding properties for entity: com.sisco_e.escola.model.entity.Escola
2026-10-09 13:21:50 [restartedMain] INFO  o.h.e.c.i.m.AuditMetadataGenerator - Adding properties for entity: com.sisco_e.escola.model.entity.Diretor
2026-10-09 13:21:50 [restartedMain] INFO  o.h.e.c.i.m.AuditMetadataGenerator - Adding properties for entity: com.sisco_e.escola.model.entity.Usuario
2026-10-09 13:21:50 [restartedMain] INFO  com.zaxxer.hikari.pool.HikariPool - HikariPool-21 - Added connection org.postgresql.jdbc.PgConnection@71b6c33c
2026-10-09 13:21:50 [restartedMain] INFO  com.zaxxer.hikari.HikariDataSource - HikariPool-21 - Start completed.
2026-10-09 13:21:50 [restartedMain] INFO  o.hibernate.orm.connections.pooling - HHH10001005: Database info:
	Database JDBC URL [jdbc:postgresql://localhost:5432/sisco]
	Database driver: PostgreSQL JDBC Driver
	Database dialect: PostgreSQLDialect
	Database version: 18.6
	Default catalog/schema: sisco/public
	Autocommit mode: undefined/unknown
	Isolation level: READ_COMMITTED [default READ_COMMITTED]
	JDBC fetch size: none
	Pool: DataSourceConnectionProvider
	Minimum pool size: undefined/unknown
	Maximum pool size: undefined/unknown
2026-10-09 13:21:51 [restartedMain] INFO  o.h.e.c.i.m.AuditMetadataGenerator - Adding properties for entity: com.sisco_e.escola.model.entity.Escola
2026-10-09 13:21:51 [restartedMain] INFO  o.h.e.c.i.m.AuditMetadataGenerator - Adding properties for entity: com.sisco_e.escola.model.entity.Diretor
2026-10-09 13:21:51 [restartedMain] INFO  o.h.e.c.i.m.AuditMetadataGenerator - Adding properties for entity: com.sisco_e.escola.model.entity.Usuario
2026-10-09 13:21:51 [restartedMain] INFO  org.hibernate.orm.core - HHH000489: No JTA platform available (set 'hibernate.transaction.jta.platform' to enable JTA platform integration)
2026-10-09 13:21:52 [restartedMain] INFO  org.hibernate.orm.core - HHH000489: No JTA platform available (set 'hibernate.transaction.jta.platform' to enable JTA platform integration)
2026-10-09 13:21:52 [restartedMain] WARN  o.h.t.s.i.ExceptionHandlerLoggedImpl - GenerationTarget encountered exception accepting command : Error executing DDL "
    create table siscoescola.tb_contrato_net (
        data_contratacao date not null,
        data_fim_contrato date,
        valor_mensal NUMERIC(10,2) not null,
        data_atualizacao timestamp(6) with time zone not null,
        data_cadastro timestamp(6) with time zone not null,
        uuid_contrato_net uuid not null,
        uuid_escola uuid not null,
        uuid_provedor uuid not null,
        status CHARACTER VARYING(20) not null check ((status in ('ATIVO','CANCELADO','SUSPENSO'))),
        velocidade varchar(255) not null,
        primary key (uuid_contrato_net),
        constraint uk_contratos_internet_escola_provedor_data unique (uuid_escola, uuid_provedor, data_contratacao)
    )" via JDBC [ERRO: relação "uk_contratos_internet_escola_provedor_data" já existe]
org.hibernate.tool.schema.spi.CommandAcceptanceException: Error executing DDL "
    create table siscoescola.tb_contrato_net (
        data_contratacao date not null,
        data_fim_contrato date,
        valor_mensal NUMERIC(10,2) not null,
        data_atualizacao timestamp(6) with time zone not null,
        data_cadastro timestamp(6) with time zone not null,
        uuid_contrato_net uuid not null,
        uuid_escola uuid not null,
        uuid_provedor uuid not null,
        status CHARACTER VARYING(20) not null check ((status in ('ATIVO','CANCELADO','SUSPENSO'))),
        velocidade varchar(255) not null,
        primary key (uuid_contrato_net),
        constraint uk_contratos_internet_escola_provedor_data unique (uuid_escola, uuid_provedor, data_contratacao)
    )" via JDBC [ERRO: relação "uk_contratos_internet_escola_provedor_data" já existe]
	at org.hibernate.tool.schema.internal.exec.GenerationTargetToDatabase.accept(GenerationTargetToDatabase.java:81) ~[hibernate-core-7.2.19.Final.jar:7.2.19.Final]
	at org.hibernate.tool.schema.internal.Helper.applySqlString(Helper.java:218) ~[hibernate-core-7.2.19.Final.jar:7.2.19.Final]
	at org.hibernate.tool.schema.internal.Helper.applySqlStrings(Helper.java:204) ~[hibernate-core-7.2.19.Final.jar:7.2.19.Final]
	at org.hibernate.tool.schema.internal.SchemaCreatorImpl.createTables(SchemaCreatorImpl.java:404) ~[hibernate-core-7.2.19.Final.jar:7.2.19.Final]
	at org.hibernate.tool.schema.internal.SchemaCreatorImpl.createSequencesTablesConstraints(SchemaCreatorImpl.java:320) ~[hibernate-core-7.2.19.Final.jar:7.2.19.Final]
	at org.hibernate.tool.schema.internal.SchemaCreatorImpl.createFromMetadata(SchemaCreatorImpl.java:215) ~[hibernate-core-7.2.19.Final.jar:7.2.19.Final]
	at org.hibernate.tool.schema.internal.SchemaCreatorImpl.performCreation(SchemaCreatorImpl.java:151) ~[hibernate-core-7.2.19.Final.jar:7.2.19.Final]
	at org.hibernate.tool.schema.internal.SchemaCreatorImpl.doCreation(SchemaCreatorImpl.java:121) ~[hibernate-core-7.2.19.Final.jar:7.2.19.Final]
	at org.hibernate.tool.schema.internal.SchemaCreatorImpl.doCreation(SchemaCreatorImpl.java:97) ~[hibernate-core-7.2.19.Final.jar:7.2.19.Final]
	at org.hibernate.tool.schema.spi.SchemaManagementToolCoordinator.performDatabaseAction(SchemaManagementToolCoordinator.java:239) ~[hibernate-core-7.2.19.Final.jar:7.2.19.Final]
	at org.hibernate.tool.schema.spi.SchemaManagementToolCoordinator.lambda$process$1(SchemaManagementToolCoordinator.java:101) ~[hibernate-core-7.2.19.Final.jar:7.2.19.Final]
	at java.base/java.util.HashMap.forEach(HashMap.java:1429) ~[na:na]
	at org.hibernate.tool.schema.spi.SchemaManagementToolCoordinator.process(SchemaManagementToolCoordinator.java:100) ~[hibernate-core-7.2.19.Final.jar:7.2.19.Final]
	at org.hibernate.boot.internal.SessionFactoryObserverForSchemaExport.sessionFactoryCreated(SessionFactoryObserverForSchemaExport.java:35) ~[hibernate-core-7.2.19.Final.jar:7.2.19.Final]
	at org.hibernate.internal.SessionFactoryObserverChain.sessionFactoryCreated(SessionFactoryObserverChain.java:33) ~[hibernate-core-7.2.19.Final.jar:7.2.19.Final]
	at org.hibernate.internal.SessionFactoryImpl.<init>(SessionFactoryImpl.java:323) ~[hibernate-core-7.2.19.Final.jar:7.2.19.Final]
	at org.hibernate.internal.SessionFactoryRegistry.instantiateSessionFactory(SessionFactoryRegistry.java:64) ~[hibernate-core-7.2.19.Final.jar:7.2.19.Final]
	at org.hibernate.boot.internal.SessionFactoryBuilderImpl.build(SessionFactoryBuilderImpl.java:437) ~[hibernate-core-7.2.19.Final.jar:7.2.19.Final]
	at org.hibernate.jpa.boot.internal.EntityManagerFactoryBuilderImpl.build(EntityManagerFactoryBuilderImpl.java:1456) ~[hibernate-core-7.2.19.Final.jar:7.2.19.Final]
	at org.springframework.orm.jpa.vendor.SpringHibernateJpaPersistenceProvider.createContainerEntityManagerFactory(SpringHibernateJpaPersistenceProvider.java:93) ~[spring-orm-7.0.8.jar:7.0.8]
	at org.springframework.orm.jpa.LocalContainerEntityManagerFactoryBean.createNativeEntityManagerFactory(LocalContainerEntityManagerFactoryBean.java:443) ~[spring-orm-7.0.8.jar:7.0.8]
	at org.springframework.orm.jpa.AbstractEntityManagerFactoryBean.buildNativeEntityManagerFactory(AbstractEntityManagerFactoryBean.java:436) ~[spring-orm-7.0.8.jar:7.0.8]
	at org.springframework.orm.jpa.AbstractEntityManagerFactoryBean.afterPropertiesSet(AbstractEntityManagerFactoryBean.java:411) ~[spring-orm-7.0.8.jar:7.0.8]
	at org.springframework.orm.jpa.LocalContainerEntityManagerFactoryBean.afterPropertiesSet(LocalContainerEntityManagerFactoryBean.java:419) ~[spring-orm-7.0.8.jar:7.0.8]
	at org.springframework.beans.factory.support.AbstractAutowireCapableBeanFactory.invokeInitMethods(AbstractAutowireCapableBeanFactory.java:1862) ~[spring-beans-7.0.8.jar:7.0.8]
	at org.springframework.beans.factory.support.AbstractAutowireCapableBeanFactory.initializeBean(AbstractAutowireCapableBeanFactory.java:1811) ~[spring-beans-7.0.8.jar:7.0.8]
	at org.springframework.beans.factory.support.AbstractAutowireCapableBeanFactory.doCreateBean(AbstractAutowireCapableBeanFactory.java:603) ~[spring-beans-7.0.8.jar:7.0.8]
	at org.springframework.beans.factory.support.AbstractAutowireCapableBeanFactory.createBean(AbstractAutowireCapableBeanFactory.java:525) ~[spring-beans-7.0.8.jar:7.0.8]
	at org.springframework.beans.factory.support.AbstractBeanFactory.lambda$doGetBean$0(AbstractBeanFactory.java:333) ~[spring-beans-7.0.8.jar:7.0.8]
	at org.springframework.beans.factory.support.DefaultSingletonBeanRegistry.getSingleton(DefaultSingletonBeanRegistry.java:371) ~[spring-beans-7.0.8.jar:7.0.8]
	at org.springframework.beans.factory.support.AbstractBeanFactory.doGetBean(AbstractBeanFactory.java:331) ~[spring-beans-7.0.8.jar:7.0.8]
	at org.springframework.beans.factory.support.AbstractBeanFactory.getBean(AbstractBeanFactory.java:196) ~[spring-beans-7.0.8.jar:7.0.8]
	at org.springframework.beans.factory.support.BeanDefinitionValueResolver.resolveReference(BeanDefinitionValueResolver.java:365) ~[spring-beans-7.0.8.jar:7.0.8]
	at org.springframework.beans.factory.support.BeanDefinitionValueResolver.resolveValueIfNecessary(BeanDefinitionValueResolver.java:135) ~[spring-beans-7.0.8.jar:7.0.8]
	at org.springframework.beans.factory.support.ConstructorResolver.resolveConstructorArguments(ConstructorResolver.java:691) ~[spring-beans-7.0.8.jar:7.0.8]
	at org.springframework.beans.factory.support.ConstructorResolver.instantiateUsingFactoryMethod(ConstructorResolver.java:513) ~[spring-beans-7.0.8.jar:7.0.8]
	at org.springframework.beans.factory.support.AbstractAutowireCapableBeanFactory.instantiateUsingFactoryMethod(AbstractAutowireCapableBeanFactory.java:1360) ~[spring-beans-7.0.8.jar:7.0.8]
	at org.springframework.beans.factory.support.AbstractAutowireCapableBeanFactory.createBeanInstance(AbstractAutowireCapableBeanFactory.java:1192) ~[spring-beans-7.0.8.jar:7.0.8]
	at org.springframework.beans.factory.support.AbstractAutowireCapableBeanFactory.doCreateBean(AbstractAutowireCapableBeanFactory.java:565) ~[spring-beans-7.0.8.jar:7.0.8]
	at org.springframework.beans.factory.support.AbstractAutowireCapableBeanFactory.createBean(AbstractAutowireCapableBeanFactory.java:525) ~[spring-beans-7.0.8.jar:7.0.8]
	at org.springframework.beans.factory.support.AbstractBeanFactory.lambda$doGetBean$0(AbstractBeanFactory.java:333) ~[spring-beans-7.0.8.jar:7.0.8]
	at org.springframework.beans.factory.support.DefaultSingletonBeanRegistry.getSingleton(DefaultSingletonBeanRegistry.java:371) ~[spring-beans-7.0.8.jar:7.0.8]
	at org.springframework.beans.factory.support.AbstractBeanFactory.doGetBean(AbstractBeanFactory.java:331) ~[spring-beans-7.0.8.jar:7.0.8]
	at org.springframework.beans.factory.support.AbstractBeanFactory.getBean(AbstractBeanFactory.java:201) ~[spring-beans-7.0.8.jar:7.0.8]
	at org.springframework.beans.factory.support.BeanDefinitionValueResolver.resolveReference(BeanDefinitionValueResolver.java:356) ~[spring-beans-7.0.8.jar:7.0.8]
	at org.springframework.beans.factory.support.BeanDefinitionValueResolver.resolveValueIfNecessary(BeanDefinitionValueResolver.java:135) ~[spring-beans-7.0.8.jar:7.0.8]
	at org.springframework.beans.factory.support.AbstractAutowireCapableBeanFactory.applyPropertyValues(AbstractAutowireCapableBeanFactory.java:1710) ~[spring-beans-7.0.8.jar:7.0.8]
	at org.springframework.beans.factory.support.AbstractAutowireCapableBeanFactory.populateBean(AbstractAutowireCapableBeanFactory.java:1459) ~[spring-beans-7.0.8.jar:7.0.8]
	at org.springframework.beans.factory.support.AbstractAutowireCapableBeanFactory.doCreateBean(AbstractAutowireCapableBeanFactory.java:602) ~[spring-beans-7.0.8.jar:7.0.8]
	at org.springframework.beans.factory.support.AbstractAutowireCapableBeanFactory.createBean(AbstractAutowireCapableBeanFactory.java:525) ~[spring-beans-7.0.8.jar:7.0.8]
	at org.springframework.beans.factory.support.AbstractBeanFactory.lambda$doGetBean$0(AbstractBeanFactory.java:333) ~[spring-beans-7.0.8.jar:7.0.8]
	at org.springframework.beans.factory.support.DefaultSingletonBeanRegistry.getSingleton(DefaultSingletonBeanRegistry.java:371) ~[spring-beans-7.0.8.jar:7.0.8]
	at org.springframework.beans.factory.support.AbstractBeanFactory.doGetBean(AbstractBeanFactory.java:331) ~[spring-beans-7.0.8.jar:7.0.8]
	at org.springframework.beans.factory.support.AbstractBeanFactory.getBean(AbstractBeanFactory.java:201) ~[spring-beans-7.0.8.jar:7.0.8]
	at org.springframework.beans.factory.support.DefaultListableBeanFactory.resolveBean(DefaultListableBeanFactory.java:1232) ~[spring-beans-7.0.8.jar:7.0.8]
	at org.springframework.beans.factory.support.DefaultListableBeanFactory.doResolveDependency(DefaultListableBeanFactory.java:1711) ~[spring-beans-7.0.8.jar:7.0.8]
	at org.springframework.beans.factory.support.DefaultListableBeanFactory.resolveDependency(DefaultListableBeanFactory.java:1658) ~[spring-beans-7.0.8.jar:7.0.8]
	at org.springframework.beans.factory.support.ConstructorResolver.resolveAutowiredArgument(ConstructorResolver.java:912) ~[spring-beans-7.0.8.jar:7.0.8]
	at org.springframework.beans.factory.support.ConstructorResolver.createArgumentArray(ConstructorResolver.java:791) ~[spring-beans-7.0.8.jar:7.0.8]
	at org.springframework.beans.factory.support.ConstructorResolver.autowireConstructor(ConstructorResolver.java:240) ~[spring-beans-7.0.8.jar:7.0.8]
	at org.springframework.beans.factory.support.AbstractAutowireCapableBeanFactory.autowireConstructor(AbstractAutowireCapableBeanFactory.java:1380) ~[spring-beans-7.0.8.jar:7.0.8]
	at org.springframework.beans.factory.support.AbstractAutowireCapableBeanFactory.createBeanInstance(AbstractAutowireCapableBeanFactory.java:1219) ~[spring-beans-7.0.8.jar:7.0.8]
	at org.springframework.beans.factory.support.AbstractAutowireCapableBeanFactory.doCreateBean(AbstractAutowireCapableBeanFactory.java:565) ~[spring-beans-7.0.8.jar:7.0.8]
	at org.springframework.beans.factory.support.AbstractAutowireCapableBeanFactory.createBean(AbstractAutowireCapableBeanFactory.java:525) ~[spring-beans-7.0.8.jar:7.0.8]
	at org.springframework.beans.factory.support.AbstractBeanFactory.lambda$doGetBean$0(AbstractBeanFactory.java:333) ~[spring-beans-7.0.8.jar:7.0.8]
	at org.springframework.beans.factory.support.DefaultSingletonBeanRegistry.getSingleton(DefaultSingletonBeanRegistry.java:371) ~[spring-beans-7.0.8.jar:7.0.8]
	at org.springframework.beans.factory.support.AbstractBeanFactory.doGetBean(AbstractBeanFactory.java:331) ~[spring-beans-7.0.8.jar:7.0.8]
	at org.springframework.beans.factory.support.AbstractBeanFactory.getBean(AbstractBeanFactory.java:201) ~[spring-beans-7.0.8.jar:7.0.8]
	at org.springframework.beans.factory.config.DependencyDescriptor.resolveCandidate(DependencyDescriptor.java:229) ~[spring-beans-7.0.8.jar:7.0.8]
	at org.springframework.beans.factory.support.DefaultListableBeanFactory.doResolveDependency(DefaultListableBeanFactory.java:1769) ~[spring-beans-7.0.8.jar:7.0.8]
	at org.springframework.beans.factory.support.DefaultListableBeanFactory.resolveDependency(DefaultListableBeanFactory.java:1658) ~[spring-beans-7.0.8.jar:7.0.8]
	at org.springframework.beans.factory.support.ConstructorResolver.resolveAutowiredArgument(ConstructorResolver.java:912) ~[spring-beans-7.0.8.jar:7.0.8]
	at org.springframework.beans.factory.support.ConstructorResolver.createArgumentArray(ConstructorResolver.java:791) ~[spring-beans-7.0.8.jar:7.0.8]
	at org.springframework.beans.factory.support.ConstructorResolver.autowireConstructor(ConstructorResolver.java:240) ~[spring-beans-7.0.8.jar:7.0.8]
	at org.springframework.beans.factory.support.AbstractAutowireCapableBeanFactory.autowireConstructor(AbstractAutowireCapableBeanFactory.java:1380) ~[spring-beans-7.0.8.jar:7.0.8]
	at org.springframework.beans.factory.support.AbstractAutowireCapableBeanFactory.createBeanInstance(AbstractAutowireCapableBeanFactory.java:1219) ~[spring-beans-7.0.8.jar:7.0.8]
	at org.springframework.beans.factory.support.AbstractAutowireCapableBeanFactory.doCreateBean(AbstractAutowireCapableBeanFactory.java:565) ~[spring-beans-7.0.8.jar:7.0.8]
	at org.springframework.beans.factory.support.AbstractAutowireCapableBeanFactory.createBean(AbstractAutowireCapableBeanFactory.java:525) ~[spring-beans-7.0.8.jar:7.0.8]
	at org.springframework.beans.factory.support.AbstractBeanFactory.lambda$doGetBean$0(AbstractBeanFactory.java:333) ~[spring-beans-7.0.8.jar:7.0.8]
	at org.springframework.beans.factory.support.DefaultSingletonBeanRegistry.getSingleton(DefaultSingletonBeanRegistry.java:371) ~[spring-beans-7.0.8.jar:7.0.8]
	at org.springframework.beans.factory.support.AbstractBeanFactory.doGetBean(AbstractBeanFactory.java:331) ~[spring-beans-7.0.8.jar:7.0.8]
	at org.springframework.beans.factory.support.AbstractBeanFactory.getBean(AbstractBeanFactory.java:201) ~[spring-beans-7.0.8.jar:7.0.8]
	at org.springframework.boot.web.servlet.ServletContextInitializerBeans.getOrderedBeansOfType(ServletContextInitializerBeans.java:231) ~[spring-boot-4.0.7.jar:4.0.7]
	at org.springframework.boot.web.servlet.ServletContextInitializerBeans.addAsRegistrationBean(ServletContextInitializerBeans.java:185) ~[spring-boot-4.0.7.jar:4.0.7]
	at org.springframework.boot.web.servlet.ServletContextInitializerBeans.addAsRegistrationBean(ServletContextInitializerBeans.java:180) ~[spring-boot-4.0.7.jar:4.0.7]
	at org.springframework.boot.web.servlet.ServletContextInitializerBeans.addAdaptableBeans(ServletContextInitializerBeans.java:165) ~[spring-boot-4.0.7.jar:4.0.7]
	at org.springframework.boot.web.servlet.ServletContextInitializerBeans.<init>(ServletContextInitializerBeans.java:97) ~[spring-boot-4.0.7.jar:4.0.7]
	at org.springframework.boot.web.context.servlet.WebApplicationContextInitializer.initialize(WebApplicationContextInitializer.java:53) ~[spring-boot-4.0.7.jar:4.0.7]
	at org.springframework.boot.tomcat.servlet.DeferredServletContainerInitializers.onStartup(DeferredServletContainerInitializers.java:55) ~[spring-boot-tomcat-4.0.7.jar:4.0.7]
	at org.apache.catalina.core.StandardContext.startInternal(StandardContext.java:4420) ~[tomcat-embed-core-11.0.22.jar:11.0.22]
	at org.apache.catalina.util.LifecycleBase.start(LifecycleBase.java:164) ~[tomcat-embed-core-11.0.22.jar:11.0.22]
	at org.apache.catalina.core.ContainerBase$StartChild.call(ContainerBase.java:1162) ~[tomcat-embed-core-11.0.22.jar:11.0.22]
	at org.apache.catalina.core.ContainerBase$StartChild.call(ContainerBase.java:1158) ~[tomcat-embed-core-11.0.22.jar:11.0.22]
	at java.base/java.util.concurrent.FutureTask.run(FutureTask.java:317) ~[na:na]
	at org.apache.tomcat.util.threads.InlineExecutorService.execute(InlineExecutorService.java:81) ~[tomcat-embed-core-11.0.22.jar:11.0.22]
	at java.base/java.util.concurrent.AbstractExecutorService.submit(AbstractExecutorService.java:145) ~[na:na]
	at org.apache.catalina.core.ContainerBase.startInternal(ContainerBase.java:714) ~[tomcat-embed-core-11.0.22.jar:11.0.22]
	at org.apache.catalina.core.StandardHost.startInternal(StandardHost.java:780) ~[tomcat-embed-core-11.0.22.jar:11.0.22]
	at org.apache.catalina.util.LifecycleBase.start(LifecycleBase.java:164) ~[tomcat-embed-core-11.0.22.jar:11.0.22]
	at org.apache.catalina.core.ContainerBase$StartChild.call(ContainerBase.java:1162) ~[tomcat-embed-core-11.0.22.jar:11.0.22]
	at org.apache.catalina.core.ContainerBase$StartChild.call(ContainerBase.java:1158) ~[tomcat-embed-core-11.0.22.jar:11.0.22]
	at java.base/java.util.concurrent.FutureTask.run(FutureTask.java:317) ~[na:na]
	at org.apache.tomcat.util.threads.InlineExecutorService.execute(InlineExecutorService.java:81) ~[tomcat-embed-core-11.0.22.jar:11.0.22]
	at java.base/java.util.concurrent.AbstractExecutorService.submit(AbstractExecutorService.java:145) ~[na:na]
	at org.apache.catalina.core.ContainerBase.startInternal(ContainerBase.java:714) ~[tomcat-embed-core-11.0.22.jar:11.0.22]
	at org.apache.catalina.core.StandardEngine.startInternal(StandardEngine.java:201) ~[tomcat-embed-core-11.0.22.jar:11.0.22]
	at org.apache.catalina.util.LifecycleBase.start(LifecycleBase.java:164) ~[tomcat-embed-core-11.0.22.jar:11.0.22]
	at org.apache.catalina.core.StandardService.startInternal(StandardService.java:410) ~[tomcat-embed-core-11.0.22.jar:11.0.22]
	at org.apache.catalina.util.LifecycleBase.start(LifecycleBase.java:164) ~[tomcat-embed-core-11.0.22.jar:11.0.22]
	at org.apache.catalina.core.StandardServer.startInternal(StandardServer.java:864) ~[tomcat-embed-core-11.0.22.jar:11.0.22]
	at org.apache.catalina.util.LifecycleBase.start(LifecycleBase.java:164) ~[tomcat-embed-core-11.0.22.jar:11.0.22]
	at org.apache.catalina.startup.Tomcat.start(Tomcat.java:435) ~[tomcat-embed-core-11.0.22.jar:11.0.22]
	at org.springframework.boot.tomcat.TomcatWebServer.initialize(TomcatWebServer.java:131) ~[spring-boot-tomcat-4.0.7.jar:4.0.7]
	at org.springframework.boot.tomcat.TomcatWebServer.<init>(TomcatWebServer.java:110) ~[spring-boot-tomcat-4.0.7.jar:4.0.7]
	at org.springframework.boot.tomcat.servlet.TomcatServletWebServerFactory.getTomcatWebServer(TomcatServletWebServerFactory.java:408) ~[spring-boot-tomcat-4.0.7.jar:4.0.7]
	at org.springframework.boot.tomcat.servlet.TomcatServletWebServerFactory.getWebServer(TomcatServletWebServerFactory.java:166) ~[spring-boot-tomcat-4.0.7.jar:4.0.7]
	at org.springframework.boot.web.server.servlet.context.ServletWebServerApplicationContext.createWebServer(ServletWebServerApplicationContext.java:190) ~[spring-boot-web-server-4.0.7.jar:4.0.7]
	at org.springframework.boot.web.server.servlet.context.ServletWebServerApplicationContext.onRefresh(ServletWebServerApplicationContext.java:164) ~[spring-boot-web-server-4.0.7.jar:4.0.7]
	at org.springframework.context.support.AbstractApplicationContext.refresh(AbstractApplicationContext.java:615) ~[spring-context-7.0.8.jar:7.0.8]
	at org.springframework.boot.web.server.servlet.context.ServletWebServerApplicationContext.refresh(ServletWebServerApplicationContext.java:143) ~[spring-boot-web-server-4.0.7.jar:4.0.7]
	at org.springframework.boot.SpringApplication.refresh(SpringApplication.java:756) ~[spring-boot-4.0.7.jar:4.0.7]
	at org.springframework.boot.SpringApplication.refreshContext(SpringApplication.java:445) ~[spring-boot-4.0.7.jar:4.0.7]
	at org.springframework.boot.SpringApplication.run(SpringApplication.java:321) ~[spring-boot-4.0.7.jar:4.0.7]
	at org.springframework.boot.SpringApplication.run(SpringApplication.java:1365) ~[spring-boot-4.0.7.jar:4.0.7]
	at org.springframework.boot.SpringApplication.run(SpringApplication.java:1354) ~[spring-boot-4.0.7.jar:4.0.7]
	at com.sisco_e.escola.SiscoEApplication.main(SiscoEApplication.java:12) ~[classes/:na]
	at java.base/jdk.internal.reflect.DirectMethodHandleAccessor.invoke(DirectMethodHandleAccessor.java:103) ~[na:na]
	at java.base/java.lang.reflect.Method.invoke(Method.java:580) ~[na:na]
	at org.springframework.boot.devtools.restart.RestartLauncher.run(RestartLauncher.java:52) ~[spring-boot-devtools-4.0.7.jar:4.0.7]
Caused by: org.postgresql.util.PSQLException: ERRO: relação "uk_contratos_internet_escola_provedor_data" já existe
	at org.postgresql.core.v3.QueryExecutorImpl.receiveErrorResponse(QueryExecutorImpl.java:2904) ~[postgresql-42.7.11.jar:42.7.11]
	at org.postgresql.core.v3.QueryExecutorImpl.processResults(QueryExecutorImpl.java:2589) ~[postgresql-42.7.11.jar:42.7.11]
	at org.postgresql.core.v3.QueryExecutorImpl.execute(QueryExecutorImpl.java:431) ~[postgresql-42.7.11.jar:42.7.11]
	at org.postgresql.jdbc.PgStatement.executeInternal(PgStatement.java:534) ~[postgresql-42.7.11.jar:42.7.11]
	at org.postgresql.jdbc.PgStatement.execute(PgStatement.java:437) ~[postgresql-42.7.11.jar:42.7.11]
	at org.postgresql.jdbc.PgStatement.executeWithFlags(PgStatement.java:359) ~[postgresql-42.7.11.jar:42.7.11]
	at org.postgresql.jdbc.PgStatement.executeCachedSql(PgStatement.java:344) ~[postgresql-42.7.11.jar:42.7.11]
	at org.postgresql.jdbc.PgStatement.executeWithFlags(PgStatement.java:320) ~[postgresql-42.7.11.jar:42.7.11]
	at org.postgresql.jdbc.PgStatement.execute(PgStatement.java:315) ~[postgresql-42.7.11.jar:42.7.11]
	at com.zaxxer.hikari.pool.ProxyStatement.execute(ProxyStatement.java:95) ~[HikariCP-7.0.2.jar:na]
	at com.zaxxer.hikari.pool.HikariProxyStatement.execute(HikariProxyStatement.java) ~[HikariCP-7.0.2.jar:na]
	at org.hibernate.tool.schema.internal.exec.GenerationTargetToDatabase.accept(GenerationTargetToDatabase.java:76) ~[hibernate-core-7.2.19.Final.jar:7.2.19.Final]
	... 128 common frames omitted
2026-10-09 13:21:52 [restartedMain] WARN  o.h.t.s.i.ExceptionHandlerLoggedImpl - GenerationTarget encountered exception accepting command : Error executing DDL "
    create table siscoescola.tb_contrato_net (
        data_contratacao date not null,
        data_fim_contrato date,
        valor_mensal NUMERIC(10,2) not null,
        data_atualizacao timestamp(6) with time zone not null,
        data_cadastro timestamp(6) with time zone not null,
        uuid_contrato_net uuid not null,
        uuid_escola uuid not null,
        uuid_provedor uuid not null,
        status CHARACTER VARYING(20) not null check ((status in ('ATIVO','CANCELADO','SUSPENSO'))),
        velocidade varchar(255) not null,
        primary key (uuid_contrato_net),
        constraint uk_contratos_internet_escola_provedor_data unique (uuid_escola, uuid_provedor, data_contratacao)
    )" via JDBC [ERRO: relação "uk_contratos_internet_escola_provedor_data" já existe]
org.hibernate.tool.schema.spi.CommandAcceptanceException: Error executing DDL "
    create table siscoescola.tb_contrato_net (
        data_contratacao date not null,
        data_fim_contrato date,
        valor_mensal NUMERIC(10,2) not null,
        data_atualizacao timestamp(6) with time zone not null,
        data_cadastro timestamp(6) with time zone not null,
        uuid_contrato_net uuid not null,
        uuid_escola uuid not null,
        uuid_provedor uuid not null,
        status CHARACTER VARYING(20) not null check ((status in ('ATIVO','CANCELADO','SUSPENSO'))),
        velocidade varchar(255) not null,
        primary key (uuid_contrato_net),
        constraint uk_contratos_internet_escola_provedor_data unique (uuid_escola, uuid_provedor, data_contratacao)
    )" via JDBC [ERRO: relação "uk_contratos_internet_escola_provedor_data" já existe]
	at org.hibernate.tool.schema.internal.exec.GenerationTargetToDatabase.accept(GenerationTargetToDatabase.java:81)
	at org.hibernate.tool.schema.internal.Helper.applySqlString(Helper.java:218)
	at org.hibernate.tool.schema.internal.Helper.applySqlStrings(Helper.java:204)
	at org.hibernate.tool.schema.internal.SchemaCreatorImpl.createTables(SchemaCreatorImpl.java:404)
	at org.hibernate.tool.schema.internal.SchemaCreatorImpl.createSequencesTablesConstraints(SchemaCreatorImpl.java:320)
	at org.hibernate.tool.schema.internal.SchemaCreatorImpl.createFromMetadata(SchemaCreatorImpl.java:215)
	at org.hibernate.tool.schema.internal.SchemaCreatorImpl.performCreation(SchemaCreatorImpl.java:151)
	at org.hibernate.tool.schema.internal.SchemaCreatorImpl.doCreation(SchemaCreatorImpl.java:121)
	at org.hibernate.tool.schema.internal.SchemaCreatorImpl.doCreation(SchemaCreatorImpl.java:97)
	at org.hibernate.tool.schema.spi.SchemaManagementToolCoordinator.performDatabaseAction(SchemaManagementToolCoordinator.java:239)
	at org.hibernate.tool.schema.spi.SchemaManagementToolCoordinator.lambda$process$1(SchemaManagementToolCoordinator.java:101)
	at java.base/java.util.HashMap.forEach(HashMap.java:1429)
	at org.hibernate.tool.schema.spi.SchemaManagementToolCoordinator.process(SchemaManagementToolCoordinator.java:100)
	at org.hibernate.boot.internal.SessionFactoryObserverForSchemaExport.sessionFactoryCreated(SessionFactoryObserverForSchemaExport.java:35)
	at org.hibernate.internal.SessionFactoryObserverChain.sessionFactoryCreated(SessionFactoryObserverChain.java:33)
	at org.hibernate.internal.SessionFactoryImpl.<init>(SessionFactoryImpl.java:323)
	at org.hibernate.internal.SessionFactoryRegistry.instantiateSessionFactory(SessionFactoryRegistry.java:64)
	at org.hibernate.boot.internal.SessionFactoryBuilderImpl.build(SessionFactoryBuilderImpl.java:437)
	at org.hibernate.jpa.boot.internal.EntityManagerFactoryBuilderImpl.build(EntityManagerFactoryBuilderImpl.java:1456)
	at org.springframework.orm.jpa.vendor.SpringHibernateJpaPersistenceProvider.createContainerEntityManagerFactory(SpringHibernateJpaPersistenceProvider.java:93)
	at org.springframework.orm.jpa.LocalContainerEntityManagerFactoryBean.createNativeEntityManagerFactory(LocalContainerEntityManagerFactoryBean.java:443)
	at org.springframework.orm.jpa.AbstractEntityManagerFactoryBean.buildNativeEntityManagerFactory(AbstractEntityManagerFactoryBean.java:436)
	at org.springframework.orm.jpa.AbstractEntityManagerFactoryBean.afterPropertiesSet(AbstractEntityManagerFactoryBean.java:411)
	at org.springframework.orm.jpa.LocalContainerEntityManagerFactoryBean.afterPropertiesSet(LocalContainerEntityManagerFactoryBean.java:419)
	at org.springframework.beans.factory.support.AbstractAutowireCapableBeanFactory.invokeInitMethods(AbstractAutowireCapableBeanFactory.java:1862)
	at org.springframework.beans.factory.support.AbstractAutowireCapableBeanFactory.initializeBean(AbstractAutowireCapableBeanFactory.java:1811)
	at org.springframework.beans.factory.support.AbstractAutowireCapableBeanFactory.doCreateBean(AbstractAutowireCapableBeanFactory.java:603)
	at org.springframework.beans.factory.support.AbstractAutowireCapableBeanFactory.createBean(AbstractAutowireCapableBeanFactory.java:525)
	at org.springframework.beans.factory.support.AbstractBeanFactory.lambda$doGetBean$0(AbstractBeanFactory.java:333)
	at org.springframework.beans.factory.support.DefaultSingletonBeanRegistry.getSingleton(DefaultSingletonBeanRegistry.java:371)
	at org.springframework.beans.factory.support.AbstractBeanFactory.doGetBean(AbstractBeanFactory.java:331)
	at org.springframework.beans.factory.support.AbstractBeanFactory.getBean(AbstractBeanFactory.java:196)
	at org.springframework.beans.factory.support.BeanDefinitionValueResolver.resolveReference(BeanDefinitionValueResolver.java:365)
	at org.springframework.beans.factory.support.BeanDefinitionValueResolver.resolveValueIfNecessary(BeanDefinitionValueResolver.java:135)
	at org.springframework.beans.factory.support.ConstructorResolver.resolveConstructorArguments(ConstructorResolver.java:691)
	at org.springframework.beans.factory.support.ConstructorResolver.instantiateUsingFactoryMethod(ConstructorResolver.java:513)
	at org.springframework.beans.factory.support.AbstractAutowireCapableBeanFactory.instantiateUsingFactoryMethod(AbstractAutowireCapableBeanFactory.java:1360)
	at org.springframework.beans.factory.support.AbstractAutowireCapableBeanFactory.createBeanInstance(AbstractAutowireCapableBeanFactory.java:1192)
	at org.springframework.beans.factory.support.AbstractAutowireCapableBeanFactory.doCreateBean(AbstractAutowireCapableBeanFactory.java:565)
	at org.springframework.beans.factory.support.AbstractAutowireCapableBeanFactory.createBean(AbstractAutowireCapableBeanFactory.java:525)
	at org.springframework.beans.factory.support.AbstractBeanFactory.lambda$doGetBean$0(AbstractBeanFactory.java:333)
	at org.springframework.beans.factory.support.DefaultSingletonBeanRegistry.getSingleton(DefaultSingletonBeanRegistry.java:371)
	at org.springframework.beans.factory.support.AbstractBeanFactory.doGetBean(AbstractBeanFactory.java:331)
	at org.springframework.beans.factory.support.AbstractBeanFactory.getBean(AbstractBeanFactory.java:201)
	at org.springframework.beans.factory.support.BeanDefinitionValueResolver.resolveReference(BeanDefinitionValueResolver.java:356)
	at org.springframework.beans.factory.support.BeanDefinitionValueResolver.resolveValueIfNecessary(BeanDefinitionValueResolver.java:135)
	at org.springframework.beans.factory.support.AbstractAutowireCapableBeanFactory.applyPropertyValues(AbstractAutowireCapableBeanFactory.java:1710)
	at org.springframework.beans.factory.support.AbstractAutowireCapableBeanFactory.populateBean(AbstractAutowireCapableBeanFactory.java:1459)
	at org.springframework.beans.factory.support.AbstractAutowireCapableBeanFactory.doCreateBean(AbstractAutowireCapableBeanFactory.java:602)
	at org.springframework.beans.factory.support.AbstractAutowireCapableBeanFactory.createBean(AbstractAutowireCapableBeanFactory.java:525)
	at org.springframework.beans.factory.support.AbstractBeanFactory.lambda$doGetBean$0(AbstractBeanFactory.java:333)
	at org.springframework.beans.factory.support.DefaultSingletonBeanRegistry.getSingleton(DefaultSingletonBeanRegistry.java:371)
	at org.springframework.beans.factory.support.AbstractBeanFactory.doGetBean(AbstractBeanFactory.java:331)
	at org.springframework.beans.factory.support.AbstractBeanFactory.getBean(AbstractBeanFactory.java:201)
	at org.springframework.beans.factory.support.DefaultListableBeanFactory.resolveBean(DefaultListableBeanFactory.java:1232)
	at org.springframework.beans.factory.support.DefaultListableBeanFactory.doResolveDependency(DefaultListableBeanFactory.java:1711)
	at org.springframework.beans.factory.support.DefaultListableBeanFactory.resolveDependency(DefaultListableBeanFactory.java:1658)
	at org.springframework.beans.factory.support.ConstructorResolver.resolveAutowiredArgument(ConstructorResolver.java:912)
	at org.springframework.beans.factory.support.ConstructorResolver.createArgumentArray(ConstructorResolver.java:791)
	at org.springframework.beans.factory.support.ConstructorResolver.autowireConstructor(ConstructorResolver.java:240)
	at org.springframework.beans.factory.support.AbstractAutowireCapableBeanFactory.autowireConstructor(AbstractAutowireCapableBeanFactory.java:1380)
	at org.springframework.beans.factory.support.AbstractAutowireCapableBeanFactory.createBeanInstance(AbstractAutowireCapableBeanFactory.java:1219)
	at org.springframework.beans.factory.support.AbstractAutowireCapableBeanFactory.doCreateBean(AbstractAutowireCapableBeanFactory.java:565)
	at org.springframework.beans.factory.support.AbstractAutowireCapableBeanFactory.createBean(AbstractAutowireCapableBeanFactory.java:525)
	at org.springframework.beans.factory.support.AbstractBeanFactory.lambda$doGetBean$0(AbstractBeanFactory.java:333)
	at org.springframework.beans.factory.support.DefaultSingletonBeanRegistry.getSingleton(DefaultSingletonBeanRegistry.java:371)
	at org.springframework.beans.factory.support.AbstractBeanFactory.doGetBean(AbstractBeanFactory.java:331)
	at org.springframework.beans.factory.support.AbstractBeanFactory.getBean(AbstractBeanFactory.java:201)
	at org.springframework.beans.factory.config.DependencyDescriptor.resolveCandidate(DependencyDescriptor.java:229)
	at org.springframework.beans.factory.support.DefaultListableBeanFactory.doResolveDependency(DefaultListableBeanFactory.java:1769)
	at org.springframework.beans.factory.support.DefaultListableBeanFactory.resolveDependency(DefaultListableBeanFactory.java:1658)
	at org.springframework.beans.factory.support.ConstructorResolver.resolveAutowiredArgument(ConstructorResolver.java:912)
	at org.springframework.beans.factory.support.ConstructorResolver.createArgumentArray(ConstructorResolver.java:791)
	at org.springframework.beans.factory.support.ConstructorResolver.autowireConstructor(ConstructorResolver.java:240)
	at org.springframework.beans.factory.support.AbstractAutowireCapableBeanFactory.autowireConstructor(AbstractAutowireCapableBeanFactory.java:1380)
	at org.springframework.beans.factory.support.AbstractAutowireCapableBeanFactory.createBeanInstance(AbstractAutowireCapableBeanFactory.java:1219)
	at org.springframework.beans.factory.support.AbstractAutowireCapableBeanFactory.doCreateBean(AbstractAutowireCapableBeanFactory.java:565)
	at org.springframework.beans.factory.support.AbstractAutowireCapableBeanFactory.createBean(AbstractAutowireCapableBeanFactory.java:525)
	at org.springframework.beans.factory.support.AbstractBeanFactory.lambda$doGetBean$0(AbstractBeanFactory.java:333)
	at org.springframework.beans.factory.support.DefaultSingletonBeanRegistry.getSingleton(DefaultSingletonBeanRegistry.java:371)
	at org.springframework.beans.factory.support.AbstractBeanFactory.doGetBean(AbstractBeanFactory.java:331)
	at org.springframework.beans.factory.support.AbstractBeanFactory.getBean(AbstractBeanFactory.java:201)
	at org.springframework.boot.web.servlet.ServletContextInitializerBeans.getOrderedBeansOfType(ServletContextInitializerBeans.java:231)
	at org.springframework.boot.web.servlet.ServletContextInitializerBeans.addAsRegistrationBean(ServletContextInitializerBeans.java:185)
	at org.springframework.boot.web.servlet.ServletContextInitializerBeans.addAsRegistrationBean(ServletContextInitializerBeans.java:180)
	at org.springframework.boot.web.servlet.ServletContextInitializerBeans.addAdaptableBeans(ServletContextInitializerBeans.java:165)
	at org.springframework.boot.web.servlet.ServletContextInitializerBeans.<init>(ServletContextInitializerBeans.java:97)
	at org.springframework.boot.web.context.servlet.WebApplicationContextInitializer.initialize(WebApplicationContextInitializer.java:53)
	at org.springframework.boot.tomcat.servlet.DeferredServletContainerInitializers.onStartup(DeferredServletContainerInitializers.java:55)
	at org.apache.catalina.core.StandardContext.startInternal(StandardContext.java:4420)
	at org.apache.catalina.util.LifecycleBase.start(LifecycleBase.java:164)
	at org.apache.catalina.core.ContainerBase$StartChild.call(ContainerBase.java:1162)
	at org.apache.catalina.core.ContainerBase$StartChild.call(ContainerBase.java:1158)
	at java.base/java.util.concurrent.FutureTask.run(FutureTask.java:317)
	at org.apache.tomcat.util.threads.InlineExecutorService.execute(InlineExecutorService.java:81)
	at java.base/java.util.concurrent.AbstractExecutorService.submit(AbstractExecutorService.java:145)
	at org.apache.catalina.core.ContainerBase.startInternal(ContainerBase.java:714)
	at org.apache.catalina.core.StandardHost.startInternal(StandardHost.java:780)
	at org.apache.catalina.util.LifecycleBase.start(LifecycleBase.java:164)
	at org.apache.catalina.core.ContainerBase$StartChild.call(ContainerBase.java:1162)
	at org.apache.catalina.core.ContainerBase$StartChild.call(ContainerBase.java:1158)
	at java.base/java.util.concurrent.FutureTask.run(FutureTask.java:317)
	at org.apache.tomcat.util.threads.InlineExecutorService.execute(InlineExecutorService.java:81)
	at java.base/java.util.concurrent.AbstractExecutorService.submit(AbstractExecutorService.java:145)
	at org.apache.catalina.core.ContainerBase.startInternal(ContainerBase.java:714)
	at org.apache.catalina.core.StandardEngine.startInternal(StandardEngine.java:201)
	at org.apache.catalina.util.LifecycleBase.start(LifecycleBase.java:164)
	at org.apache.catalina.core.StandardService.startInternal(StandardService.java:410)
	at org.apache.catalina.util.LifecycleBase.start(LifecycleBase.java:164)
	at org.apache.catalina.core.StandardServer.startInternal(StandardServer.java:864)
	at org.apache.catalina.util.LifecycleBase.start(LifecycleBase.java:164)
	at org.apache.catalina.startup.Tomcat.start(Tomcat.java:435)
	at org.springframework.boot.tomcat.TomcatWebServer.initialize(TomcatWebServer.java:131)
	at org.springframework.boot.tomcat.TomcatWebServer.<init>(TomcatWebServer.java:110)
	at org.springframework.boot.tomcat.servlet.TomcatServletWebServerFactory.getTomcatWebServer(TomcatServletWebServerFactory.java:408)
	at org.springframework.boot.tomcat.servlet.TomcatServletWebServerFactory.getWebServer(TomcatServletWebServerFactory.java:166)
	at org.springframework.boot.web.server.servlet.context.ServletWebServerApplicationContext.createWebServer(ServletWebServerApplicationContext.java:190)
	at org.springframework.boot.web.server.servlet.context.ServletWebServerApplicationContext.onRefresh(ServletWebServerApplicationContext.java:164)
	at org.springframework.context.support.AbstractApplicationContext.refresh(AbstractApplicationContext.java:615)
	at org.springframework.boot.web.server.servlet.context.ServletWebServerApplicationContext.refresh(ServletWebServerApplicationContext.java:143)
	at org.springframework.boot.SpringApplication.refresh(SpringApplication.java:756)
	at org.springframework.boot.SpringApplication.refreshContext(SpringApplication.java:445)
	at org.springframework.boot.SpringApplication.run(SpringApplication.java:321)
	at org.springframework.boot.SpringApplication.run(SpringApplication.java:1365)
	at org.springframework.boot.SpringApplication.run(SpringApplication.java:1354)
	at com.sisco_e.escola.SiscoEApplication.main(SiscoEApplication.java:12)
	at java.base/jdk.internal.reflect.DirectMethodHandleAccessor.invoke(DirectMethodHandleAccessor.java:103)
	at java.base/java.lang.reflect.Method.invoke(Method.java:580)
	at org.springframework.boot.devtools.restart.RestartLauncher.run(RestartLauncher.java:52)
Caused by: org.postgresql.util.PSQLException: ERRO: relação "uk_contratos_internet_escola_provedor_data" já existe
	at org.postgresql.core.v3.QueryExecutorImpl.receiveErrorResponse(QueryExecutorImpl.java:2904)
	at org.postgresql.core.v3.QueryExecutorImpl.processResults(QueryExecutorImpl.java:2589)
	at org.postgresql.core.v3.QueryExecutorImpl.execute(QueryExecutorImpl.java:431)
	at org.postgresql.jdbc.PgStatement.executeInternal(PgStatement.java:534)
	at org.postgresql.jdbc.PgStatement.execute(PgStatement.java:437)
	at org.postgresql.jdbc.PgStatement.executeWithFlags(PgStatement.java:359)
	at org.postgresql.jdbc.PgStatement.executeCachedSql(PgStatement.java:344)
	at org.postgresql.jdbc.PgStatement.executeWithFlags(PgStatement.java:320)
	at org.postgresql.jdbc.PgStatement.execute(PgStatement.java:315)
	at com.zaxxer.hikari.pool.ProxyStatement.execute(ProxyStatement.java:95)
	at com.zaxxer.hikari.pool.HikariProxyStatement.execute(HikariProxyStatement.java)
	at org.hibernate.tool.schema.internal.exec.GenerationTargetToDatabase.accept(GenerationTargetToDatabase.java:76)
	... 128 common frames omitted
2026-10-09 13:21:53 [restartedMain] WARN  o.h.t.s.i.ExceptionHandlerLoggedImpl - GenerationTarget encountered exception accepting command : Error executing DDL "
    create table siscoescola.tb_diretor (
        is_ativo BOOLEAN DEFAULT TRUE not null,
        data_atualizacao timestamp(6) with time zone not null,
        data_cadastro timestamp(6) with time zone not null,
        data_fim_mandato timestamp(6) with time zone,
        data_posse timestamp(6) with time zone not null,
        escola_uuid uuid not null unique,
        uuid_diretor uuid not null,
        cpf CHARACTER VARYING(11) not null unique,
        email CHARACTER VARYING(120) not null unique,
        email_pessoal CHARACTER VARYING(120),
        matricula_funcional CHARACTER VARYING(20) not null unique,
        nome_diretor CHARACTER VARYING(120) not null,
        primary key (uuid_diretor)
    )" via JDBC [ERRO: duplicar valor da chave viola a restrição de unicidade "pg_type_typname_nsp_index"
  Detalhe: Chave (typname, typnamespace)=(tb_diretor, 16390) já existe.]
org.hibernate.tool.schema.spi.CommandAcceptanceException: Error executing DDL "
    create table siscoescola.tb_diretor (
        is_ativo BOOLEAN DEFAULT TRUE not null,
        data_atualizacao timestamp(6) with time zone not null,
        data_cadastro timestamp(6) with time zone not null,
        data_fim_mandato timestamp(6) with time zone,
        data_posse timestamp(6) with time zone not null,
        escola_uuid uuid not null unique,
        uuid_diretor uuid not null,
        cpf CHARACTER VARYING(11) not null unique,
        email CHARACTER VARYING(120) not null unique,
        email_pessoal CHARACTER VARYING(120),
        matricula_funcional CHARACTER VARYING(20) not null unique,
        nome_diretor CHARACTER VARYING(120) not null,
        primary key (uuid_diretor)
    )" via JDBC [ERRO: duplicar valor da chave viola a restrição de unicidade "pg_type_typname_nsp_index"
  Detalhe: Chave (typname, typnamespace)=(tb_diretor, 16390) já existe.]
	at org.hibernate.tool.schema.internal.exec.GenerationTargetToDatabase.accept(GenerationTargetToDatabase.java:81)
	at org.hibernate.tool.schema.internal.Helper.applySqlString(Helper.java:218)
	at org.hibernate.tool.schema.internal.Helper.applySqlStrings(Helper.java:204)
	at org.hibernate.tool.schema.internal.SchemaCreatorImpl.createTables(SchemaCreatorImpl.java:404)
	at org.hibernate.tool.schema.internal.SchemaCreatorImpl.createSequencesTablesConstraints(SchemaCreatorImpl.java:320)
	at org.hibernate.tool.schema.internal.SchemaCreatorImpl.createFromMetadata(SchemaCreatorImpl.java:215)
	at org.hibernate.tool.schema.internal.SchemaCreatorImpl.performCreation(SchemaCreatorImpl.java:151)
	at org.hibernate.tool.schema.internal.SchemaCreatorImpl.doCreation(SchemaCreatorImpl.java:121)
	at org.hibernate.tool.schema.internal.SchemaCreatorImpl.doCreation(SchemaCreatorImpl.java:97)
	at org.hibernate.tool.schema.spi.SchemaManagementToolCoordinator.performDatabaseAction(SchemaManagementToolCoordinator.java:239)
	at org.hibernate.tool.schema.spi.SchemaManagementToolCoordinator.lambda$process$1(SchemaManagementToolCoordinator.java:101)
	at java.base/java.util.HashMap.forEach(HashMap.java:1429)
	at org.hibernate.tool.schema.spi.SchemaManagementToolCoordinator.process(SchemaManagementToolCoordinator.java:100)
	at org.hibernate.boot.internal.SessionFactoryObserverForSchemaExport.sessionFactoryCreated(SessionFactoryObserverForSchemaExport.java:35)
	at org.hibernate.internal.SessionFactoryObserverChain.sessionFactoryCreated(SessionFactoryObserverChain.java:33)
	at org.hibernate.internal.SessionFactoryImpl.<init>(SessionFactoryImpl.java:323)
	at org.hibernate.internal.SessionFactoryRegistry.instantiateSessionFactory(SessionFactoryRegistry.java:64)
	at org.hibernate.boot.internal.SessionFactoryBuilderImpl.build(SessionFactoryBuilderImpl.java:437)
	at org.hibernate.jpa.boot.internal.EntityManagerFactoryBuilderImpl.build(EntityManagerFactoryBuilderImpl.java:1456)
	at org.springframework.orm.jpa.vendor.SpringHibernateJpaPersistenceProvider.createContainerEntityManagerFactory(SpringHibernateJpaPersistenceProvider.java:93)
	at org.springframework.orm.jpa.LocalContainerEntityManagerFactoryBean.createNativeEntityManagerFactory(LocalContainerEntityManagerFactoryBean.java:443)
	at org.springframework.orm.jpa.AbstractEntityManagerFactoryBean.buildNativeEntityManagerFactory(AbstractEntityManagerFactoryBean.java:436)
	at org.springframework.orm.jpa.AbstractEntityManagerFactoryBean.afterPropertiesSet(AbstractEntityManagerFactoryBean.java:411)
	at org.springframework.orm.jpa.LocalContainerEntityManagerFactoryBean.afterPropertiesSet(LocalContainerEntityManagerFactoryBean.java:419)
	at org.springframework.beans.factory.support.AbstractAutowireCapableBeanFactory.invokeInitMethods(AbstractAutowireCapableBeanFactory.java:1862)
	at org.springframework.beans.factory.support.AbstractAutowireCapableBeanFactory.initializeBean(AbstractAutowireCapableBeanFactory.java:1811)
	at org.springframework.beans.factory.support.AbstractAutowireCapableBeanFactory.doCreateBean(AbstractAutowireCapableBeanFactory.java:603)
	at org.springframework.beans.factory.support.AbstractAutowireCapableBeanFactory.createBean(AbstractAutowireCapableBeanFactory.java:525)
	at org.springframework.beans.factory.support.AbstractBeanFactory.lambda$doGetBean$0(AbstractBeanFactory.java:333)
	at org.springframework.beans.factory.support.DefaultSingletonBeanRegistry.getSingleton(DefaultSingletonBeanRegistry.java:371)
	at org.springframework.beans.factory.support.AbstractBeanFactory.doGetBean(AbstractBeanFactory.java:331)
	at org.springframework.beans.factory.support.AbstractBeanFactory.getBean(AbstractBeanFactory.java:196)
	at org.springframework.beans.factory.support.BeanDefinitionValueResolver.resolveReference(BeanDefinitionValueResolver.java:365)
	at org.springframework.beans.factory.support.BeanDefinitionValueResolver.resolveValueIfNecessary(BeanDefinitionValueResolver.java:135)
	at org.springframework.beans.factory.support.ConstructorResolver.resolveConstructorArguments(ConstructorResolver.java:691)
	at org.springframework.beans.factory.support.ConstructorResolver.instantiateUsingFactoryMethod(ConstructorResolver.java:513)
	at org.springframework.beans.factory.support.AbstractAutowireCapableBeanFactory.instantiateUsingFactoryMethod(AbstractAutowireCapableBeanFactory.java:1360)
	at org.springframework.beans.factory.support.AbstractAutowireCapableBeanFactory.createBeanInstance(AbstractAutowireCapableBeanFactory.java:1192)
	at org.springframework.beans.factory.support.AbstractAutowireCapableBeanFactory.doCreateBean(AbstractAutowireCapableBeanFactory.java:565)
	at org.springframework.beans.factory.support.AbstractAutowireCapableBeanFactory.createBean(AbstractAutowireCapableBeanFactory.java:525)
	at org.springframework.beans.factory.support.AbstractBeanFactory.lambda$doGetBean$0(AbstractBeanFactory.java:333)
	at org.springframework.beans.factory.support.DefaultSingletonBeanRegistry.getSingleton(DefaultSingletonBeanRegistry.java:371)
	at org.springframework.beans.factory.support.AbstractBeanFactory.doGetBean(AbstractBeanFactory.java:331)
	at org.springframework.beans.factory.support.AbstractBeanFactory.getBean(AbstractBeanFactory.java:201)
	at org.springframework.beans.factory.support.BeanDefinitionValueResolver.resolveReference(BeanDefinitionValueResolver.java:356)
	at org.springframework.beans.factory.support.BeanDefinitionValueResolver.resolveValueIfNecessary(BeanDefinitionValueResolver.java:135)
	at org.springframework.beans.factory.support.AbstractAutowireCapableBeanFactory.applyPropertyValues(AbstractAutowireCapableBeanFactory.java:1710)
	at org.springframework.beans.factory.support.AbstractAutowireCapableBeanFactory.populateBean(AbstractAutowireCapableBeanFactory.java:1459)
	at org.springframework.beans.factory.support.AbstractAutowireCapableBeanFactory.doCreateBean(AbstractAutowireCapableBeanFactory.java:602)
	at org.springframework.beans.factory.support.AbstractAutowireCapableBeanFactory.createBean(AbstractAutowireCapableBeanFactory.java:525)
	at org.springframework.beans.factory.support.AbstractBeanFactory.lambda$doGetBean$0(AbstractBeanFactory.java:333)
	at org.springframework.beans.factory.support.DefaultSingletonBeanRegistry.getSingleton(DefaultSingletonBeanRegistry.java:371)
	at org.springframework.beans.factory.support.AbstractBeanFactory.doGetBean(AbstractBeanFactory.java:331)
	at org.springframework.beans.factory.support.AbstractBeanFactory.getBean(AbstractBeanFactory.java:201)
	at org.springframework.beans.factory.support.DefaultListableBeanFactory.resolveBean(DefaultListableBeanFactory.java:1232)
	at org.springframework.beans.factory.support.DefaultListableBeanFactory.doResolveDependency(DefaultListableBeanFactory.java:1711)
	at org.springframework.beans.factory.support.DefaultListableBeanFactory.resolveDependency(DefaultListableBeanFactory.java:1658)
	at org.springframework.beans.factory.support.ConstructorResolver.resolveAutowiredArgument(ConstructorResolver.java:912)
	at org.springframework.beans.factory.support.ConstructorResolver.createArgumentArray(ConstructorResolver.java:791)
	at org.springframework.beans.factory.support.ConstructorResolver.autowireConstructor(ConstructorResolver.java:240)
	at org.springframework.beans.factory.support.AbstractAutowireCapableBeanFactory.autowireConstructor(AbstractAutowireCapableBeanFactory.java:1380)
	at org.springframework.beans.factory.support.AbstractAutowireCapableBeanFactory.createBeanInstance(AbstractAutowireCapableBeanFactory.java:1219)
	at org.springframework.beans.factory.support.AbstractAutowireCapableBeanFactory.doCreateBean(AbstractAutowireCapableBeanFactory.java:565)
	at org.springframework.beans.factory.support.AbstractAutowireCapableBeanFactory.createBean(AbstractAutowireCapableBeanFactory.java:525)
	at org.springframework.beans.factory.support.AbstractBeanFactory.lambda$doGetBean$0(AbstractBeanFactory.java:333)
	at org.springframework.beans.factory.support.DefaultSingletonBeanRegistry.getSingleton(DefaultSingletonBeanRegistry.java:371)
	at org.springframework.beans.factory.support.AbstractBeanFactory.doGetBean(AbstractBeanFactory.java:331)
	at org.springframework.beans.factory.support.AbstractBeanFactory.getBean(AbstractBeanFactory.java:201)
	at org.springframework.beans.factory.config.DependencyDescriptor.resolveCandidate(DependencyDescriptor.java:229)
	at org.springframework.beans.factory.support.DefaultListableBeanFactory.doResolveDependency(DefaultListableBeanFactory.java:1769)
	at org.springframework.beans.factory.support.DefaultListableBeanFactory.resolveDependency(DefaultListableBeanFactory.java:1658)
	at org.springframework.beans.factory.support.ConstructorResolver.resolveAutowiredArgument(ConstructorResolver.java:912)
	at org.springframework.beans.factory.support.ConstructorResolver.createArgumentArray(ConstructorResolver.java:791)
	at org.springframework.beans.factory.support.ConstructorResolver.autowireConstructor(ConstructorResolver.java:240)
	at org.springframework.beans.factory.support.AbstractAutowireCapableBeanFactory.autowireConstructor(AbstractAutowireCapableBeanFactory.java:1380)
	at org.springframework.beans.factory.support.AbstractAutowireCapableBeanFactory.createBeanInstance(AbstractAutowireCapableBeanFactory.java:1219)
	at org.springframework.beans.factory.support.AbstractAutowireCapableBeanFactory.doCreateBean(AbstractAutowireCapableBeanFactory.java:565)
	at org.springframework.beans.factory.support.AbstractAutowireCapableBeanFactory.createBean(AbstractAutowireCapableBeanFactory.java:525)
	at org.springframework.beans.factory.support.AbstractBeanFactory.lambda$doGetBean$0(AbstractBeanFactory.java:333)
	at org.springframework.beans.factory.support.DefaultSingletonBeanRegistry.getSingleton(DefaultSingletonBeanRegistry.java:371)
	at org.springframework.beans.factory.support.AbstractBeanFactory.doGetBean(AbstractBeanFactory.java:331)
	at org.springframework.beans.factory.support.AbstractBeanFactory.getBean(AbstractBeanFactory.java:201)
	at org.springframework.boot.web.servlet.ServletContextInitializerBeans.getOrderedBeansOfType(ServletContextInitializerBeans.java:231)
	at org.springframework.boot.web.servlet.ServletContextInitializerBeans.addAsRegistrationBean(ServletContextInitializerBeans.java:185)
	at org.springframework.boot.web.servlet.ServletContextInitializerBeans.addAsRegistrationBean(ServletContextInitializerBeans.java:180)
	at org.springframework.boot.web.servlet.ServletContextInitializerBeans.addAdaptableBeans(ServletContextInitializerBeans.java:165)
	at org.springframework.boot.web.servlet.ServletContextInitializerBeans.<init>(ServletContextInitializerBeans.java:97)
	at org.springframework.boot.web.context.servlet.WebApplicationContextInitializer.initialize(WebApplicationContextInitializer.java:53)
	at org.springframework.boot.tomcat.servlet.DeferredServletContainerInitializers.onStartup(DeferredServletContainerInitializers.java:55)
	at org.apache.catalina.core.StandardContext.startInternal(StandardContext.java:4420)
	at org.apache.catalina.util.LifecycleBase.start(LifecycleBase.java:164)
	at org.apache.catalina.core.ContainerBase$StartChild.call(ContainerBase.java:1162)
	at org.apache.catalina.core.ContainerBase$StartChild.call(ContainerBase.java:1158)
	at java.base/java.util.concurrent.FutureTask.run(FutureTask.java:317)
	at org.apache.tomcat.util.threads.InlineExecutorService.execute(InlineExecutorService.java:81)
	at java.base/java.util.concurrent.AbstractExecutorService.submit(AbstractExecutorService.java:145)
	at org.apache.catalina.core.ContainerBase.startInternal(ContainerBase.java:714)
	at org.apache.catalina.core.StandardHost.startInternal(StandardHost.java:780)
	at org.apache.catalina.util.LifecycleBase.start(LifecycleBase.java:164)
	at org.apache.catalina.core.ContainerBase$StartChild.call(ContainerBase.java:1162)
	at org.apache.catalina.core.ContainerBase$StartChild.call(ContainerBase.java:1158)
	at java.base/java.util.concurrent.FutureTask.run(FutureTask.java:317)
	at org.apache.tomcat.util.threads.InlineExecutorService.execute(InlineExecutorService.java:81)
	at java.base/java.util.concurrent.AbstractExecutorService.submit(AbstractExecutorService.java:145)
	at org.apache.catalina.core.ContainerBase.startInternal(ContainerBase.java:714)
	at org.apache.catalina.core.StandardEngine.startInternal(StandardEngine.java:201)
	at org.apache.catalina.util.LifecycleBase.start(LifecycleBase.java:164)
	at org.apache.catalina.core.StandardService.startInternal(StandardService.java:410)
	at org.apache.catalina.util.LifecycleBase.start(LifecycleBase.java:164)
	at org.apache.catalina.core.StandardServer.startInternal(StandardServer.java:864)
	at org.apache.catalina.util.LifecycleBase.start(LifecycleBase.java:164)
	at org.apache.catalina.startup.Tomcat.start(Tomcat.java:435)
	at org.springframework.boot.tomcat.TomcatWebServer.initialize(TomcatWebServer.java:131)
	at org.springframework.boot.tomcat.TomcatWebServer.<init>(TomcatWebServer.java:110)
	at org.springframework.boot.tomcat.servlet.TomcatServletWebServerFactory.getTomcatWebServer(TomcatServletWebServerFactory.java:408)
	at org.springframework.boot.tomcat.servlet.TomcatServletWebServerFactory.getWebServer(TomcatServletWebServerFactory.java:166)
	at org.springframework.boot.web.server.servlet.context.ServletWebServerApplicationContext.createWebServer(ServletWebServerApplicationContext.java:190)
	at org.springframework.boot.web.server.servlet.context.ServletWebServerApplicationContext.onRefresh(ServletWebServerApplicationContext.java:164)
	at org.springframework.context.support.AbstractApplicationContext.refresh(AbstractApplicationContext.java:615)
	at org.springframework.boot.web.server.servlet.context.ServletWebServerApplicationContext.refresh(ServletWebServerApplicationContext.java:143)
	at org.springframework.boot.SpringApplication.refresh(SpringApplication.java:756)
	at org.springframework.boot.SpringApplication.refreshContext(SpringApplication.java:445)
	at org.springframework.boot.SpringApplication.run(SpringApplication.java:321)
	at org.springframework.boot.SpringApplication.run(SpringApplication.java:1365)
	at org.springframework.boot.SpringApplication.run(SpringApplication.java:1354)
	at com.sisco_e.escola.SiscoEApplication.main(SiscoEApplication.java:12)
	at java.base/jdk.internal.reflect.DirectMethodHandleAccessor.invoke(DirectMethodHandleAccessor.java:103)
	at java.base/java.lang.reflect.Method.invoke(Method.java:580)
	at org.springframework.boot.devtools.restart.RestartLauncher.run(RestartLauncher.java:52)
Caused by: org.postgresql.util.PSQLException: ERRO: duplicar valor da chave viola a restrição de unicidade "pg_type_typname_nsp_index"
  Detalhe: Chave (typname, typnamespace)=(tb_diretor, 16390) já existe.
	at org.postgresql.core.v3.QueryExecutorImpl.receiveErrorResponse(QueryExecutorImpl.java:2904)
	at org.postgresql.core.v3.QueryExecutorImpl.processResults(QueryExecutorImpl.java:2589)
	at org.postgresql.core.v3.QueryExecutorImpl.execute(QueryExecutorImpl.java:431)
	at org.postgresql.jdbc.PgStatement.executeInternal(PgStatement.java:534)
	at org.postgresql.jdbc.PgStatement.execute(PgStatement.java:437)
	at org.postgresql.jdbc.PgStatement.executeWithFlags(PgStatement.java:359)
	at org.postgresql.jdbc.PgStatement.executeCachedSql(PgStatement.java:344)
	at org.postgresql.jdbc.PgStatement.executeWithFlags(PgStatement.java:320)
	at org.postgresql.jdbc.PgStatement.execute(PgStatement.java:315)
	at com.zaxxer.hikari.pool.ProxyStatement.execute(ProxyStatement.java:95)
	at com.zaxxer.hikari.pool.HikariProxyStatement.execute(HikariProxyStatement.java)
	at org.hibernate.tool.schema.internal.exec.GenerationTargetToDatabase.accept(GenerationTargetToDatabase.java:76)
	... 128 common frames omitted
2026-10-09 13:21:53 [restartedMain] WARN  o.h.t.s.i.ExceptionHandlerLoggedImpl - GenerationTarget encountered exception accepting command : Error executing DDL "
    create table siscoescola.tb_diretor_aud (
        is_ativo BOOLEAN DEFAULT TRUE,
        rev integer not null,
        revtype smallint,
        data_atualizacao timestamp(6) with time zone,
        data_cadastro timestamp(6) with time zone,
        data_fim_mandato timestamp(6) with time zone,
        data_posse timestamp(6) with time zone,
        escola_uuid uuid,
        uuid_diretor uuid not null,
        cpf CHARACTER VARYING(11),
        email CHARACTER VARYING(120),
        email_pessoal CHARACTER VARYING(120),
        matricula_funcional CHARACTER VARYING(20),
        nome_diretor CHARACTER VARYING(120),
        primary key (rev, uuid_diretor)
    )" via JDBC [ERRO: duplicar valor da chave viola a restrição de unicidade "pg_type_typname_nsp_index"
  Detalhe: Chave (typname, typnamespace)=(tb_diretor_aud, 16390) já existe.]
org.hibernate.tool.schema.spi.CommandAcceptanceException: Error executing DDL "
    create table siscoescola.tb_diretor_aud (
        is_ativo BOOLEAN DEFAULT TRUE,
        rev integer not null,
        revtype smallint,
        data_atualizacao timestamp(6) with time zone,
        data_cadastro timestamp(6) with time zone,
        data_fim_mandato timestamp(6) with time zone,
        data_posse timestamp(6) with time zone,
        escola_uuid uuid,
        uuid_diretor uuid not null,
        cpf CHARACTER VARYING(11),
        email CHARACTER VARYING(120),
        email_pessoal CHARACTER VARYING(120),
        matricula_funcional CHARACTER VARYING(20),
        nome_diretor CHARACTER VARYING(120),
        primary key (rev, uuid_diretor)
    )" via JDBC [ERRO: duplicar valor da chave viola a restrição de unicidade "pg_type_typname_nsp_index"
  Detalhe: Chave (typname, typnamespace)=(tb_diretor_aud, 16390) já existe.]
	at org.hibernate.tool.schema.internal.exec.GenerationTargetToDatabase.accept(GenerationTargetToDatabase.java:81)
	at org.hibernate.tool.schema.internal.Helper.applySqlString(Helper.java:218)
	at org.hibernate.tool.schema.internal.Helper.applySqlStrings(Helper.java:204)
	at org.hibernate.tool.schema.internal.SchemaCreatorImpl.createTables(SchemaCreatorImpl.java:404)
	at org.hibernate.tool.schema.internal.SchemaCreatorImpl.createSequencesTablesConstraints(SchemaCreatorImpl.java:320)
	at org.hibernate.tool.schema.internal.SchemaCreatorImpl.createFromMetadata(SchemaCreatorImpl.java:215)
	at org.hibernate.tool.schema.internal.SchemaCreatorImpl.performCreation(SchemaCreatorImpl.java:151)
	at org.hibernate.tool.schema.internal.SchemaCreatorImpl.doCreation(SchemaCreatorImpl.java:121)
	at org.hibernate.tool.schema.internal.SchemaCreatorImpl.doCreation(SchemaCreatorImpl.java:97)
	at org.hibernate.tool.schema.spi.SchemaManagementToolCoordinator.performDatabaseAction(SchemaManagementToolCoordinator.java:239)
	at org.hibernate.tool.schema.spi.SchemaManagementToolCoordinator.lambda$process$1(SchemaManagementToolCoordinator.java:101)
	at java.base/java.util.HashMap.forEach(HashMap.java:1429)
	at org.hibernate.tool.schema.spi.SchemaManagementToolCoordinator.process(SchemaManagementToolCoordinator.java:100)
	at org.hibernate.boot.internal.SessionFactoryObserverForSchemaExport.sessionFactoryCreated(SessionFactoryObserverForSchemaExport.java:35)
	at org.hibernate.internal.SessionFactoryObserverChain.sessionFactoryCreated(SessionFactoryObserverChain.java:33)
	at org.hibernate.internal.SessionFactoryImpl.<init>(SessionFactoryImpl.java:323)
	at org.hibernate.internal.SessionFactoryRegistry.instantiateSessionFactory(SessionFactoryRegistry.java:64)
	at org.hibernate.boot.internal.SessionFactoryBuilderImpl.build(SessionFactoryBuilderImpl.java:437)
	at org.hibernate.jpa.boot.internal.EntityManagerFactoryBuilderImpl.build(EntityManagerFactoryBuilderImpl.java:1456)
	at org.springframework.orm.jpa.vendor.SpringHibernateJpaPersistenceProvider.createContainerEntityManagerFactory(SpringHibernateJpaPersistenceProvider.java:93)
	at org.springframework.orm.jpa.LocalContainerEntityManagerFactoryBean.createNativeEntityManagerFactory(LocalContainerEntityManagerFactoryBean.java:443)
	at org.springframework.orm.jpa.AbstractEntityManagerFactoryBean.buildNativeEntityManagerFactory(AbstractEntityManagerFactoryBean.java:436)
	at org.springframework.orm.jpa.AbstractEntityManagerFactoryBean.afterPropertiesSet(AbstractEntityManagerFactoryBean.java:411)
	at org.springframework.orm.jpa.LocalContainerEntityManagerFactoryBean.afterPropertiesSet(LocalContainerEntityManagerFactoryBean.java:419)
	at org.springframework.beans.factory.support.AbstractAutowireCapableBeanFactory.invokeInitMethods(AbstractAutowireCapableBeanFactory.java:1862)
	at org.springframework.beans.factory.support.AbstractAutowireCapableBeanFactory.initializeBean(AbstractAutowireCapableBeanFactory.java:1811)
	at org.springframework.beans.factory.support.AbstractAutowireCapableBeanFactory.doCreateBean(AbstractAutowireCapableBeanFactory.java:603)
	at org.springframework.beans.factory.support.AbstractAutowireCapableBeanFactory.createBean(AbstractAutowireCapableBeanFactory.java:525)
	at org.springframework.beans.factory.support.AbstractBeanFactory.lambda$doGetBean$0(AbstractBeanFactory.java:333)
	at org.springframework.beans.factory.support.DefaultSingletonBeanRegistry.getSingleton(DefaultSingletonBeanRegistry.java:371)
	at org.springframework.beans.factory.support.AbstractBeanFactory.doGetBean(AbstractBeanFactory.java:331)
	at org.springframework.beans.factory.support.AbstractBeanFactory.getBean(AbstractBeanFactory.java:196)
	at org.springframework.beans.factory.support.BeanDefinitionValueResolver.resolveReference(BeanDefinitionValueResolver.java:365)
	at org.springframework.beans.factory.support.BeanDefinitionValueResolver.resolveValueIfNecessary(BeanDefinitionValueResolver.java:135)
	at org.springframework.beans.factory.support.ConstructorResolver.resolveConstructorArguments(ConstructorResolver.java:691)
	at org.springframework.beans.factory.support.ConstructorResolver.instantiateUsingFactoryMethod(ConstructorResolver.java:513)
	at org.springframework.beans.factory.support.AbstractAutowireCapableBeanFactory.instantiateUsingFactoryMethod(AbstractAutowireCapableBeanFactory.java:1360)
	at org.springframework.beans.factory.support.AbstractAutowireCapableBeanFactory.createBeanInstance(AbstractAutowireCapableBeanFactory.java:1192)
	at org.springframework.beans.factory.support.AbstractAutowireCapableBeanFactory.doCreateBean(AbstractAutowireCapableBeanFactory.java:565)
	at org.springframework.beans.factory.support.AbstractAutowireCapableBeanFactory.createBean(AbstractAutowireCapableBeanFactory.java:525)
	at org.springframework.beans.factory.support.AbstractBeanFactory.lambda$doGetBean$0(AbstractBeanFactory.java:333)
	at org.springframework.beans.factory.support.DefaultSingletonBeanRegistry.getSingleton(DefaultSingletonBeanRegistry.java:371)
	at org.springframework.beans.factory.support.AbstractBeanFactory.doGetBean(AbstractBeanFactory.java:331)
	at org.springframework.beans.factory.support.AbstractBeanFactory.getBean(AbstractBeanFactory.java:201)
	at org.springframework.beans.factory.support.BeanDefinitionValueResolver.resolveReference(BeanDefinitionValueResolver.java:356)
	at org.springframework.beans.factory.support.BeanDefinitionValueResolver.resolveValueIfNecessary(BeanDefinitionValueResolver.java:135)
	at org.springframework.beans.factory.support.AbstractAutowireCapableBeanFactory.applyPropertyValues(AbstractAutowireCapableBeanFactory.java:1710)
	at org.springframework.beans.factory.support.AbstractAutowireCapableBeanFactory.populateBean(AbstractAutowireCapableBeanFactory.java:1459)
	at org.springframework.beans.factory.support.AbstractAutowireCapableBeanFactory.doCreateBean(AbstractAutowireCapableBeanFactory.java:602)
	at org.springframework.beans.factory.support.AbstractAutowireCapableBeanFactory.createBean(AbstractAutowireCapableBeanFactory.java:525)
	at org.springframework.beans.factory.support.AbstractBeanFactory.lambda$doGetBean$0(AbstractBeanFactory.java:333)
	at org.springframework.beans.factory.support.DefaultSingletonBeanRegistry.getSingleton(DefaultSingletonBeanRegistry.java:371)
	at org.springframework.beans.factory.support.AbstractBeanFactory.doGetBean(AbstractBeanFactory.java:331)
	at org.springframework.beans.factory.support.AbstractBeanFactory.getBean(AbstractBeanFactory.java:201)
	at org.springframework.beans.factory.support.DefaultListableBeanFactory.resolveBean(DefaultListableBeanFactory.java:1232)
	at org.springframework.beans.factory.support.DefaultListableBeanFactory.doResolveDependency(DefaultListableBeanFactory.java:1711)
	at org.springframework.beans.factory.support.DefaultListableBeanFactory.resolveDependency(DefaultListableBeanFactory.java:1658)
	at org.springframework.beans.factory.support.ConstructorResolver.resolveAutowiredArgument(ConstructorResolver.java:912)
	at org.springframework.beans.factory.support.ConstructorResolver.createArgumentArray(ConstructorResolver.java:791)
	at org.springframework.beans.factory.support.ConstructorResolver.autowireConstructor(ConstructorResolver.java:240)
	at org.springframework.beans.factory.support.AbstractAutowireCapableBeanFactory.autowireConstructor(AbstractAutowireCapableBeanFactory.java:1380)
	at org.springframework.beans.factory.support.AbstractAutowireCapableBeanFactory.createBeanInstance(AbstractAutowireCapableBeanFactory.java:1219)
	at org.springframework.beans.factory.support.AbstractAutowireCapableBeanFactory.doCreateBean(AbstractAutowireCapableBeanFactory.java:565)
	at org.springframework.beans.factory.support.AbstractAutowireCapableBeanFactory.createBean(AbstractAutowireCapableBeanFactory.java:525)
	at org.springframework.beans.factory.support.AbstractBeanFactory.lambda$doGetBean$0(AbstractBeanFactory.java:333)
	at org.springframework.beans.factory.support.DefaultSingletonBeanRegistry.getSingleton(DefaultSingletonBeanRegistry.java:371)
	at org.springframework.beans.factory.support.AbstractBeanFactory.doGetBean(AbstractBeanFactory.java:331)
	at org.springframework.beans.factory.support.AbstractBeanFactory.getBean(AbstractBeanFactory.java:201)
	at org.springframework.beans.factory.config.DependencyDescriptor.resolveCandidate(DependencyDescriptor.java:229)
	at org.springframework.beans.factory.support.DefaultListableBeanFactory.doResolveDependency(DefaultListableBeanFactory.java:1769)
	at org.springframework.beans.factory.support.DefaultListableBeanFactory.resolveDependency(DefaultListableBeanFactory.java:1658)
	at org.springframework.beans.factory.support.ConstructorResolver.resolveAutowiredArgument(ConstructorResolver.java:912)
	at org.springframework.beans.factory.support.ConstructorResolver.createArgumentArray(ConstructorResolver.java:791)
	at org.springframework.beans.factory.support.ConstructorResolver.autowireConstructor(ConstructorResolver.java:240)
	at org.springframework.beans.factory.support.AbstractAutowireCapableBeanFactory.autowireConstructor(AbstractAutowireCapableBeanFactory.java:1380)
	at org.springframework.beans.factory.support.AbstractAutowireCapableBeanFactory.createBeanInstance(AbstractAutowireCapableBeanFactory.java:1219)
	at org.springframework.beans.factory.support.AbstractAutowireCapableBeanFactory.doCreateBean(AbstractAutowireCapableBeanFactory.java:565)
	at org.springframework.beans.factory.support.AbstractAutowireCapableBeanFactory.createBean(AbstractAutowireCapableBeanFactory.java:525)
	at org.springframework.beans.factory.support.AbstractBeanFactory.lambda$doGetBean$0(AbstractBeanFactory.java:333)
	at org.springframework.beans.factory.support.DefaultSingletonBeanRegistry.getSingleton(DefaultSingletonBeanRegistry.java:371)
	at org.springframework.beans.factory.support.AbstractBeanFactory.doGetBean(AbstractBeanFactory.java:331)
	at org.springframework.beans.factory.support.AbstractBeanFactory.getBean(AbstractBeanFactory.java:201)
	at org.springframework.boot.web.servlet.ServletContextInitializerBeans.getOrderedBeansOfType(ServletContextInitializerBeans.java:231)
	at org.springframework.boot.web.servlet.ServletContextInitializerBeans.addAsRegistrationBean(ServletContextInitializerBeans.java:185)
	at org.springframework.boot.web.servlet.ServletContextInitializerBeans.addAsRegistrationBean(ServletContextInitializerBeans.java:180)
	at org.springframework.boot.web.servlet.ServletContextInitializerBeans.addAdaptableBeans(ServletContextInitializerBeans.java:165)
	at org.springframework.boot.web.servlet.ServletContextInitializerBeans.<init>(ServletContextInitializerBeans.java:97)
	at org.springframework.boot.web.context.servlet.WebApplicationContextInitializer.initialize(WebApplicationContextInitializer.java:53)
	at org.springframework.boot.tomcat.servlet.DeferredServletContainerInitializers.onStartup(DeferredServletContainerInitializers.java:55)
	at org.apache.catalina.core.StandardContext.startInternal(StandardContext.java:4420)
	at org.apache.catalina.util.LifecycleBase.start(LifecycleBase.java:164)
	at org.apache.catalina.core.ContainerBase$StartChild.call(ContainerBase.java:1162)
	at org.apache.catalina.core.ContainerBase$StartChild.call(ContainerBase.java:1158)
	at java.base/java.util.concurrent.FutureTask.run(FutureTask.java:317)
	at org.apache.tomcat.util.threads.InlineExecutorService.execute(InlineExecutorService.java:81)
	at java.base/java.util.concurrent.AbstractExecutorService.submit(AbstractExecutorService.java:145)
	at org.apache.catalina.core.ContainerBase.startInternal(ContainerBase.java:714)
	at org.apache.catalina.core.StandardHost.startInternal(StandardHost.java:780)
	at org.apache.catalina.util.LifecycleBase.start(LifecycleBase.java:164)
	at org.apache.catalina.core.ContainerBase$StartChild.call(ContainerBase.java:1162)
	at org.apache.catalina.core.ContainerBase$StartChild.call(ContainerBase.java:1158)
	at java.base/java.util.concurrent.FutureTask.run(FutureTask.java:317)
	at org.apache.tomcat.util.threads.InlineExecutorService.execute(InlineExecutorService.java:81)
	at java.base/java.util.concurrent.AbstractExecutorService.submit(AbstractExecutorService.java:145)
	at org.apache.catalina.core.ContainerBase.startInternal(ContainerBase.java:714)
	at org.apache.catalina.core.StandardEngine.startInternal(StandardEngine.java:201)
	at org.apache.catalina.util.LifecycleBase.start(LifecycleBase.java:164)
	at org.apache.catalina.core.StandardService.startInternal(StandardService.java:410)
	at org.apache.catalina.util.LifecycleBase.start(LifecycleBase.java:164)
	at org.apache.catalina.core.StandardServer.startInternal(StandardServer.java:864)
	at org.apache.catalina.util.LifecycleBase.start(LifecycleBase.java:164)
	at org.apache.catalina.startup.Tomcat.start(Tomcat.java:435)
	at org.springframework.boot.tomcat.TomcatWebServer.initialize(TomcatWebServer.java:131)
	at org.springframework.boot.tomcat.TomcatWebServer.<init>(TomcatWebServer.java:110)
	at org.springframework.boot.tomcat.servlet.TomcatServletWebServerFactory.getTomcatWebServer(TomcatServletWebServerFactory.java:408)
	at org.springframework.boot.tomcat.servlet.TomcatServletWebServerFactory.getWebServer(TomcatServletWebServerFactory.java:166)
	at org.springframework.boot.web.server.servlet.context.ServletWebServerApplicationContext.createWebServer(ServletWebServerApplicationContext.java:190)
	at org.springframework.boot.web.server.servlet.context.ServletWebServerApplicationContext.onRefresh(ServletWebServerApplicationContext.java:164)
	at org.springframework.context.support.AbstractApplicationContext.refresh(AbstractApplicationContext.java:615)
	at org.springframework.boot.web.server.servlet.context.ServletWebServerApplicationContext.refresh(ServletWebServerApplicationContext.java:143)
	at org.springframework.boot.SpringApplication.refresh(SpringApplication.java:756)
	at org.springframework.boot.SpringApplication.refreshContext(SpringApplication.java:445)
	at org.springframework.boot.SpringApplication.run(SpringApplication.java:321)
	at org.springframework.boot.SpringApplication.run(SpringApplication.java:1365)
	at org.springframework.boot.SpringApplication.run(SpringApplication.java:1354)
	at com.sisco_e.escola.SiscoEApplication.main(SiscoEApplication.java:12)
	at java.base/jdk.internal.reflect.DirectMethodHandleAccessor.invoke(DirectMethodHandleAccessor.java:103)
	at java.base/java.lang.reflect.Method.invoke(Method.java:580)
	at org.springframework.boot.devtools.restart.RestartLauncher.run(RestartLauncher.java:52)
Caused by: org.postgresql.util.PSQLException: ERRO: duplicar valor da chave viola a restrição de unicidade "pg_type_typname_nsp_index"
  Detalhe: Chave (typname, typnamespace)=(tb_diretor_aud, 16390) já existe.
	at org.postgresql.core.v3.QueryExecutorImpl.receiveErrorResponse(QueryExecutorImpl.java:2904)
	at org.postgresql.core.v3.QueryExecutorImpl.processResults(QueryExecutorImpl.java:2589)
	at org.postgresql.core.v3.QueryExecutorImpl.execute(QueryExecutorImpl.java:431)
	at org.postgresql.jdbc.PgStatement.executeInternal(PgStatement.java:534)
	at org.postgresql.jdbc.PgStatement.execute(PgStatement.java:437)
	at org.postgresql.jdbc.PgStatement.executeWithFlags(PgStatement.java:359)
	at org.postgresql.jdbc.PgStatement.executeCachedSql(PgStatement.java:344)
	at org.postgresql.jdbc.PgStatement.executeWithFlags(PgStatement.java:320)
	at org.postgresql.jdbc.PgStatement.execute(PgStatement.java:315)
	at com.zaxxer.hikari.pool.ProxyStatement.execute(ProxyStatement.java:95)
	at com.zaxxer.hikari.pool.HikariProxyStatement.execute(HikariProxyStatement.java)
	at org.hibernate.tool.schema.internal.exec.GenerationTargetToDatabase.accept(GenerationTargetToDatabase.java:76)
	... 128 common frames omitted
2026-10-09 13:21:53 [restartedMain] WARN  o.h.t.s.i.ExceptionHandlerLoggedImpl - GenerationTarget encountered exception accepting command : Error executing DDL "
    create table siscoescola.tb_escola (
        is_ativo BOOLEAN DEFAULT TRUE not null,
        data_atualizacao timestamp(6) with time zone not null,
        data_cadastro timestamp(6) with time zone not null,
        uuid_escola uuid not null,
        bairro CHARACTER VARYING(255),
        cep CHARACTER VARYING(8),
        codigo_escola CHARACTER VARYING(120) not null unique,
        estado CHARACTER VARYING(2) not null,
        logradouro CHARACTER VARYING(255),
        municipio CHARACTER VARYING(120) not null,
        nome_escola CHARACTER VARYING(120) not null,
        tipo_escola CHARACTER VARYING(30) not null check ((tipo_escola in ('PUBLICA','PRIVADA','MUNICIPAL','ESTADUAL','FEDERAL'))),
        primary key (uuid_escola)
    )" via JDBC [ERRO: duplicar valor da chave viola a restrição de unicidade "pg_type_typname_nsp_index"
  Detalhe: Chave (typname, typnamespace)=(tb_escola, 16390) já existe.]
org.hibernate.tool.schema.spi.CommandAcceptanceException: Error executing DDL "
    create table siscoescola.tb_escola (
        is_ativo BOOLEAN DEFAULT TRUE not null,
        data_atualizacao timestamp(6) with time zone not null,
        data_cadastro timestamp(6) with time zone not null,
        uuid_escola uuid not null,
        bairro CHARACTER VARYING(255),
        cep CHARACTER VARYING(8),
        codigo_escola CHARACTER VARYING(120) not null unique,
        estado CHARACTER VARYING(2) not null,
        logradouro CHARACTER VARYING(255),
        municipio CHARACTER VARYING(120) not null,
        nome_escola CHARACTER VARYING(120) not null,
        tipo_escola CHARACTER VARYING(30) not null check ((tipo_escola in ('PUBLICA','PRIVADA','MUNICIPAL','ESTADUAL','FEDERAL'))),
        primary key (uuid_escola)
    )" via JDBC [ERRO: duplicar valor da chave viola a restrição de unicidade "pg_type_typname_nsp_index"
  Detalhe: Chave (typname, typnamespace)=(tb_escola, 16390) já existe.]
	at org.hibernate.tool.schema.internal.exec.GenerationTargetToDatabase.accept(GenerationTargetToDatabase.java:81)
	at org.hibernate.tool.schema.internal.Helper.applySqlString(Helper.java:218)
	at org.hibernate.tool.schema.internal.Helper.applySqlStrings(Helper.java:204)
	at org.hibernate.tool.schema.internal.SchemaCreatorImpl.createTables(SchemaCreatorImpl.java:404)
	at org.hibernate.tool.schema.internal.SchemaCreatorImpl.createSequencesTablesConstraints(SchemaCreatorImpl.java:320)
	at org.hibernate.tool.schema.internal.SchemaCreatorImpl.createFromMetadata(SchemaCreatorImpl.java:215)
	at org.hibernate.tool.schema.internal.SchemaCreatorImpl.performCreation(SchemaCreatorImpl.java:151)
	at org.hibernate.tool.schema.internal.SchemaCreatorImpl.doCreation(SchemaCreatorImpl.java:121)
	at org.hibernate.tool.schema.internal.SchemaCreatorImpl.doCreation(SchemaCreatorImpl.java:97)
	at org.hibernate.tool.schema.spi.SchemaManagementToolCoordinator.performDatabaseAction(SchemaManagementToolCoordinator.java:239)
	at org.hibernate.tool.schema.spi.SchemaManagementToolCoordinator.lambda$process$1(SchemaManagementToolCoordinator.java:101)
	at java.base/java.util.HashMap.forEach(HashMap.java:1429)
	at org.hibernate.tool.schema.spi.SchemaManagementToolCoordinator.process(SchemaManagementToolCoordinator.java:100)
	at org.hibernate.boot.internal.SessionFactoryObserverForSchemaExport.sessionFactoryCreated(SessionFactoryObserverForSchemaExport.java:35)
	at org.hibernate.internal.SessionFactoryObserverChain.sessionFactoryCreated(SessionFactoryObserverChain.java:33)
	at org.hibernate.internal.SessionFactoryImpl.<init>(SessionFactoryImpl.java:323)
	at org.hibernate.internal.SessionFactoryRegistry.instantiateSessionFactory(SessionFactoryRegistry.java:64)
	at org.hibernate.boot.internal.SessionFactoryBuilderImpl.build(SessionFactoryBuilderImpl.java:437)
	at org.hibernate.jpa.boot.internal.EntityManagerFactoryBuilderImpl.build(EntityManagerFactoryBuilderImpl.java:1456)
	at org.springframework.orm.jpa.vendor.SpringHibernateJpaPersistenceProvider.createContainerEntityManagerFactory(SpringHibernateJpaPersistenceProvider.java:93)
	at org.springframework.orm.jpa.LocalContainerEntityManagerFactoryBean.createNativeEntityManagerFactory(LocalContainerEntityManagerFactoryBean.java:443)
	at org.springframework.orm.jpa.AbstractEntityManagerFactoryBean.buildNativeEntityManagerFactory(AbstractEntityManagerFactoryBean.java:436)
	at org.springframework.orm.jpa.AbstractEntityManagerFactoryBean.afterPropertiesSet(AbstractEntityManagerFactoryBean.java:411)
	at org.springframework.orm.jpa.LocalContainerEntityManagerFactoryBean.afterPropertiesSet(LocalContainerEntityManagerFactoryBean.java:419)
	at org.springframework.beans.factory.support.AbstractAutowireCapableBeanFactory.invokeInitMethods(AbstractAutowireCapableBeanFactory.java:1862)
	at org.springframework.beans.factory.support.AbstractAutowireCapableBeanFactory.initializeBean(AbstractAutowireCapableBeanFactory.java:1811)
	at org.springframework.beans.factory.support.AbstractAutowireCapableBeanFactory.doCreateBean(AbstractAutowireCapableBeanFactory.java:603)
	at org.springframework.beans.factory.support.AbstractAutowireCapableBeanFactory.createBean(AbstractAutowireCapableBeanFactory.java:525)
	at org.springframework.beans.factory.support.AbstractBeanFactory.lambda$doGetBean$0(AbstractBeanFactory.java:333)
	at org.springframework.beans.factory.support.DefaultSingletonBeanRegistry.getSingleton(DefaultSingletonBeanRegistry.java:371)
	at org.springframework.beans.factory.support.AbstractBeanFactory.doGetBean(AbstractBeanFactory.java:331)
	at org.springframework.beans.factory.support.AbstractBeanFactory.getBean(AbstractBeanFactory.java:196)
	at org.springframework.beans.factory.support.BeanDefinitionValueResolver.resolveReference(BeanDefinitionValueResolver.java:365)
	at org.springframework.beans.factory.support.BeanDefinitionValueResolver.resolveValueIfNecessary(BeanDefinitionValueResolver.java:135)
	at org.springframework.beans.factory.support.ConstructorResolver.resolveConstructorArguments(ConstructorResolver.java:691)
	at org.springframework.beans.factory.support.ConstructorResolver.instantiateUsingFactoryMethod(ConstructorResolver.java:513)
	at org.springframework.beans.factory.support.AbstractAutowireCapableBeanFactory.instantiateUsingFactoryMethod(AbstractAutowireCapableBeanFactory.java:1360)
	at org.springframework.beans.factory.support.AbstractAutowireCapableBeanFactory.createBeanInstance(AbstractAutowireCapableBeanFactory.java:1192)
	at org.springframework.beans.factory.support.AbstractAutowireCapableBeanFactory.doCreateBean(AbstractAutowireCapableBeanFactory.java:565)
	at org.springframework.beans.factory.support.AbstractAutowireCapableBeanFactory.createBean(AbstractAutowireCapableBeanFactory.java:525)
	at org.springframework.beans.factory.support.AbstractBeanFactory.lambda$doGetBean$0(AbstractBeanFactory.java:333)
	at org.springframework.beans.factory.support.DefaultSingletonBeanRegistry.getSingleton(DefaultSingletonBeanRegistry.java:371)
	at org.springframework.beans.factory.support.AbstractBeanFactory.doGetBean(AbstractBeanFactory.java:331)
	at org.springframework.beans.factory.support.AbstractBeanFactory.getBean(AbstractBeanFactory.java:201)
	at org.springframework.beans.factory.support.BeanDefinitionValueResolver.resolveReference(BeanDefinitionValueResolver.java:356)
	at org.springframework.beans.factory.support.BeanDefinitionValueResolver.resolveValueIfNecessary(BeanDefinitionValueResolver.java:135)
	at org.springframework.beans.factory.support.AbstractAutowireCapableBeanFactory.applyPropertyValues(AbstractAutowireCapableBeanFactory.java:1710)
	at org.springframework.beans.factory.support.AbstractAutowireCapableBeanFactory.populateBean(AbstractAutowireCapableBeanFactory.java:1459)
	at org.springframework.beans.factory.support.AbstractAutowireCapableBeanFactory.doCreateBean(AbstractAutowireCapableBeanFactory.java:602)
	at org.springframework.beans.factory.support.AbstractAutowireCapableBeanFactory.createBean(AbstractAutowireCapableBeanFactory.java:525)
	at org.springframework.beans.factory.support.AbstractBeanFactory.lambda$doGetBean$0(AbstractBeanFactory.java:333)
	at org.springframework.beans.factory.support.DefaultSingletonBeanRegistry.getSingleton(DefaultSingletonBeanRegistry.java:371)
	at org.springframework.beans.factory.support.AbstractBeanFactory.doGetBean(AbstractBeanFactory.java:331)
	at org.springframework.beans.factory.support.AbstractBeanFactory.getBean(AbstractBeanFactory.java:201)
	at org.springframework.beans.factory.support.DefaultListableBeanFactory.resolveBean(DefaultListableBeanFactory.java:1232)
	at org.springframework.beans.factory.support.DefaultListableBeanFactory.doResolveDependency(DefaultListableBeanFactory.java:1711)
	at org.springframework.beans.factory.support.DefaultListableBeanFactory.resolveDependency(DefaultListableBeanFactory.java:1658)
	at org.springframework.beans.factory.support.ConstructorResolver.resolveAutowiredArgument(ConstructorResolver.java:912)
	at org.springframework.beans.factory.support.ConstructorResolver.createArgumentArray(ConstructorResolver.java:791)
	at org.springframework.beans.factory.support.ConstructorResolver.autowireConstructor(ConstructorResolver.java:240)
	at org.springframework.beans.factory.support.AbstractAutowireCapableBeanFactory.autowireConstructor(AbstractAutowireCapableBeanFactory.java:1380)
	at org.springframework.beans.factory.support.AbstractAutowireCapableBeanFactory.createBeanInstance(AbstractAutowireCapableBeanFactory.java:1219)
	at org.springframework.beans.factory.support.AbstractAutowireCapableBeanFactory.doCreateBean(AbstractAutowireCapableBeanFactory.java:565)
	at org.springframework.beans.factory.support.AbstractAutowireCapableBeanFactory.createBean(AbstractAutowireCapableBeanFactory.java:525)
	at org.springframework.beans.factory.support.AbstractBeanFactory.lambda$doGetBean$0(AbstractBeanFactory.java:333)
	at org.springframework.beans.factory.support.DefaultSingletonBeanRegistry.getSingleton(DefaultSingletonBeanRegistry.java:371)
	at org.springframework.beans.factory.support.AbstractBeanFactory.doGetBean(AbstractBeanFactory.java:331)
	at org.springframework.beans.factory.support.AbstractBeanFactory.getBean(AbstractBeanFactory.java:201)
	at org.springframework.beans.factory.config.DependencyDescriptor.resolveCandidate(DependencyDescriptor.java:229)
	at org.springframework.beans.factory.support.DefaultListableBeanFactory.doResolveDependency(DefaultListableBeanFactory.java:1769)
	at org.springframework.beans.factory.support.DefaultListableBeanFactory.resolveDependency(DefaultListableBeanFactory.java:1658)
	at org.springframework.beans.factory.support.ConstructorResolver.resolveAutowiredArgument(ConstructorResolver.java:912)
	at org.springframework.beans.factory.support.ConstructorResolver.createArgumentArray(ConstructorResolver.java:791)
	at org.springframework.beans.factory.support.ConstructorResolver.autowireConstructor(ConstructorResolver.java:240)
	at org.springframework.beans.factory.support.AbstractAutowireCapableBeanFactory.autowireConstructor(AbstractAutowireCapableBeanFactory.java:1380)
	at org.springframework.beans.factory.support.AbstractAutowireCapableBeanFactory.createBeanInstance(AbstractAutowireCapableBeanFactory.java:1219)
	at org.springframework.beans.factory.support.AbstractAutowireCapableBeanFactory.doCreateBean(AbstractAutowireCapableBeanFactory.java:565)
	at org.springframework.beans.factory.support.AbstractAutowireCapableBeanFactory.createBean(AbstractAutowireCapableBeanFactory.java:525)
	at org.springframework.beans.factory.support.AbstractBeanFactory.lambda$doGetBean$0(AbstractBeanFactory.java:333)
	at org.springframework.beans.factory.support.DefaultSingletonBeanRegistry.getSingleton(DefaultSingletonBeanRegistry.java:371)
	at org.springframework.beans.factory.support.AbstractBeanFactory.doGetBean(AbstractBeanFactory.java:331)
	at org.springframework.beans.factory.support.AbstractBeanFactory.getBean(AbstractBeanFactory.java:201)
	at org.springframework.boot.web.servlet.ServletContextInitializerBeans.getOrderedBeansOfType(ServletContextInitializerBeans.java:231)
	at org.springframework.boot.web.servlet.ServletContextInitializerBeans.addAsRegistrationBean(ServletContextInitializerBeans.java:185)
	at org.springframework.boot.web.servlet.ServletContextInitializerBeans.addAsRegistrationBean(ServletContextInitializerBeans.java:180)
	at org.springframework.boot.web.servlet.ServletContextInitializerBeans.addAdaptableBeans(ServletContextInitializerBeans.java:165)
	at org.springframework.boot.web.servlet.ServletContextInitializerBeans.<init>(ServletContextInitializerBeans.java:97)
	at org.springframework.boot.web.context.servlet.WebApplicationContextInitializer.initialize(WebApplicationContextInitializer.java:53)
	at org.springframework.boot.tomcat.servlet.DeferredServletContainerInitializers.onStartup(DeferredServletContainerInitializers.java:55)
	at org.apache.catalina.core.StandardContext.startInternal(StandardContext.java:4420)
	at org.apache.catalina.util.LifecycleBase.start(LifecycleBase.java:164)
	at org.apache.catalina.core.ContainerBase$StartChild.call(ContainerBase.java:1162)
	at org.apache.catalina.core.ContainerBase$StartChild.call(ContainerBase.java:1158)
	at java.base/java.util.concurrent.FutureTask.run(FutureTask.java:317)
	at org.apache.tomcat.util.threads.InlineExecutorService.execute(InlineExecutorService.java:81)
	at java.base/java.util.concurrent.AbstractExecutorService.submit(AbstractExecutorService.java:145)
	at org.apache.catalina.core.ContainerBase.startInternal(ContainerBase.java:714)
	at org.apache.catalina.core.StandardHost.startInternal(StandardHost.java:780)
	at org.apache.catalina.util.LifecycleBase.start(LifecycleBase.java:164)
	at org.apache.catalina.core.ContainerBase$StartChild.call(ContainerBase.java:1162)
	at org.apache.catalina.core.ContainerBase$StartChild.call(ContainerBase.java:1158)
	at java.base/java.util.concurrent.FutureTask.run(FutureTask.java:317)
	at org.apache.tomcat.util.threads.InlineExecutorService.execute(InlineExecutorService.java:81)
	at java.base/java.util.concurrent.AbstractExecutorService.submit(AbstractExecutorService.java:145)
	at org.apache.catalina.core.ContainerBase.startInternal(ContainerBase.java:714)
	at org.apache.catalina.core.StandardEngine.startInternal(StandardEngine.java:201)
	at org.apache.catalina.util.LifecycleBase.start(LifecycleBase.java:164)
	at org.apache.catalina.core.StandardService.startInternal(StandardService.java:410)
	at org.apache.catalina.util.LifecycleBase.start(LifecycleBase.java:164)
	at org.apache.catalina.core.StandardServer.startInternal(StandardServer.java:864)
	at org.apache.catalina.util.LifecycleBase.start(LifecycleBase.java:164)
	at org.apache.catalina.startup.Tomcat.start(Tomcat.java:435)
	at org.springframework.boot.tomcat.TomcatWebServer.initialize(TomcatWebServer.java:131)
	at org.springframework.boot.tomcat.TomcatWebServer.<init>(TomcatWebServer.java:110)
	at org.springframework.boot.tomcat.servlet.TomcatServletWebServerFactory.getTomcatWebServer(TomcatServletWebServerFactory.java:408)
	at org.springframework.boot.tomcat.servlet.TomcatServletWebServerFactory.getWebServer(TomcatServletWebServerFactory.java:166)
	at org.springframework.boot.web.server.servlet.context.ServletWebServerApplicationContext.createWebServer(ServletWebServerApplicationContext.java:190)
	at org.springframework.boot.web.server.servlet.context.ServletWebServerApplicationContext.onRefresh(ServletWebServerApplicationContext.java:164)
	at org.springframework.context.support.AbstractApplicationContext.refresh(AbstractApplicationContext.java:615)
	at org.springframework.boot.web.server.servlet.context.ServletWebServerApplicationContext.refresh(ServletWebServerApplicationContext.java:143)
	at org.springframework.boot.SpringApplication.refresh(SpringApplication.java:756)
	at org.springframework.boot.SpringApplication.refreshContext(SpringApplication.java:445)
	at org.springframework.boot.SpringApplication.run(SpringApplication.java:321)
	at org.springframework.boot.SpringApplication.run(SpringApplication.java:1365)
	at org.springframework.boot.SpringApplication.run(SpringApplication.java:1354)
	at com.sisco_e.escola.SiscoEApplication.main(SiscoEApplication.java:12)
	at java.base/jdk.internal.reflect.DirectMethodHandleAccessor.invoke(DirectMethodHandleAccessor.java:103)
	at java.base/java.lang.reflect.Method.invoke(Method.java:580)
	at org.springframework.boot.devtools.restart.RestartLauncher.run(RestartLauncher.java:52)
Caused by: org.postgresql.util.PSQLException: ERRO: duplicar valor da chave viola a restrição de unicidade "pg_type_typname_nsp_index"
  Detalhe: Chave (typname, typnamespace)=(tb_escola, 16390) já existe.
	at org.postgresql.core.v3.QueryExecutorImpl.receiveErrorResponse(QueryExecutorImpl.java:2904)
	at org.postgresql.core.v3.QueryExecutorImpl.processResults(QueryExecutorImpl.java:2589)
	at org.postgresql.core.v3.QueryExecutorImpl.execute(QueryExecutorImpl.java:431)
	at org.postgresql.jdbc.PgStatement.executeInternal(PgStatement.java:534)
	at org.postgresql.jdbc.PgStatement.execute(PgStatement.java:437)
	at org.postgresql.jdbc.PgStatement.executeWithFlags(PgStatement.java:359)
	at org.postgresql.jdbc.PgStatement.executeCachedSql(PgStatement.java:344)
	at org.postgresql.jdbc.PgStatement.executeWithFlags(PgStatement.java:320)
	at org.postgresql.jdbc.PgStatement.execute(PgStatement.java:315)
	at com.zaxxer.hikari.pool.ProxyStatement.execute(ProxyStatement.java:95)
	at com.zaxxer.hikari.pool.HikariProxyStatement.execute(HikariProxyStatement.java)
	at org.hibernate.tool.schema.internal.exec.GenerationTargetToDatabase.accept(GenerationTargetToDatabase.java:76)
	... 128 common frames omitted
2026-10-09 13:21:53 [restartedMain] WARN  o.h.t.s.i.ExceptionHandlerLoggedImpl - GenerationTarget encountered exception accepting command : Error executing DDL "
    create table siscoescola.tb_escola_aud (
        is_ativo BOOLEAN DEFAULT TRUE,
        rev integer not null,
        revtype smallint,
        data_atualizacao timestamp(6) with time zone,
        data_cadastro timestamp(6) with time zone,
        uuid_escola uuid not null,
        bairro CHARACTER VARYING(255),
        cep CHARACTER VARYING(8),
        codigo_escola CHARACTER VARYING(120),
        estado CHARACTER VARYING(2),
        logradouro CHARACTER VARYING(255),
        municipio CHARACTER VARYING(120),
        nome_escola CHARACTER VARYING(120),
        tipo_escola CHARACTER VARYING(30) check ((tipo_escola in ('PUBLICA','PRIVADA','MUNICIPAL','ESTADUAL','FEDERAL'))),
        primary key (rev, uuid_escola)
    )" via JDBC [ERRO: duplicar valor da chave viola a restrição de unicidade "pg_type_typname_nsp_index"
  Detalhe: Chave (typname, typnamespace)=(tb_escola_aud, 16390) já existe.]
org.hibernate.tool.schema.spi.CommandAcceptanceException: Error executing DDL "
    create table siscoescola.tb_escola_aud (
        is_ativo BOOLEAN DEFAULT TRUE,
        rev integer not null,
        revtype smallint,
        data_atualizacao timestamp(6) with time zone,
        data_cadastro timestamp(6) with time zone,
        uuid_escola uuid not null,
        bairro CHARACTER VARYING(255),
        cep CHARACTER VARYING(8),
        codigo_escola CHARACTER VARYING(120),
        estado CHARACTER VARYING(2),
        logradouro CHARACTER VARYING(255),
        municipio CHARACTER VARYING(120),
        nome_escola CHARACTER VARYING(120),
        tipo_escola CHARACTER VARYING(30) check ((tipo_escola in ('PUBLICA','PRIVADA','MUNICIPAL','ESTADUAL','FEDERAL'))),
        primary key (rev, uuid_escola)
    )" via JDBC [ERRO: duplicar valor da chave viola a restrição de unicidade "pg_type_typname_nsp_index"
  Detalhe: Chave (typname, typnamespace)=(tb_escola_aud, 16390) já existe.]
	at org.hibernate.tool.schema.internal.exec.GenerationTargetToDatabase.accept(GenerationTargetToDatabase.java:81)
	at org.hibernate.tool.schema.internal.Helper.applySqlString(Helper.java:218)
	at org.hibernate.tool.schema.internal.Helper.applySqlStrings(Helper.java:204)
	at org.hibernate.tool.schema.internal.SchemaCreatorImpl.createTables(SchemaCreatorImpl.java:404)
	at org.hibernate.tool.schema.internal.SchemaCreatorImpl.createSequencesTablesConstraints(SchemaCreatorImpl.java:320)
	at org.hibernate.tool.schema.internal.SchemaCreatorImpl.createFromMetadata(SchemaCreatorImpl.java:215)
	at org.hibernate.tool.schema.internal.SchemaCreatorImpl.performCreation(SchemaCreatorImpl.java:151)
	at org.hibernate.tool.schema.internal.SchemaCreatorImpl.doCreation(SchemaCreatorImpl.java:121)
	at org.hibernate.tool.schema.internal.SchemaCreatorImpl.doCreation(SchemaCreatorImpl.java:97)
	at org.hibernate.tool.schema.spi.SchemaManagementToolCoordinator.performDatabaseAction(SchemaManagementToolCoordinator.java:239)
	at org.hibernate.tool.schema.spi.SchemaManagementToolCoordinator.lambda$process$1(SchemaManagementToolCoordinator.java:101)
	at java.base/java.util.HashMap.forEach(HashMap.java:1429)
	at org.hibernate.tool.schema.spi.SchemaManagementToolCoordinator.process(SchemaManagementToolCoordinator.java:100)
	at org.hibernate.boot.internal.SessionFactoryObserverForSchemaExport.sessionFactoryCreated(SessionFactoryObserverForSchemaExport.java:35)
	at org.hibernate.internal.SessionFactoryObserverChain.sessionFactoryCreated(SessionFactoryObserverChain.java:33)
	at org.hibernate.internal.SessionFactoryImpl.<init>(SessionFactoryImpl.java:323)
	at org.hibernate.internal.SessionFactoryRegistry.instantiateSessionFactory(SessionFactoryRegistry.java:64)
	at org.hibernate.boot.internal.SessionFactoryBuilderImpl.build(SessionFactoryBuilderImpl.java:437)
	at org.hibernate.jpa.boot.internal.EntityManagerFactoryBuilderImpl.build(EntityManagerFactoryBuilderImpl.java:1456)
	at org.springframework.orm.jpa.vendor.SpringHibernateJpaPersistenceProvider.createContainerEntityManagerFactory(SpringHibernateJpaPersistenceProvider.java:93)
	at org.springframework.orm.jpa.LocalContainerEntityManagerFactoryBean.createNativeEntityManagerFactory(LocalContainerEntityManagerFactoryBean.java:443)
	at org.springframework.orm.jpa.AbstractEntityManagerFactoryBean.buildNativeEntityManagerFactory(AbstractEntityManagerFactoryBean.java:436)
	at org.springframework.orm.jpa.AbstractEntityManagerFactoryBean.afterPropertiesSet(AbstractEntityManagerFactoryBean.java:411)
	at org.springframework.orm.jpa.LocalContainerEntityManagerFactoryBean.afterPropertiesSet(LocalContainerEntityManagerFactoryBean.java:419)
	at org.springframework.beans.factory.support.AbstractAutowireCapableBeanFactory.invokeInitMethods(AbstractAutowireCapableBeanFactory.java:1862)
	at org.springframework.beans.factory.support.AbstractAutowireCapableBeanFactory.initializeBean(AbstractAutowireCapableBeanFactory.java:1811)
	at org.springframework.beans.factory.support.AbstractAutowireCapableBeanFactory.doCreateBean(AbstractAutowireCapableBeanFactory.java:603)
	at org.springframework.beans.factory.support.AbstractAutowireCapableBeanFactory.createBean(AbstractAutowireCapableBeanFactory.java:525)
	at org.springframework.beans.factory.support.AbstractBeanFactory.lambda$doGetBean$0(AbstractBeanFactory.java:333)
	at org.springframework.beans.factory.support.DefaultSingletonBeanRegistry.getSingleton(DefaultSingletonBeanRegistry.java:371)
	at org.springframework.beans.factory.support.AbstractBeanFactory.doGetBean(AbstractBeanFactory.java:331)
	at org.springframework.beans.factory.support.AbstractBeanFactory.getBean(AbstractBeanFactory.java:196)
	at org.springframework.beans.factory.support.BeanDefinitionValueResolver.resolveReference(BeanDefinitionValueResolver.java:365)
	at org.springframework.beans.factory.support.BeanDefinitionValueResolver.resolveValueIfNecessary(BeanDefinitionValueResolver.java:135)
	at org.springframework.beans.factory.support.ConstructorResolver.resolveConstructorArguments(ConstructorResolver.java:691)
	at org.springframework.beans.factory.support.ConstructorResolver.instantiateUsingFactoryMethod(ConstructorResolver.java:513)
	at org.springframework.beans.factory.support.AbstractAutowireCapableBeanFactory.instantiateUsingFactoryMethod(AbstractAutowireCapableBeanFactory.java:1360)
	at org.springframework.beans.factory.support.AbstractAutowireCapableBeanFactory.createBeanInstance(AbstractAutowireCapableBeanFactory.java:1192)
	at org.springframework.beans.factory.support.AbstractAutowireCapableBeanFactory.doCreateBean(AbstractAutowireCapableBeanFactory.java:565)
	at org.springframework.beans.factory.support.AbstractAutowireCapableBeanFactory.createBean(AbstractAutowireCapableBeanFactory.java:525)
	at org.springframework.beans.factory.support.AbstractBeanFactory.lambda$doGetBean$0(AbstractBeanFactory.java:333)
	at org.springframework.beans.factory.support.DefaultSingletonBeanRegistry.getSingleton(DefaultSingletonBeanRegistry.java:371)
	at org.springframework.beans.factory.support.AbstractBeanFactory.doGetBean(AbstractBeanFactory.java:331)
	at org.springframework.beans.factory.support.AbstractBeanFactory.getBean(AbstractBeanFactory.java:201)
	at org.springframework.beans.factory.support.BeanDefinitionValueResolver.resolveReference(BeanDefinitionValueResolver.java:356)
	at org.springframework.beans.factory.support.BeanDefinitionValueResolver.resolveValueIfNecessary(BeanDefinitionValueResolver.java:135)
	at org.springframework.beans.factory.support.AbstractAutowireCapableBeanFactory.applyPropertyValues(AbstractAutowireCapableBeanFactory.java:1710)
	at org.springframework.beans.factory.support.AbstractAutowireCapableBeanFactory.populateBean(AbstractAutowireCapableBeanFactory.java:1459)
	at org.springframework.beans.factory.support.AbstractAutowireCapableBeanFactory.doCreateBean(AbstractAutowireCapableBeanFactory.java:602)
	at org.springframework.beans.factory.support.AbstractAutowireCapableBeanFactory.createBean(AbstractAutowireCapableBeanFactory.java:525)
	at org.springframework.beans.factory.support.AbstractBeanFactory.lambda$doGetBean$0(AbstractBeanFactory.java:333)
	at org.springframework.beans.factory.support.DefaultSingletonBeanRegistry.getSingleton(DefaultSingletonBeanRegistry.java:371)
	at org.springframework.beans.factory.support.AbstractBeanFactory.doGetBean(AbstractBeanFactory.java:331)
	at org.springframework.beans.factory.support.AbstractBeanFactory.getBean(AbstractBeanFactory.java:201)
	at org.springframework.beans.factory.support.DefaultListableBeanFactory.resolveBean(DefaultListableBeanFactory.java:1232)
	at org.springframework.beans.factory.support.DefaultListableBeanFactory.doResolveDependency(DefaultListableBeanFactory.java:1711)
	at org.springframework.beans.factory.support.DefaultListableBeanFactory.resolveDependency(DefaultListableBeanFactory.java:1658)
	at org.springframework.beans.factory.support.ConstructorResolver.resolveAutowiredArgument(ConstructorResolver.java:912)
	at org.springframework.beans.factory.support.ConstructorResolver.createArgumentArray(ConstructorResolver.java:791)
	at org.springframework.beans.factory.support.ConstructorResolver.autowireConstructor(ConstructorResolver.java:240)
	at org.springframework.beans.factory.support.AbstractAutowireCapableBeanFactory.autowireConstructor(AbstractAutowireCapableBeanFactory.java:1380)
	at org.springframework.beans.factory.support.AbstractAutowireCapableBeanFactory.createBeanInstance(AbstractAutowireCapableBeanFactory.java:1219)
	at org.springframework.beans.factory.support.AbstractAutowireCapableBeanFactory.doCreateBean(AbstractAutowireCapableBeanFactory.java:565)
	at org.springframework.beans.factory.support.AbstractAutowireCapableBeanFactory.createBean(AbstractAutowireCapableBeanFactory.java:525)
	at org.springframework.beans.factory.support.AbstractBeanFactory.lambda$doGetBean$0(AbstractBeanFactory.java:333)
	at org.springframework.beans.factory.support.DefaultSingletonBeanRegistry.getSingleton(DefaultSingletonBeanRegistry.java:371)
	at org.springframework.beans.factory.support.AbstractBeanFactory.doGetBean(AbstractBeanFactory.java:331)
	at org.springframework.beans.factory.support.AbstractBeanFactory.getBean(AbstractBeanFactory.java:201)
	at org.springframework.beans.factory.config.DependencyDescriptor.resolveCandidate(DependencyDescriptor.java:229)
	at org.springframework.beans.factory.support.DefaultListableBeanFactory.doResolveDependency(DefaultListableBeanFactory.java:1769)
	at org.springframework.beans.factory.support.DefaultListableBeanFactory.resolveDependency(DefaultListableBeanFactory.java:1658)
	at org.springframework.beans.factory.support.ConstructorResolver.resolveAutowiredArgument(ConstructorResolver.java:912)
	at org.springframework.beans.factory.support.ConstructorResolver.createArgumentArray(ConstructorResolver.java:791)
	at org.springframework.beans.factory.support.ConstructorResolver.autowireConstructor(ConstructorResolver.java:240)
	at org.springframework.beans.factory.support.AbstractAutowireCapableBeanFactory.autowireConstructor(AbstractAutowireCapableBeanFactory.java:1380)
	at org.springframework.beans.factory.support.AbstractAutowireCapableBeanFactory.createBeanInstance(AbstractAutowireCapableBeanFactory.java:1219)
	at org.springframework.beans.factory.support.AbstractAutowireCapableBeanFactory.doCreateBean(AbstractAutowireCapableBeanFactory.java:565)
	at org.springframework.beans.factory.support.AbstractAutowireCapableBeanFactory.createBean(AbstractAutowireCapableBeanFactory.java:525)
	at org.springframework.beans.factory.support.AbstractBeanFactory.lambda$doGetBean$0(AbstractBeanFactory.java:333)
	at org.springframework.beans.factory.support.DefaultSingletonBeanRegistry.getSingleton(DefaultSingletonBeanRegistry.java:371)
	at org.springframework.beans.factory.support.AbstractBeanFactory.doGetBean(AbstractBeanFactory.java:331)
	at org.springframework.beans.factory.support.AbstractBeanFactory.getBean(AbstractBeanFactory.java:201)
	at org.springframework.boot.web.servlet.ServletContextInitializerBeans.getOrderedBeansOfType(ServletContextInitializerBeans.java:231)
	at org.springframework.boot.web.servlet.ServletContextInitializerBeans.addAsRegistrationBean(ServletContextInitializerBeans.java:185)
	at org.springframework.boot.web.servlet.ServletContextInitializerBeans.addAsRegistrationBean(ServletContextInitializerBeans.java:180)
	at org.springframework.boot.web.servlet.ServletContextInitializerBeans.addAdaptableBeans(ServletContextInitializerBeans.java:165)
	at org.springframework.boot.web.servlet.ServletContextInitializerBeans.<init>(ServletContextInitializerBeans.java:97)
	at org.springframework.boot.web.context.servlet.WebApplicationContextInitializer.initialize(WebApplicationContextInitializer.java:53)
	at org.springframework.boot.tomcat.servlet.DeferredServletContainerInitializers.onStartup(DeferredServletContainerInitializers.java:55)
	at org.apache.catalina.core.StandardContext.startInternal(StandardContext.java:4420)
	at org.apache.catalina.util.LifecycleBase.start(LifecycleBase.java:164)
	at org.apache.catalina.core.ContainerBase$StartChild.call(ContainerBase.java:1162)
	at org.apache.catalina.core.ContainerBase$StartChild.call(ContainerBase.java:1158)
	at java.base/java.util.concurrent.FutureTask.run(FutureTask.java:317)
	at org.apache.tomcat.util.threads.InlineExecutorService.execute(InlineExecutorService.java:81)
	at java.base/java.util.concurrent.AbstractExecutorService.submit(AbstractExecutorService.java:145)
	at org.apache.catalina.core.ContainerBase.startInternal(ContainerBase.java:714)
	at org.apache.catalina.core.StandardHost.startInternal(StandardHost.java:780)
	at org.apache.catalina.util.LifecycleBase.start(LifecycleBase.java:164)
	at org.apache.catalina.core.ContainerBase$StartChild.call(ContainerBase.java:1162)
	at org.apache.catalina.core.ContainerBase$StartChild.call(ContainerBase.java:1158)
	at java.base/java.util.concurrent.FutureTask.run(FutureTask.java:317)
	at org.apache.tomcat.util.threads.InlineExecutorService.execute(InlineExecutorService.java:81)
	at java.base/java.util.concurrent.AbstractExecutorService.submit(AbstractExecutorService.java:145)
	at org.apache.catalina.core.ContainerBase.startInternal(ContainerBase.java:714)
	at org.apache.catalina.core.StandardEngine.startInternal(StandardEngine.java:201)
	at org.apache.catalina.util.LifecycleBase.start(LifecycleBase.java:164)
	at org.apache.catalina.core.StandardService.startInternal(StandardService.java:410)
	at org.apache.catalina.util.LifecycleBase.start(LifecycleBase.java:164)
	at org.apache.catalina.core.StandardServer.startInternal(StandardServer.java:864)
	at org.apache.catalina.util.LifecycleBase.start(LifecycleBase.java:164)
	at org.apache.catalina.startup.Tomcat.start(Tomcat.java:435)
	at org.springframework.boot.tomcat.TomcatWebServer.initialize(TomcatWebServer.java:131)
	at org.springframework.boot.tomcat.TomcatWebServer.<init>(TomcatWebServer.java:110)
	at org.springframework.boot.tomcat.servlet.TomcatServletWebServerFactory.getTomcatWebServer(TomcatServletWebServerFactory.java:408)
	at org.springframework.boot.tomcat.servlet.TomcatServletWebServerFactory.getWebServer(TomcatServletWebServerFactory.java:166)
	at org.springframework.boot.web.server.servlet.context.ServletWebServerApplicationContext.createWebServer(ServletWebServerApplicationContext.java:190)
	at org.springframework.boot.web.server.servlet.context.ServletWebServerApplicationContext.onRefresh(ServletWebServerApplicationContext.java:164)
	at org.springframework.context.support.AbstractApplicationContext.refresh(AbstractApplicationContext.java:615)
	at org.springframework.boot.web.server.servlet.context.ServletWebServerApplicationContext.refresh(ServletWebServerApplicationContext.java:143)
	at org.springframework.boot.SpringApplication.refresh(SpringApplication.java:756)
	at org.springframework.boot.SpringApplication.refreshContext(SpringApplication.java:445)
	at org.springframework.boot.SpringApplication.run(SpringApplication.java:321)
	at org.springframework.boot.SpringApplication.run(SpringApplication.java:1365)
	at org.springframework.boot.SpringApplication.run(SpringApplication.java:1354)
	at com.sisco_e.escola.SiscoEApplication.main(SiscoEApplication.java:12)
	at java.base/jdk.internal.reflect.DirectMethodHandleAccessor.invoke(DirectMethodHandleAccessor.java:103)
	at java.base/java.lang.reflect.Method.invoke(Method.java:580)
	at org.springframework.boot.devtools.restart.RestartLauncher.run(RestartLauncher.java:52)
Caused by: org.postgresql.util.PSQLException: ERRO: duplicar valor da chave viola a restrição de unicidade "pg_type_typname_nsp_index"
  Detalhe: Chave (typname, typnamespace)=(tb_escola_aud, 16390) já existe.
	at org.postgresql.core.v3.QueryExecutorImpl.receiveErrorResponse(QueryExecutorImpl.java:2904)
	at org.postgresql.core.v3.QueryExecutorImpl.processResults(QueryExecutorImpl.java:2589)
	at org.postgresql.core.v3.QueryExecutorImpl.execute(QueryExecutorImpl.java:431)
	at org.postgresql.jdbc.PgStatement.executeInternal(PgStatement.java:534)
	at org.postgresql.jdbc.PgStatement.execute(PgStatement.java:437)
	at org.postgresql.jdbc.PgStatement.executeWithFlags(PgStatement.java:359)
	at org.postgresql.jdbc.PgStatement.executeCachedSql(PgStatement.java:344)
	at org.postgresql.jdbc.PgStatement.executeWithFlags(PgStatement.java:320)
	at org.postgresql.jdbc.PgStatement.execute(PgStatement.java:315)
	at com.zaxxer.hikari.pool.ProxyStatement.execute(ProxyStatement.java:95)
	at com.zaxxer.hikari.pool.HikariProxyStatement.execute(HikariProxyStatement.java)
	at org.hibernate.tool.schema.internal.exec.GenerationTargetToDatabase.accept(GenerationTargetToDatabase.java:76)
	... 128 common frames omitted
2026-10-09 13:21:53 [restartedMain] WARN  o.h.t.s.i.ExceptionHandlerLoggedImpl - GenerationTarget encountered exception accepting command : Error executing DDL "
    create table siscoescola.tb_link_internet (
        is_ativo BOOLEAN DEFAULT TRUE not null,
        vlan_id integer,
        data_atualizacao timestamp(6) with time zone not null,
        data_cadastro timestamp(6) with time zone not null,
        uuid_contrato_net uuid not null unique,
        uuid_escola uuid not null,
        uuid_link_internet uuid not null,
        uuid_provedor uuid not null,
        dns_primario CHARACTER VARYING(45) not null,
        dns_secundario CHARACTER VARYING(45),
        gateway CHARACTER VARYING(45) not null,
        ip_publico CHARACTER VARYING(45) not null unique,
        mascara_rede CHARACTER VARYING(45) not null,
        tipo_link CHARACTER VARYING(30) not null check ((tipo_link in ('FIBRA_OPTICA','RADIO','SATELITE','G5'))),
        primary key (uuid_link_internet)
    )" via JDBC [ERRO: relação "tb_link_internet" já existe]
org.hibernate.tool.schema.spi.CommandAcceptanceException: Error executing DDL "
    create table siscoescola.tb_link_internet (
        is_ativo BOOLEAN DEFAULT TRUE not null,
        vlan_id integer,
        data_atualizacao timestamp(6) with time zone not null,
        data_cadastro timestamp(6) with time zone not null,
        uuid_contrato_net uuid not null unique,
        uuid_escola uuid not null,
        uuid_link_internet uuid not null,
        uuid_provedor uuid not null,
        dns_primario CHARACTER VARYING(45) not null,
        dns_secundario CHARACTER VARYING(45),
        gateway CHARACTER VARYING(45) not null,
        ip_publico CHARACTER VARYING(45) not null unique,
        mascara_rede CHARACTER VARYING(45) not null,
        tipo_link CHARACTER VARYING(30) not null check ((tipo_link in ('FIBRA_OPTICA','RADIO','SATELITE','G5'))),
        primary key (uuid_link_internet)
    )" via JDBC [ERRO: relação "tb_link_internet" já existe]
	at org.hibernate.tool.schema.internal.exec.GenerationTargetToDatabase.accept(GenerationTargetToDatabase.java:81)
	at org.hibernate.tool.schema.internal.Helper.applySqlString(Helper.java:218)
	at org.hibernate.tool.schema.internal.Helper.applySqlStrings(Helper.java:204)
	at org.hibernate.tool.schema.internal.SchemaCreatorImpl.createTables(SchemaCreatorImpl.java:404)
	at org.hibernate.tool.schema.internal.SchemaCreatorImpl.createSequencesTablesConstraints(SchemaCreatorImpl.java:320)
	at org.hibernate.tool.schema.internal.SchemaCreatorImpl.createFromMetadata(SchemaCreatorImpl.java:215)
	at org.hibernate.tool.schema.internal.SchemaCreatorImpl.performCreation(SchemaCreatorImpl.java:151)
	at org.hibernate.tool.schema.internal.SchemaCreatorImpl.doCreation(SchemaCreatorImpl.java:121)
	at org.hibernate.tool.schema.internal.SchemaCreatorImpl.doCreation(SchemaCreatorImpl.java:97)
	at org.hibernate.tool.schema.spi.SchemaManagementToolCoordinator.performDatabaseAction(SchemaManagementToolCoordinator.java:239)
	at org.hibernate.tool.schema.spi.SchemaManagementToolCoordinator.lambda$process$1(SchemaManagementToolCoordinator.java:101)
	at java.base/java.util.HashMap.forEach(HashMap.java:1429)
	at org.hibernate.tool.schema.spi.SchemaManagementToolCoordinator.process(SchemaManagementToolCoordinator.java:100)
	at org.hibernate.boot.internal.SessionFactoryObserverForSchemaExport.sessionFactoryCreated(SessionFactoryObserverForSchemaExport.java:35)
	at org.hibernate.internal.SessionFactoryObserverChain.sessionFactoryCreated(SessionFactoryObserverChain.java:33)
	at org.hibernate.internal.SessionFactoryImpl.<init>(SessionFactoryImpl.java:323)
	at org.hibernate.internal.SessionFactoryRegistry.instantiateSessionFactory(SessionFactoryRegistry.java:64)
	at org.hibernate.boot.internal.SessionFactoryBuilderImpl.build(SessionFactoryBuilderImpl.java:437)
	at org.hibernate.jpa.boot.internal.EntityManagerFactoryBuilderImpl.build(EntityManagerFactoryBuilderImpl.java:1456)
	at org.springframework.orm.jpa.vendor.SpringHibernateJpaPersistenceProvider.createContainerEntityManagerFactory(SpringHibernateJpaPersistenceProvider.java:93)
	at org.springframework.orm.jpa.LocalContainerEntityManagerFactoryBean.createNativeEntityManagerFactory(LocalContainerEntityManagerFactoryBean.java:443)
	at org.springframework.orm.jpa.AbstractEntityManagerFactoryBean.buildNativeEntityManagerFactory(AbstractEntityManagerFactoryBean.java:436)
	at org.springframework.orm.jpa.AbstractEntityManagerFactoryBean.afterPropertiesSet(AbstractEntityManagerFactoryBean.java:411)
	at org.springframework.orm.jpa.LocalContainerEntityManagerFactoryBean.afterPropertiesSet(LocalContainerEntityManagerFactoryBean.java:419)
	at org.springframework.beans.factory.support.AbstractAutowireCapableBeanFactory.invokeInitMethods(AbstractAutowireCapableBeanFactory.java:1862)
	at org.springframework.beans.factory.support.AbstractAutowireCapableBeanFactory.initializeBean(AbstractAutowireCapableBeanFactory.java:1811)
	at org.springframework.beans.factory.support.AbstractAutowireCapableBeanFactory.doCreateBean(AbstractAutowireCapableBeanFactory.java:603)
	at org.springframework.beans.factory.support.AbstractAutowireCapableBeanFactory.createBean(AbstractAutowireCapableBeanFactory.java:525)
	at org.springframework.beans.factory.support.AbstractBeanFactory.lambda$doGetBean$0(AbstractBeanFactory.java:333)
	at org.springframework.beans.factory.support.DefaultSingletonBeanRegistry.getSingleton(DefaultSingletonBeanRegistry.java:371)
	at org.springframework.beans.factory.support.AbstractBeanFactory.doGetBean(AbstractBeanFactory.java:331)
	at org.springframework.beans.factory.support.AbstractBeanFactory.getBean(AbstractBeanFactory.java:196)
	at org.springframework.beans.factory.support.BeanDefinitionValueResolver.resolveReference(BeanDefinitionValueResolver.java:365)
	at org.springframework.beans.factory.support.BeanDefinitionValueResolver.resolveValueIfNecessary(BeanDefinitionValueResolver.java:135)
	at org.springframework.beans.factory.support.ConstructorResolver.resolveConstructorArguments(ConstructorResolver.java:691)
	at org.springframework.beans.factory.support.ConstructorResolver.instantiateUsingFactoryMethod(ConstructorResolver.java:513)
	at org.springframework.beans.factory.support.AbstractAutowireCapableBeanFactory.instantiateUsingFactoryMethod(AbstractAutowireCapableBeanFactory.java:1360)
	at org.springframework.beans.factory.support.AbstractAutowireCapableBeanFactory.createBeanInstance(AbstractAutowireCapableBeanFactory.java:1192)
	at org.springframework.beans.factory.support.AbstractAutowireCapableBeanFactory.doCreateBean(AbstractAutowireCapableBeanFactory.java:565)
	at org.springframework.beans.factory.support.AbstractAutowireCapableBeanFactory.createBean(AbstractAutowireCapableBeanFactory.java:525)
	at org.springframework.beans.factory.support.AbstractBeanFactory.lambda$doGetBean$0(AbstractBeanFactory.java:333)
	at org.springframework.beans.factory.support.DefaultSingletonBeanRegistry.getSingleton(DefaultSingletonBeanRegistry.java:371)
	at org.springframework.beans.factory.support.AbstractBeanFactory.doGetBean(AbstractBeanFactory.java:331)
	at org.springframework.beans.factory.support.AbstractBeanFactory.getBean(AbstractBeanFactory.java:201)
	at org.springframework.beans.factory.support.BeanDefinitionValueResolver.resolveReference(BeanDefinitionValueResolver.java:356)
	at org.springframework.beans.factory.support.BeanDefinitionValueResolver.resolveValueIfNecessary(BeanDefinitionValueResolver.java:135)
	at org.springframework.beans.factory.support.AbstractAutowireCapableBeanFactory.applyPropertyValues(AbstractAutowireCapableBeanFactory.java:1710)
	at org.springframework.beans.factory.support.AbstractAutowireCapableBeanFactory.populateBean(AbstractAutowireCapableBeanFactory.java:1459)
	at org.springframework.beans.factory.support.AbstractAutowireCapableBeanFactory.doCreateBean(AbstractAutowireCapableBeanFactory.java:602)
	at org.springframework.beans.factory.support.AbstractAutowireCapableBeanFactory.createBean(AbstractAutowireCapableBeanFactory.java:525)
	at org.springframework.beans.factory.support.AbstractBeanFactory.lambda$doGetBean$0(AbstractBeanFactory.java:333)
	at org.springframework.beans.factory.support.DefaultSingletonBeanRegistry.getSingleton(DefaultSingletonBeanRegistry.java:371)
	at org.springframework.beans.factory.support.AbstractBeanFactory.doGetBean(AbstractBeanFactory.java:331)
	at org.springframework.beans.factory.support.AbstractBeanFactory.getBean(AbstractBeanFactory.java:201)
	at org.springframework.beans.factory.support.DefaultListableBeanFactory.resolveBean(DefaultListableBeanFactory.java:1232)
	at org.springframework.beans.factory.support.DefaultListableBeanFactory.doResolveDependency(DefaultListableBeanFactory.java:1711)
	at org.springframework.beans.factory.support.DefaultListableBeanFactory.resolveDependency(DefaultListableBeanFactory.java:1658)
	at org.springframework.beans.factory.support.ConstructorResolver.resolveAutowiredArgument(ConstructorResolver.java:912)
	at org.springframework.beans.factory.support.ConstructorResolver.createArgumentArray(ConstructorResolver.java:791)
	at org.springframework.beans.factory.support.ConstructorResolver.autowireConstructor(ConstructorResolver.java:240)
	at org.springframework.beans.factory.support.AbstractAutowireCapableBeanFactory.autowireConstructor(AbstractAutowireCapableBeanFactory.java:1380)
	at org.springframework.beans.factory.support.AbstractAutowireCapableBeanFactory.createBeanInstance(AbstractAutowireCapableBeanFactory.java:1219)
	at org.springframework.beans.factory.support.AbstractAutowireCapableBeanFactory.doCreateBean(AbstractAutowireCapableBeanFactory.java:565)
	at org.springframework.beans.factory.support.AbstractAutowireCapableBeanFactory.createBean(AbstractAutowireCapableBeanFactory.java:525)
	at org.springframework.beans.factory.support.AbstractBeanFactory.lambda$doGetBean$0(AbstractBeanFactory.java:333)
	at org.springframework.beans.factory.support.DefaultSingletonBeanRegistry.getSingleton(DefaultSingletonBeanRegistry.java:371)
	at org.springframework.beans.factory.support.AbstractBeanFactory.doGetBean(AbstractBeanFactory.java:331)
	at org.springframework.beans.factory.support.AbstractBeanFactory.getBean(AbstractBeanFactory.java:201)
	at org.springframework.beans.factory.config.DependencyDescriptor.resolveCandidate(DependencyDescriptor.java:229)
	at org.springframework.beans.factory.support.DefaultListableBeanFactory.doResolveDependency(DefaultListableBeanFactory.java:1769)
	at org.springframework.beans.factory.support.DefaultListableBeanFactory.resolveDependency(DefaultListableBeanFactory.java:1658)
	at org.springframework.beans.factory.support.ConstructorResolver.resolveAutowiredArgument(ConstructorResolver.java:912)
	at org.springframework.beans.factory.support.ConstructorResolver.createArgumentArray(ConstructorResolver.java:791)
	at org.springframework.beans.factory.support.ConstructorResolver.autowireConstructor(ConstructorResolver.java:240)
	at org.springframework.beans.factory.support.AbstractAutowireCapableBeanFactory.autowireConstructor(AbstractAutowireCapableBeanFactory.java:1380)
	at org.springframework.beans.factory.support.AbstractAutowireCapableBeanFactory.createBeanInstance(AbstractAutowireCapableBeanFactory.java:1219)
	at org.springframework.beans.factory.support.AbstractAutowireCapableBeanFactory.doCreateBean(AbstractAutowireCapableBeanFactory.java:565)
	at org.springframework.beans.factory.support.AbstractAutowireCapableBeanFactory.createBean(AbstractAutowireCapableBeanFactory.java:525)
	at org.springframework.beans.factory.support.AbstractBeanFactory.lambda$doGetBean$0(AbstractBeanFactory.java:333)
	at org.springframework.beans.factory.support.DefaultSingletonBeanRegistry.getSingleton(DefaultSingletonBeanRegistry.java:371)
	at org.springframework.beans.factory.support.AbstractBeanFactory.doGetBean(AbstractBeanFactory.java:331)
	at org.springframework.beans.factory.support.AbstractBeanFactory.getBean(AbstractBeanFactory.java:201)
	at org.springframework.boot.web.servlet.ServletContextInitializerBeans.getOrderedBeansOfType(ServletContextInitializerBeans.java:231)
	at org.springframework.boot.web.servlet.ServletContextInitializerBeans.addAsRegistrationBean(ServletContextInitializerBeans.java:185)
	at org.springframework.boot.web.servlet.ServletContextInitializerBeans.addAsRegistrationBean(ServletContextInitializerBeans.java:180)
	at org.springframework.boot.web.servlet.ServletContextInitializerBeans.addAdaptableBeans(ServletContextInitializerBeans.java:165)
	at org.springframework.boot.web.servlet.ServletContextInitializerBeans.<init>(ServletContextInitializerBeans.java:97)
	at org.springframework.boot.web.context.servlet.WebApplicationContextInitializer.initialize(WebApplicationContextInitializer.java:53)
	at org.springframework.boot.tomcat.servlet.DeferredServletContainerInitializers.onStartup(DeferredServletContainerInitializers.java:55)
	at org.apache.catalina.core.StandardContext.startInternal(StandardContext.java:4420)
	at org.apache.catalina.util.LifecycleBase.start(LifecycleBase.java:164)
	at org.apache.catalina.core.ContainerBase$StartChild.call(ContainerBase.java:1162)
	at org.apache.catalina.core.ContainerBase$StartChild.call(ContainerBase.java:1158)
	at java.base/java.util.concurrent.FutureTask.run(FutureTask.java:317)
	at org.apache.tomcat.util.threads.InlineExecutorService.execute(InlineExecutorService.java:81)
	at java.base/java.util.concurrent.AbstractExecutorService.submit(AbstractExecutorService.java:145)
	at org.apache.catalina.core.ContainerBase.startInternal(ContainerBase.java:714)
	at org.apache.catalina.core.StandardHost.startInternal(StandardHost.java:780)
	at org.apache.catalina.util.LifecycleBase.start(LifecycleBase.java:164)
	at org.apache.catalina.core.ContainerBase$StartChild.call(ContainerBase.java:1162)
	at org.apache.catalina.core.ContainerBase$StartChild.call(ContainerBase.java:1158)
	at java.base/java.util.concurrent.FutureTask.run(FutureTask.java:317)
	at org.apache.tomcat.util.threads.InlineExecutorService.execute(InlineExecutorService.java:81)
	at java.base/java.util.concurrent.AbstractExecutorService.submit(AbstractExecutorService.java:145)
	at org.apache.catalina.core.ContainerBase.startInternal(ContainerBase.java:714)
	at org.apache.catalina.core.StandardEngine.startInternal(StandardEngine.java:201)
	at org.apache.catalina.util.LifecycleBase.start(LifecycleBase.java:164)
	at org.apache.catalina.core.StandardService.startInternal(StandardService.java:410)
	at org.apache.catalina.util.LifecycleBase.start(LifecycleBase.java:164)
	at org.apache.catalina.core.StandardServer.startInternal(StandardServer.java:864)
	at org.apache.catalina.util.LifecycleBase.start(LifecycleBase.java:164)
	at org.apache.catalina.startup.Tomcat.start(Tomcat.java:435)
	at org.springframework.boot.tomcat.TomcatWebServer.initialize(TomcatWebServer.java:131)
	at org.springframework.boot.tomcat.TomcatWebServer.<init>(TomcatWebServer.java:110)
	at org.springframework.boot.tomcat.servlet.TomcatServletWebServerFactory.getTomcatWebServer(TomcatServletWebServerFactory.java:408)
	at org.springframework.boot.tomcat.servlet.TomcatServletWebServerFactory.getWebServer(TomcatServletWebServerFactory.java:166)
	at org.springframework.boot.web.server.servlet.context.ServletWebServerApplicationContext.createWebServer(ServletWebServerApplicationContext.java:190)
	at org.springframework.boot.web.server.servlet.context.ServletWebServerApplicationContext.onRefresh(ServletWebServerApplicationContext.java:164)
	at org.springframework.context.support.AbstractApplicationContext.refresh(AbstractApplicationContext.java:615)
	at org.springframework.boot.web.server.servlet.context.ServletWebServerApplicationContext.refresh(ServletWebServerApplicationContext.java:143)
	at org.springframework.boot.SpringApplication.refresh(SpringApplication.java:756)
	at org.springframework.boot.SpringApplication.refreshContext(SpringApplication.java:445)
	at org.springframework.boot.SpringApplication.run(SpringApplication.java:321)
	at org.springframework.boot.SpringApplication.run(SpringApplication.java:1365)
	at org.springframework.boot.SpringApplication.run(SpringApplication.java:1354)
	at com.sisco_e.escola.SiscoEApplication.main(SiscoEApplication.java:12)
	at java.base/jdk.internal.reflect.DirectMethodHandleAccessor.invoke(DirectMethodHandleAccessor.java:103)
	at java.base/java.lang.reflect.Method.invoke(Method.java:580)
	at org.springframework.boot.devtools.restart.RestartLauncher.run(RestartLauncher.java:52)
Caused by: org.postgresql.util.PSQLException: ERRO: relação "tb_link_internet" já existe
	at org.postgresql.core.v3.QueryExecutorImpl.receiveErrorResponse(QueryExecutorImpl.java:2904)
	at org.postgresql.core.v3.QueryExecutorImpl.processResults(QueryExecutorImpl.java:2589)
	at org.postgresql.core.v3.QueryExecutorImpl.execute(QueryExecutorImpl.java:431)
	at org.postgresql.jdbc.PgStatement.executeInternal(PgStatement.java:534)
	at org.postgresql.jdbc.PgStatement.execute(PgStatement.java:437)
	at org.postgresql.jdbc.PgStatement.executeWithFlags(PgStatement.java:359)
	at org.postgresql.jdbc.PgStatement.executeCachedSql(PgStatement.java:344)
	at org.postgresql.jdbc.PgStatement.executeWithFlags(PgStatement.java:320)
	at org.postgresql.jdbc.PgStatement.execute(PgStatement.java:315)
	at com.zaxxer.hikari.pool.ProxyStatement.execute(ProxyStatement.java:95)
	at com.zaxxer.hikari.pool.HikariProxyStatement.execute(HikariProxyStatement.java)
	at org.hibernate.tool.schema.internal.exec.GenerationTargetToDatabase.accept(GenerationTargetToDatabase.java:76)
	... 128 common frames omitted
2026-10-09 13:21:53 [restartedMain] WARN  o.h.t.s.i.ExceptionHandlerLoggedImpl - GenerationTarget encountered exception accepting command : Error executing DDL "
    create table siscoescola.tb_provedor_net (
        uuid_provedor uuid not null,
        cnpj CHARACTER VARYING(20) not null,
        nome_provedor CHARACTER VARYING(120) not null,
        telefone CHARACTER VARYING(20) not null,
        primary key (uuid_provedor)
    )" via JDBC [ERRO: relação "tb_provedor_net" já existe]
org.hibernate.tool.schema.spi.CommandAcceptanceException: Error executing DDL "
    create table siscoescola.tb_provedor_net (
        uuid_provedor uuid not null,
        cnpj CHARACTER VARYING(20) not null,
        nome_provedor CHARACTER VARYING(120) not null,
        telefone CHARACTER VARYING(20) not null,
        primary key (uuid_provedor)
    )" via JDBC [ERRO: relação "tb_provedor_net" já existe]
	at org.hibernate.tool.schema.internal.exec.GenerationTargetToDatabase.accept(GenerationTargetToDatabase.java:81)
	at org.hibernate.tool.schema.internal.Helper.applySqlString(Helper.java:218)
	at org.hibernate.tool.schema.internal.Helper.applySqlStrings(Helper.java:204)
	at org.hibernate.tool.schema.internal.SchemaCreatorImpl.createTables(SchemaCreatorImpl.java:404)
	at org.hibernate.tool.schema.internal.SchemaCreatorImpl.createSequencesTablesConstraints(SchemaCreatorImpl.java:320)
	at org.hibernate.tool.schema.internal.SchemaCreatorImpl.createFromMetadata(SchemaCreatorImpl.java:215)
	at org.hibernate.tool.schema.internal.SchemaCreatorImpl.performCreation(SchemaCreatorImpl.java:151)
	at org.hibernate.tool.schema.internal.SchemaCreatorImpl.doCreation(SchemaCreatorImpl.java:121)
	at org.hibernate.tool.schema.internal.SchemaCreatorImpl.doCreation(SchemaCreatorImpl.java:97)
	at org.hibernate.tool.schema.spi.SchemaManagementToolCoordinator.performDatabaseAction(SchemaManagementToolCoordinator.java:239)
	at org.hibernate.tool.schema.spi.SchemaManagementToolCoordinator.lambda$process$1(SchemaManagementToolCoordinator.java:101)
	at java.base/java.util.HashMap.forEach(HashMap.java:1429)
	at org.hibernate.tool.schema.spi.SchemaManagementToolCoordinator.process(SchemaManagementToolCoordinator.java:100)
	at org.hibernate.boot.internal.SessionFactoryObserverForSchemaExport.sessionFactoryCreated(SessionFactoryObserverForSchemaExport.java:35)
	at org.hibernate.internal.SessionFactoryObserverChain.sessionFactoryCreated(SessionFactoryObserverChain.java:33)
	at org.hibernate.internal.SessionFactoryImpl.<init>(SessionFactoryImpl.java:323)
	at org.hibernate.internal.SessionFactoryRegistry.instantiateSessionFactory(SessionFactoryRegistry.java:64)
	at org.hibernate.boot.internal.SessionFactoryBuilderImpl.build(SessionFactoryBuilderImpl.java:437)
	at org.hibernate.jpa.boot.internal.EntityManagerFactoryBuilderImpl.build(EntityManagerFactoryBuilderImpl.java:1456)
	at org.springframework.orm.jpa.vendor.SpringHibernateJpaPersistenceProvider.createContainerEntityManagerFactory(SpringHibernateJpaPersistenceProvider.java:93)
	at org.springframework.orm.jpa.LocalContainerEntityManagerFactoryBean.createNativeEntityManagerFactory(LocalContainerEntityManagerFactoryBean.java:443)
	at org.springframework.orm.jpa.AbstractEntityManagerFactoryBean.buildNativeEntityManagerFactory(AbstractEntityManagerFactoryBean.java:436)
	at org.springframework.orm.jpa.AbstractEntityManagerFactoryBean.afterPropertiesSet(AbstractEntityManagerFactoryBean.java:411)
	at org.springframework.orm.jpa.LocalContainerEntityManagerFactoryBean.afterPropertiesSet(LocalContainerEntityManagerFactoryBean.java:419)
	at org.springframework.beans.factory.support.AbstractAutowireCapableBeanFactory.invokeInitMethods(AbstractAutowireCapableBeanFactory.java:1862)
	at org.springframework.beans.factory.support.AbstractAutowireCapableBeanFactory.initializeBean(AbstractAutowireCapableBeanFactory.java:1811)
	at org.springframework.beans.factory.support.AbstractAutowireCapableBeanFactory.doCreateBean(AbstractAutowireCapableBeanFactory.java:603)
	at org.springframework.beans.factory.support.AbstractAutowireCapableBeanFactory.createBean(AbstractAutowireCapableBeanFactory.java:525)
	at org.springframework.beans.factory.support.AbstractBeanFactory.lambda$doGetBean$0(AbstractBeanFactory.java:333)
	at org.springframework.beans.factory.support.DefaultSingletonBeanRegistry.getSingleton(DefaultSingletonBeanRegistry.java:371)
	at org.springframework.beans.factory.support.AbstractBeanFactory.doGetBean(AbstractBeanFactory.java:331)
	at org.springframework.beans.factory.support.AbstractBeanFactory.getBean(AbstractBeanFactory.java:196)
	at org.springframework.beans.factory.support.BeanDefinitionValueResolver.resolveReference(BeanDefinitionValueResolver.java:365)
	at org.springframework.beans.factory.support.BeanDefinitionValueResolver.resolveValueIfNecessary(BeanDefinitionValueResolver.java:135)
	at org.springframework.beans.factory.support.ConstructorResolver.resolveConstructorArguments(ConstructorResolver.java:691)
	at org.springframework.beans.factory.support.ConstructorResolver.instantiateUsingFactoryMethod(ConstructorResolver.java:513)
	at org.springframework.beans.factory.support.AbstractAutowireCapableBeanFactory.instantiateUsingFactoryMethod(AbstractAutowireCapableBeanFactory.java:1360)
	at org.springframework.beans.factory.support.AbstractAutowireCapableBeanFactory.createBeanInstance(AbstractAutowireCapableBeanFactory.java:1192)
	at org.springframework.beans.factory.support.AbstractAutowireCapableBeanFactory.doCreateBean(AbstractAutowireCapableBeanFactory.java:565)
	at org.springframework.beans.factory.support.AbstractAutowireCapableBeanFactory.createBean(AbstractAutowireCapableBeanFactory.java:525)
	at org.springframework.beans.factory.support.AbstractBeanFactory.lambda$doGetBean$0(AbstractBeanFactory.java:333)
	at org.springframework.beans.factory.support.DefaultSingletonBeanRegistry.getSingleton(DefaultSingletonBeanRegistry.java:371)
	at org.springframework.beans.factory.support.AbstractBeanFactory.doGetBean(AbstractBeanFactory.java:331)
	at org.springframework.beans.factory.support.AbstractBeanFactory.getBean(AbstractBeanFactory.java:201)
	at org.springframework.beans.factory.support.BeanDefinitionValueResolver.resolveReference(BeanDefinitionValueResolver.java:356)
	at org.springframework.beans.factory.support.BeanDefinitionValueResolver.resolveValueIfNecessary(BeanDefinitionValueResolver.java:135)
	at org.springframework.beans.factory.support.AbstractAutowireCapableBeanFactory.applyPropertyValues(AbstractAutowireCapableBeanFactory.java:1710)
	at org.springframework.beans.factory.support.AbstractAutowireCapableBeanFactory.populateBean(AbstractAutowireCapableBeanFactory.java:1459)
	at org.springframework.beans.factory.support.AbstractAutowireCapableBeanFactory.doCreateBean(AbstractAutowireCapableBeanFactory.java:602)
	at org.springframework.beans.factory.support.AbstractAutowireCapableBeanFactory.createBean(AbstractAutowireCapableBeanFactory.java:525)
	at org.springframework.beans.factory.support.AbstractBeanFactory.lambda$doGetBean$0(AbstractBeanFactory.java:333)
	at org.springframework.beans.factory.support.DefaultSingletonBeanRegistry.getSingleton(DefaultSingletonBeanRegistry.java:371)
	at org.springframework.beans.factory.support.AbstractBeanFactory.doGetBean(AbstractBeanFactory.java:331)
	at org.springframework.beans.factory.support.AbstractBeanFactory.getBean(AbstractBeanFactory.java:201)
	at org.springframework.beans.factory.support.DefaultListableBeanFactory.resolveBean(DefaultListableBeanFactory.java:1232)
	at org.springframework.beans.factory.support.DefaultListableBeanFactory.doResolveDependency(DefaultListableBeanFactory.java:1711)
	at org.springframework.beans.factory.support.DefaultListableBeanFactory.resolveDependency(DefaultListableBeanFactory.java:1658)
	at org.springframework.beans.factory.support.ConstructorResolver.resolveAutowiredArgument(ConstructorResolver.java:912)
	at org.springframework.beans.factory.support.ConstructorResolver.createArgumentArray(ConstructorResolver.java:791)
	at org.springframework.beans.factory.support.ConstructorResolver.autowireConstructor(ConstructorResolver.java:240)
	at org.springframework.beans.factory.support.AbstractAutowireCapableBeanFactory.autowireConstructor(AbstractAutowireCapableBeanFactory.java:1380)
	at org.springframework.beans.factory.support.AbstractAutowireCapableBeanFactory.createBeanInstance(AbstractAutowireCapableBeanFactory.java:1219)
	at org.springframework.beans.factory.support.AbstractAutowireCapableBeanFactory.doCreateBean(AbstractAutowireCapableBeanFactory.java:565)
	at org.springframework.beans.factory.support.AbstractAutowireCapableBeanFactory.createBean(AbstractAutowireCapableBeanFactory.java:525)
	at org.springframework.beans.factory.support.AbstractBeanFactory.lambda$doGetBean$0(AbstractBeanFactory.java:333)
	at org.springframework.beans.factory.support.DefaultSingletonBeanRegistry.getSingleton(DefaultSingletonBeanRegistry.java:371)
	at org.springframework.beans.factory.support.AbstractBeanFactory.doGetBean(AbstractBeanFactory.java:331)
	at org.springframework.beans.factory.support.AbstractBeanFactory.getBean(AbstractBeanFactory.java:201)
	at org.springframework.beans.factory.config.DependencyDescriptor.resolveCandidate(DependencyDescriptor.java:229)
	at org.springframework.beans.factory.support.DefaultListableBeanFactory.doResolveDependency(DefaultListableBeanFactory.java:1769)
	at org.springframework.beans.factory.support.DefaultListableBeanFactory.resolveDependency(DefaultListableBeanFactory.java:1658)
	at org.springframework.beans.factory.support.ConstructorResolver.resolveAutowiredArgument(ConstructorResolver.java:912)
	at org.springframework.beans.factory.support.ConstructorResolver.createArgumentArray(ConstructorResolver.java:791)
	at org.springframework.beans.factory.support.ConstructorResolver.autowireConstructor(ConstructorResolver.java:240)
	at org.springframework.beans.factory.support.AbstractAutowireCapableBeanFactory.autowireConstructor(AbstractAutowireCapableBeanFactory.java:1380)
	at org.springframework.beans.factory.support.AbstractAutowireCapableBeanFactory.createBeanInstance(AbstractAutowireCapableBeanFactory.java:1219)
	at org.springframework.beans.factory.support.AbstractAutowireCapableBeanFactory.doCreateBean(AbstractAutowireCapableBeanFactory.java:565)
	at org.springframework.beans.factory.support.AbstractAutowireCapableBeanFactory.createBean(AbstractAutowireCapableBeanFactory.java:525)
	at org.springframework.beans.factory.support.AbstractBeanFactory.lambda$doGetBean$0(AbstractBeanFactory.java:333)
	at org.springframework.beans.factory.support.DefaultSingletonBeanRegistry.getSingleton(DefaultSingletonBeanRegistry.java:371)
	at org.springframework.beans.factory.support.AbstractBeanFactory.doGetBean(AbstractBeanFactory.java:331)
	at org.springframework.beans.factory.support.AbstractBeanFactory.getBean(AbstractBeanFactory.java:201)
	at org.springframework.boot.web.servlet.ServletContextInitializerBeans.getOrderedBeansOfType(ServletContextInitializerBeans.java:231)
	at org.springframework.boot.web.servlet.ServletContextInitializerBeans.addAsRegistrationBean(ServletContextInitializerBeans.java:185)
	at org.springframework.boot.web.servlet.ServletContextInitializerBeans.addAsRegistrationBean(ServletContextInitializerBeans.java:180)
	at org.springframework.boot.web.servlet.ServletContextInitializerBeans.addAdaptableBeans(ServletContextInitializerBeans.java:165)
	at org.springframework.boot.web.servlet.ServletContextInitializerBeans.<init>(ServletContextInitializerBeans.java:97)
	at org.springframework.boot.web.context.servlet.WebApplicationContextInitializer.initialize(WebApplicationContextInitializer.java:53)
	at org.springframework.boot.tomcat.servlet.DeferredServletContainerInitializers.onStartup(DeferredServletContainerInitializers.java:55)
	at org.apache.catalina.core.StandardContext.startInternal(StandardContext.java:4420)
	at org.apache.catalina.util.LifecycleBase.start(LifecycleBase.java:164)
	at org.apache.catalina.core.ContainerBase$StartChild.call(ContainerBase.java:1162)
	at org.apache.catalina.core.ContainerBase$StartChild.call(ContainerBase.java:1158)
	at java.base/java.util.concurrent.FutureTask.run(FutureTask.java:317)
	at org.apache.tomcat.util.threads.InlineExecutorService.execute(InlineExecutorService.java:81)
	at java.base/java.util.concurrent.AbstractExecutorService.submit(AbstractExecutorService.java:145)
	at org.apache.catalina.core.ContainerBase.startInternal(ContainerBase.java:714)
	at org.apache.catalina.core.StandardHost.startInternal(StandardHost.java:780)
	at org.apache.catalina.util.LifecycleBase.start(LifecycleBase.java:164)
	at org.apache.catalina.core.ContainerBase$StartChild.call(ContainerBase.java:1162)
	at org.apache.catalina.core.ContainerBase$StartChild.call(ContainerBase.java:1158)
	at java.base/java.util.concurrent.FutureTask.run(FutureTask.java:317)
	at org.apache.tomcat.util.threads.InlineExecutorService.execute(InlineExecutorService.java:81)
	at java.base/java.util.concurrent.AbstractExecutorService.submit(AbstractExecutorService.java:145)
	at org.apache.catalina.core.ContainerBase.startInternal(ContainerBase.java:714)
	at org.apache.catalina.core.StandardEngine.startInternal(StandardEngine.java:201)
	at org.apache.catalina.util.LifecycleBase.start(LifecycleBase.java:164)
	at org.apache.catalina.core.StandardService.startInternal(StandardService.java:410)
	at org.apache.catalina.util.LifecycleBase.start(LifecycleBase.java:164)
	at org.apache.catalina.core.StandardServer.startInternal(StandardServer.java:864)
	at org.apache.catalina.util.LifecycleBase.start(LifecycleBase.java:164)
	at org.apache.catalina.startup.Tomcat.start(Tomcat.java:435)
	at org.springframework.boot.tomcat.TomcatWebServer.initialize(TomcatWebServer.java:131)
	at org.springframework.boot.tomcat.TomcatWebServer.<init>(TomcatWebServer.java:110)
	at org.springframework.boot.tomcat.servlet.TomcatServletWebServerFactory.getTomcatWebServer(TomcatServletWebServerFactory.java:408)
	at org.springframework.boot.tomcat.servlet.TomcatServletWebServerFactory.getWebServer(TomcatServletWebServerFactory.java:166)
	at org.springframework.boot.web.server.servlet.context.ServletWebServerApplicationContext.createWebServer(ServletWebServerApplicationContext.java:190)
	at org.springframework.boot.web.server.servlet.context.ServletWebServerApplicationContext.onRefresh(ServletWebServerApplicationContext.java:164)
	at org.springframework.context.support.AbstractApplicationContext.refresh(AbstractApplicationContext.java:615)
	at org.springframework.boot.web.server.servlet.context.ServletWebServerApplicationContext.refresh(ServletWebServerApplicationContext.java:143)
	at org.springframework.boot.SpringApplication.refresh(SpringApplication.java:756)
	at org.springframework.boot.SpringApplication.refreshContext(SpringApplication.java:445)
	at org.springframework.boot.SpringApplication.run(SpringApplication.java:321)
	at org.springframework.boot.SpringApplication.run(SpringApplication.java:1365)
	at org.springframework.boot.SpringApplication.run(SpringApplication.java:1354)
	at com.sisco_e.escola.SiscoEApplication.main(SiscoEApplication.java:12)
	at java.base/jdk.internal.reflect.DirectMethodHandleAccessor.invoke(DirectMethodHandleAccessor.java:103)
	at java.base/java.lang.reflect.Method.invoke(Method.java:580)
	at org.springframework.boot.devtools.restart.RestartLauncher.run(RestartLauncher.java:52)
Caused by: org.postgresql.util.PSQLException: ERRO: relação "tb_provedor_net" já existe
	at org.postgresql.core.v3.QueryExecutorImpl.receiveErrorResponse(QueryExecutorImpl.java:2904)
	at org.postgresql.core.v3.QueryExecutorImpl.processResults(QueryExecutorImpl.java:2589)
	at org.postgresql.core.v3.QueryExecutorImpl.execute(QueryExecutorImpl.java:431)
	at org.postgresql.jdbc.PgStatement.executeInternal(PgStatement.java:534)
	at org.postgresql.jdbc.PgStatement.execute(PgStatement.java:437)
	at org.postgresql.jdbc.PgStatement.executeWithFlags(PgStatement.java:359)
	at org.postgresql.jdbc.PgStatement.executeCachedSql(PgStatement.java:344)
	at org.postgresql.jdbc.PgStatement.executeWithFlags(PgStatement.java:320)
	at org.postgresql.jdbc.PgStatement.execute(PgStatement.java:315)
	at com.zaxxer.hikari.pool.ProxyStatement.execute(ProxyStatement.java:95)
	at com.zaxxer.hikari.pool.HikariProxyStatement.execute(HikariProxyStatement.java)
	at org.hibernate.tool.schema.internal.exec.GenerationTargetToDatabase.accept(GenerationTargetToDatabase.java:76)
	... 128 common frames omitted
2026-10-09 13:21:53 [restartedMain] WARN  o.h.t.s.i.ExceptionHandlerLoggedImpl - GenerationTarget encountered exception accepting command : Error executing DDL "
    create table siscoescola.tb_usuario (
        is_ativo boolean,
        data_atualizacao timestamp(6) with time zone not null,
        data_cadastro timestamp(6) with time zone not null,
        uuid_usuario uuid not null,
        cpf CHARACTER VARYING(11) unique,
        email CHARACTER VARYING(120) not null unique,
        nome_completo CHARACTER VARYING(120) not null,
        password CHARACTER VARYING(255) not null,
        username CHARACTER VARYING(120) not null,
        primary key (uuid_usuario)
    )" via JDBC [ERRO: duplicar valor da chave viola a restrição de unicidade "pg_type_typname_nsp_index"
  Detalhe: Chave (typname, typnamespace)=(tb_usuario, 16390) já existe.]
org.hibernate.tool.schema.spi.CommandAcceptanceException: Error executing DDL "
    create table siscoescola.tb_usuario (
        is_ativo boolean,
        data_atualizacao timestamp(6) with time zone not null,
        data_cadastro timestamp(6) with time zone not null,
        uuid_usuario uuid not null,
        cpf CHARACTER VARYING(11) unique,
        email CHARACTER VARYING(120) not null unique,
        nome_completo CHARACTER VARYING(120) not null,
        password CHARACTER VARYING(255) not null,
        username CHARACTER VARYING(120) not null,
        primary key (uuid_usuario)
    )" via JDBC [ERRO: duplicar valor da chave viola a restrição de unicidade "pg_type_typname_nsp_index"
  Detalhe: Chave (typname, typnamespace)=(tb_usuario, 16390) já existe.]
	at org.hibernate.tool.schema.internal.exec.GenerationTargetToDatabase.accept(GenerationTargetToDatabase.java:81)
	at org.hibernate.tool.schema.internal.Helper.applySqlString(Helper.java:218)
	at org.hibernate.tool.schema.internal.Helper.applySqlStrings(Helper.java:204)
	at org.hibernate.tool.schema.internal.SchemaCreatorImpl.createTables(SchemaCreatorImpl.java:404)
	at org.hibernate.tool.schema.internal.SchemaCreatorImpl.createSequencesTablesConstraints(SchemaCreatorImpl.java:320)
	at org.hibernate.tool.schema.internal.SchemaCreatorImpl.createFromMetadata(SchemaCreatorImpl.java:215)
	at org.hibernate.tool.schema.internal.SchemaCreatorImpl.performCreation(SchemaCreatorImpl.java:151)
	at org.hibernate.tool.schema.internal.SchemaCreatorImpl.doCreation(SchemaCreatorImpl.java:121)
	at org.hibernate.tool.schema.internal.SchemaCreatorImpl.doCreation(SchemaCreatorImpl.java:97)
	at org.hibernate.tool.schema.spi.SchemaManagementToolCoordinator.performDatabaseAction(SchemaManagementToolCoordinator.java:239)
	at org.hibernate.tool.schema.spi.SchemaManagementToolCoordinator.lambda$process$1(SchemaManagementToolCoordinator.java:101)
	at java.base/java.util.HashMap.forEach(HashMap.java:1429)
	at org.hibernate.tool.schema.spi.SchemaManagementToolCoordinator.process(SchemaManagementToolCoordinator.java:100)
	at org.hibernate.boot.internal.SessionFactoryObserverForSchemaExport.sessionFactoryCreated(SessionFactoryObserverForSchemaExport.java:35)
	at org.hibernate.internal.SessionFactoryObserverChain.sessionFactoryCreated(SessionFactoryObserverChain.java:33)
	at org.hibernate.internal.SessionFactoryImpl.<init>(SessionFactoryImpl.java:323)
	at org.hibernate.internal.SessionFactoryRegistry.instantiateSessionFactory(SessionFactoryRegistry.java:64)
	at org.hibernate.boot.internal.SessionFactoryBuilderImpl.build(SessionFactoryBuilderImpl.java:437)
	at org.hibernate.jpa.boot.internal.EntityManagerFactoryBuilderImpl.build(EntityManagerFactoryBuilderImpl.java:1456)
	at org.springframework.orm.jpa.vendor.SpringHibernateJpaPersistenceProvider.createContainerEntityManagerFactory(SpringHibernateJpaPersistenceProvider.java:93)
	at org.springframework.orm.jpa.LocalContainerEntityManagerFactoryBean.createNativeEntityManagerFactory(LocalContainerEntityManagerFactoryBean.java:443)
	at org.springframework.orm.jpa.AbstractEntityManagerFactoryBean.buildNativeEntityManagerFactory(AbstractEntityManagerFactoryBean.java:436)
	at org.springframework.orm.jpa.AbstractEntityManagerFactoryBean.afterPropertiesSet(AbstractEntityManagerFactoryBean.java:411)
	at org.springframework.orm.jpa.LocalContainerEntityManagerFactoryBean.afterPropertiesSet(LocalContainerEntityManagerFactoryBean.java:419)
	at org.springframework.beans.factory.support.AbstractAutowireCapableBeanFactory.invokeInitMethods(AbstractAutowireCapableBeanFactory.java:1862)
	at org.springframework.beans.factory.support.AbstractAutowireCapableBeanFactory.initializeBean(AbstractAutowireCapableBeanFactory.java:1811)
	at org.springframework.beans.factory.support.AbstractAutowireCapableBeanFactory.doCreateBean(AbstractAutowireCapableBeanFactory.java:603)
	at org.springframework.beans.factory.support.AbstractAutowireCapableBeanFactory.createBean(AbstractAutowireCapableBeanFactory.java:525)
	at org.springframework.beans.factory.support.AbstractBeanFactory.lambda$doGetBean$0(AbstractBeanFactory.java:333)
	at org.springframework.beans.factory.support.DefaultSingletonBeanRegistry.getSingleton(DefaultSingletonBeanRegistry.java:371)
	at org.springframework.beans.factory.support.AbstractBeanFactory.doGetBean(AbstractBeanFactory.java:331)
	at org.springframework.beans.factory.support.AbstractBeanFactory.getBean(AbstractBeanFactory.java:196)
	at org.springframework.beans.factory.support.BeanDefinitionValueResolver.resolveReference(BeanDefinitionValueResolver.java:365)
	at org.springframework.beans.factory.support.BeanDefinitionValueResolver.resolveValueIfNecessary(BeanDefinitionValueResolver.java:135)
	at org.springframework.beans.factory.support.ConstructorResolver.resolveConstructorArguments(ConstructorResolver.java:691)
	at org.springframework.beans.factory.support.ConstructorResolver.instantiateUsingFactoryMethod(ConstructorResolver.java:513)
	at org.springframework.beans.factory.support.AbstractAutowireCapableBeanFactory.instantiateUsingFactoryMethod(AbstractAutowireCapableBeanFactory.java:1360)
	at org.springframework.beans.factory.support.AbstractAutowireCapableBeanFactory.createBeanInstance(AbstractAutowireCapableBeanFactory.java:1192)
	at org.springframework.beans.factory.support.AbstractAutowireCapableBeanFactory.doCreateBean(AbstractAutowireCapableBeanFactory.java:565)
	at org.springframework.beans.factory.support.AbstractAutowireCapableBeanFactory.createBean(AbstractAutowireCapableBeanFactory.java:525)
	at org.springframework.beans.factory.support.AbstractBeanFactory.lambda$doGetBean$0(AbstractBeanFactory.java:333)
	at org.springframework.beans.factory.support.DefaultSingletonBeanRegistry.getSingleton(DefaultSingletonBeanRegistry.java:371)
	at org.springframework.beans.factory.support.AbstractBeanFactory.doGetBean(AbstractBeanFactory.java:331)
	at org.springframework.beans.factory.support.AbstractBeanFactory.getBean(AbstractBeanFactory.java:201)
	at org.springframework.beans.factory.support.BeanDefinitionValueResolver.resolveReference(BeanDefinitionValueResolver.java:356)
	at org.springframework.beans.factory.support.BeanDefinitionValueResolver.resolveValueIfNecessary(BeanDefinitionValueResolver.java:135)
	at org.springframework.beans.factory.support.AbstractAutowireCapableBeanFactory.applyPropertyValues(AbstractAutowireCapableBeanFactory.java:1710)
	at org.springframework.beans.factory.support.AbstractAutowireCapableBeanFactory.populateBean(AbstractAutowireCapableBeanFactory.java:1459)
	at org.springframework.beans.factory.support.AbstractAutowireCapableBeanFactory.doCreateBean(AbstractAutowireCapableBeanFactory.java:602)
	at org.springframework.beans.factory.support.AbstractAutowireCapableBeanFactory.createBean(AbstractAutowireCapableBeanFactory.java:525)
	at org.springframework.beans.factory.support.AbstractBeanFactory.lambda$doGetBean$0(AbstractBeanFactory.java:333)
	at org.springframework.beans.factory.support.DefaultSingletonBeanRegistry.getSingleton(DefaultSingletonBeanRegistry.java:371)
	at org.springframework.beans.factory.support.AbstractBeanFactory.doGetBean(AbstractBeanFactory.java:331)
	at org.springframework.beans.factory.support.AbstractBeanFactory.getBean(AbstractBeanFactory.java:201)
	at org.springframework.beans.factory.support.DefaultListableBeanFactory.resolveBean(DefaultListableBeanFactory.java:1232)
	at org.springframework.beans.factory.support.DefaultListableBeanFactory.doResolveDependency(DefaultListableBeanFactory.java:1711)
	at org.springframework.beans.factory.support.DefaultListableBeanFactory.resolveDependency(DefaultListableBeanFactory.java:1658)
	at org.springframework.beans.factory.support.ConstructorResolver.resolveAutowiredArgument(ConstructorResolver.java:912)
	at org.springframework.beans.factory.support.ConstructorResolver.createArgumentArray(ConstructorResolver.java:791)
	at org.springframework.beans.factory.support.ConstructorResolver.autowireConstructor(ConstructorResolver.java:240)
	at org.springframework.beans.factory.support.AbstractAutowireCapableBeanFactory.autowireConstructor(AbstractAutowireCapableBeanFactory.java:1380)
	at org.springframework.beans.factory.support.AbstractAutowireCapableBeanFactory.createBeanInstance(AbstractAutowireCapableBeanFactory.java:1219)
	at org.springframework.beans.factory.support.AbstractAutowireCapableBeanFactory.doCreateBean(AbstractAutowireCapableBeanFactory.java:565)
	at org.springframework.beans.factory.support.AbstractAutowireCapableBeanFactory.createBean(AbstractAutowireCapableBeanFactory.java:525)
	at org.springframework.beans.factory.support.AbstractBeanFactory.lambda$doGetBean$0(AbstractBeanFactory.java:333)
	at org.springframework.beans.factory.support.DefaultSingletonBeanRegistry.getSingleton(DefaultSingletonBeanRegistry.java:371)
	at org.springframework.beans.factory.support.AbstractBeanFactory.doGetBean(AbstractBeanFactory.java:331)
	at org.springframework.beans.factory.support.AbstractBeanFactory.getBean(AbstractBeanFactory.java:201)
	at org.springframework.beans.factory.config.DependencyDescriptor.resolveCandidate(DependencyDescriptor.java:229)
	at org.springframework.beans.factory.support.DefaultListableBeanFactory.doResolveDependency(DefaultListableBeanFactory.java:1769)
	at org.springframework.beans.factory.support.DefaultListableBeanFactory.resolveDependency(DefaultListableBeanFactory.java:1658)
	at org.springframework.beans.factory.support.ConstructorResolver.resolveAutowiredArgument(ConstructorResolver.java:912)
	at org.springframework.beans.factory.support.ConstructorResolver.createArgumentArray(ConstructorResolver.java:791)
	at org.springframework.beans.factory.support.ConstructorResolver.autowireConstructor(ConstructorResolver.java:240)
	at org.springframework.beans.factory.support.AbstractAutowireCapableBeanFactory.autowireConstructor(AbstractAutowireCapableBeanFactory.java:1380)
	at org.springframework.beans.factory.support.AbstractAutowireCapableBeanFactory.createBeanInstance(AbstractAutowireCapableBeanFactory.java:1219)
	at org.springframework.beans.factory.support.AbstractAutowireCapableBeanFactory.doCreateBean(AbstractAutowireCapableBeanFactory.java:565)
	at org.springframework.beans.factory.support.AbstractAutowireCapableBeanFactory.createBean(AbstractAutowireCapableBeanFactory.java:525)
	at org.springframework.beans.factory.support.AbstractBeanFactory.lambda$doGetBean$0(AbstractBeanFactory.java:333)
	at org.springframework.beans.factory.support.DefaultSingletonBeanRegistry.getSingleton(DefaultSingletonBeanRegistry.java:371)
	at org.springframework.beans.factory.support.AbstractBeanFactory.doGetBean(AbstractBeanFactory.java:331)
	at org.springframework.beans.factory.support.AbstractBeanFactory.getBean(AbstractBeanFactory.java:201)
	at org.springframework.boot.web.servlet.ServletContextInitializerBeans.getOrderedBeansOfType(ServletContextInitializerBeans.java:231)
	at org.springframework.boot.web.servlet.ServletContextInitializerBeans.addAsRegistrationBean(ServletContextInitializerBeans.java:185)
	at org.springframework.boot.web.servlet.ServletContextInitializerBeans.addAsRegistrationBean(ServletContextInitializerBeans.java:180)
	at org.springframework.boot.web.servlet.ServletContextInitializerBeans.addAdaptableBeans(ServletContextInitializerBeans.java:165)
	at org.springframework.boot.web.servlet.ServletContextInitializerBeans.<init>(ServletContextInitializerBeans.java:97)
	at org.springframework.boot.web.context.servlet.WebApplicationContextInitializer.initialize(WebApplicationContextInitializer.java:53)
	at org.springframework.boot.tomcat.servlet.DeferredServletContainerInitializers.onStartup(DeferredServletContainerInitializers.java:55)
	at org.apache.catalina.core.StandardContext.startInternal(StandardContext.java:4420)
	at org.apache.catalina.util.LifecycleBase.start(LifecycleBase.java:164)
	at org.apache.catalina.core.ContainerBase$StartChild.call(ContainerBase.java:1162)
	at org.apache.catalina.core.ContainerBase$StartChild.call(ContainerBase.java:1158)
	at java.base/java.util.concurrent.FutureTask.run(FutureTask.java:317)
	at org.apache.tomcat.util.threads.InlineExecutorService.execute(InlineExecutorService.java:81)
	at java.base/java.util.concurrent.AbstractExecutorService.submit(AbstractExecutorService.java:145)
	at org.apache.catalina.core.ContainerBase.startInternal(ContainerBase.java:714)
	at org.apache.catalina.core.StandardHost.startInternal(StandardHost.java:780)
	at org.apache.catalina.util.LifecycleBase.start(LifecycleBase.java:164)
	at org.apache.catalina.core.ContainerBase$StartChild.call(ContainerBase.java:1162)
	at org.apache.catalina.core.ContainerBase$StartChild.call(ContainerBase.java:1158)
	at java.base/java.util.concurrent.FutureTask.run(FutureTask.java:317)
	at org.apache.tomcat.util.threads.InlineExecutorService.execute(InlineExecutorService.java:81)
	at java.base/java.util.concurrent.AbstractExecutorService.submit(AbstractExecutorService.java:145)
	at org.apache.catalina.core.ContainerBase.startInternal(ContainerBase.java:714)
	at org.apache.catalina.core.StandardEngine.startInternal(StandardEngine.java:201)
	at org.apache.catalina.util.LifecycleBase.start(LifecycleBase.java:164)
	at org.apache.catalina.core.StandardService.startInternal(StandardService.java:410)
	at org.apache.catalina.util.LifecycleBase.start(LifecycleBase.java:164)
	at org.apache.catalina.core.StandardServer.startInternal(StandardServer.java:864)
	at org.apache.catalina.util.LifecycleBase.start(LifecycleBase.java:164)
	at org.apache.catalina.startup.Tomcat.start(Tomcat.java:435)
	at org.springframework.boot.tomcat.TomcatWebServer.initialize(TomcatWebServer.java:131)
	at org.springframework.boot.tomcat.TomcatWebServer.<init>(TomcatWebServer.java:110)
	at org.springframework.boot.tomcat.servlet.TomcatServletWebServerFactory.getTomcatWebServer(TomcatServletWebServerFactory.java:408)
	at org.springframework.boot.tomcat.servlet.TomcatServletWebServerFactory.getWebServer(TomcatServletWebServerFactory.java:166)
	at org.springframework.boot.web.server.servlet.context.ServletWebServerApplicationContext.createWebServer(ServletWebServerApplicationContext.java:190)
	at org.springframework.boot.web.server.servlet.context.ServletWebServerApplicationContext.onRefresh(ServletWebServerApplicationContext.java:164)
	at org.springframework.context.support.AbstractApplicationContext.refresh(AbstractApplicationContext.java:615)
	at org.springframework.boot.web.server.servlet.context.ServletWebServerApplicationContext.refresh(ServletWebServerApplicationContext.java:143)
	at org.springframework.boot.SpringApplication.refresh(SpringApplication.java:756)
	at org.springframework.boot.SpringApplication.refreshContext(SpringApplication.java:445)
	at org.springframework.boot.SpringApplication.run(SpringApplication.java:321)
	at org.springframework.boot.SpringApplication.run(SpringApplication.java:1365)
	at org.springframework.boot.SpringApplication.run(SpringApplication.java:1354)
	at com.sisco_e.escola.SiscoEApplication.main(SiscoEApplication.java:12)
	at java.base/jdk.internal.reflect.DirectMethodHandleAccessor.invoke(DirectMethodHandleAccessor.java:103)
	at java.base/java.lang.reflect.Method.invoke(Method.java:580)
	at org.springframework.boot.devtools.restart.RestartLauncher.run(RestartLauncher.java:52)
Caused by: org.postgresql.util.PSQLException: ERRO: duplicar valor da chave viola a restrição de unicidade "pg_type_typname_nsp_index"
  Detalhe: Chave (typname, typnamespace)=(tb_usuario, 16390) já existe.
	at org.postgresql.core.v3.QueryExecutorImpl.receiveErrorResponse(QueryExecutorImpl.java:2904)
	at org.postgresql.core.v3.QueryExecutorImpl.processResults(QueryExecutorImpl.java:2589)
	at org.postgresql.core.v3.QueryExecutorImpl.execute(QueryExecutorImpl.java:431)
	at org.postgresql.jdbc.PgStatement.executeInternal(PgStatement.java:534)
	at org.postgresql.jdbc.PgStatement.execute(PgStatement.java:437)
	at org.postgresql.jdbc.PgStatement.executeWithFlags(PgStatement.java:359)
	at org.postgresql.jdbc.PgStatement.executeCachedSql(PgStatement.java:344)
	at org.postgresql.jdbc.PgStatement.executeWithFlags(PgStatement.java:320)
	at org.postgresql.jdbc.PgStatement.execute(PgStatement.java:315)
	at com.zaxxer.hikari.pool.ProxyStatement.execute(ProxyStatement.java:95)
	at com.zaxxer.hikari.pool.HikariProxyStatement.execute(HikariProxyStatement.java)
	at org.hibernate.tool.schema.internal.exec.GenerationTargetToDatabase.accept(GenerationTargetToDatabase.java:76)
	... 128 common frames omitted
2026-10-09 13:21:53 [restartedMain] WARN  o.h.t.s.i.ExceptionHandlerLoggedImpl - GenerationTarget encountered exception accepting command : Error executing DDL "
    create table siscoescola.tb_usuario_aud (
        is_ativo boolean,
        rev integer not null,
        revtype smallint,
        data_atualizacao timestamp(6) with time zone,
        data_cadastro timestamp(6) with time zone,
        uuid_usuario uuid not null,
        cpf CHARACTER VARYING(11),
        email CHARACTER VARYING(120),
        nome_completo CHARACTER VARYING(120),
        password CHARACTER VARYING(255),
        username CHARACTER VARYING(120),
        primary key (rev, uuid_usuario)
    )" via JDBC [ERRO: relação "tb_usuario_aud" já existe]
org.hibernate.tool.schema.spi.CommandAcceptanceException: Error executing DDL "
    create table siscoescola.tb_usuario_aud (
        is_ativo boolean,
        rev integer not null,
        revtype smallint,
        data_atualizacao timestamp(6) with time zone,
        data_cadastro timestamp(6) with time zone,
        uuid_usuario uuid not null,
        cpf CHARACTER VARYING(11),
        email CHARACTER VARYING(120),
        nome_completo CHARACTER VARYING(120),
        password CHARACTER VARYING(255),
        username CHARACTER VARYING(120),
        primary key (rev, uuid_usuario)
    )" via JDBC [ERRO: relação "tb_usuario_aud" já existe]
	at org.hibernate.tool.schema.internal.exec.GenerationTargetToDatabase.accept(GenerationTargetToDatabase.java:81)
	at org.hibernate.tool.schema.internal.Helper.applySqlString(Helper.java:218)
	at org.hibernate.tool.schema.internal.Helper.applySqlStrings(Helper.java:204)
	at org.hibernate.tool.schema.internal.SchemaCreatorImpl.createTables(SchemaCreatorImpl.java:404)
	at org.hibernate.tool.schema.internal.SchemaCreatorImpl.createSequencesTablesConstraints(SchemaCreatorImpl.java:320)
	at org.hibernate.tool.schema.internal.SchemaCreatorImpl.createFromMetadata(SchemaCreatorImpl.java:215)
	at org.hibernate.tool.schema.internal.SchemaCreatorImpl.performCreation(SchemaCreatorImpl.java:151)
	at org.hibernate.tool.schema.internal.SchemaCreatorImpl.doCreation(SchemaCreatorImpl.java:121)
	at org.hibernate.tool.schema.internal.SchemaCreatorImpl.doCreation(SchemaCreatorImpl.java:97)
	at org.hibernate.tool.schema.spi.SchemaManagementToolCoordinator.performDatabaseAction(SchemaManagementToolCoordinator.java:239)
	at org.hibernate.tool.schema.spi.SchemaManagementToolCoordinator.lambda$process$1(SchemaManagementToolCoordinator.java:101)
	at java.base/java.util.HashMap.forEach(HashMap.java:1429)
	at org.hibernate.tool.schema.spi.SchemaManagementToolCoordinator.process(SchemaManagementToolCoordinator.java:100)
	at org.hibernate.boot.internal.SessionFactoryObserverForSchemaExport.sessionFactoryCreated(SessionFactoryObserverForSchemaExport.java:35)
	at org.hibernate.internal.SessionFactoryObserverChain.sessionFactoryCreated(SessionFactoryObserverChain.java:33)
	at org.hibernate.internal.SessionFactoryImpl.<init>(SessionFactoryImpl.java:323)
	at org.hibernate.internal.SessionFactoryRegistry.instantiateSessionFactory(SessionFactoryRegistry.java:64)
	at org.hibernate.boot.internal.SessionFactoryBuilderImpl.build(SessionFactoryBuilderImpl.java:437)
	at org.hibernate.jpa.boot.internal.EntityManagerFactoryBuilderImpl.build(EntityManagerFactoryBuilderImpl.java:1456)
	at org.springframework.orm.jpa.vendor.SpringHibernateJpaPersistenceProvider.createContainerEntityManagerFactory(SpringHibernateJpaPersistenceProvider.java:93)
	at org.springframework.orm.jpa.LocalContainerEntityManagerFactoryBean.createNativeEntityManagerFactory(LocalContainerEntityManagerFactoryBean.java:443)
	at org.springframework.orm.jpa.AbstractEntityManagerFactoryBean.buildNativeEntityManagerFactory(AbstractEntityManagerFactoryBean.java:436)
	at org.springframework.orm.jpa.AbstractEntityManagerFactoryBean.afterPropertiesSet(AbstractEntityManagerFactoryBean.java:411)
	at org.springframework.orm.jpa.LocalContainerEntityManagerFactoryBean.afterPropertiesSet(LocalContainerEntityManagerFactoryBean.java:419)
	at org.springframework.beans.factory.support.AbstractAutowireCapableBeanFactory.invokeInitMethods(AbstractAutowireCapableBeanFactory.java:1862)
	at org.springframework.beans.factory.support.AbstractAutowireCapableBeanFactory.initializeBean(AbstractAutowireCapableBeanFactory.java:1811)
	at org.springframework.beans.factory.support.AbstractAutowireCapableBeanFactory.doCreateBean(AbstractAutowireCapableBeanFactory.java:603)
	at org.springframework.beans.factory.support.AbstractAutowireCapableBeanFactory.createBean(AbstractAutowireCapableBeanFactory.java:525)
	at org.springframework.beans.factory.support.AbstractBeanFactory.lambda$doGetBean$0(AbstractBeanFactory.java:333)
	at org.springframework.beans.factory.support.DefaultSingletonBeanRegistry.getSingleton(DefaultSingletonBeanRegistry.java:371)
	at org.springframework.beans.factory.support.AbstractBeanFactory.doGetBean(AbstractBeanFactory.java:331)
	at org.springframework.beans.factory.support.AbstractBeanFactory.getBean(AbstractBeanFactory.java:196)
	at org.springframework.beans.factory.support.BeanDefinitionValueResolver.resolveReference(BeanDefinitionValueResolver.java:365)
	at org.springframework.beans.factory.support.BeanDefinitionValueResolver.resolveValueIfNecessary(BeanDefinitionValueResolver.java:135)
	at org.springframework.beans.factory.support.ConstructorResolver.resolveConstructorArguments(ConstructorResolver.java:691)
	at org.springframework.beans.factory.support.ConstructorResolver.instantiateUsingFactoryMethod(ConstructorResolver.java:513)
	at org.springframework.beans.factory.support.AbstractAutowireCapableBeanFactory.instantiateUsingFactoryMethod(AbstractAutowireCapableBeanFactory.java:1360)
	at org.springframework.beans.factory.support.AbstractAutowireCapableBeanFactory.createBeanInstance(AbstractAutowireCapableBeanFactory.java:1192)
	at org.springframework.beans.factory.support.AbstractAutowireCapableBeanFactory.doCreateBean(AbstractAutowireCapableBeanFactory.java:565)
	at org.springframework.beans.factory.support.AbstractAutowireCapableBeanFactory.createBean(AbstractAutowireCapableBeanFactory.java:525)
	at org.springframework.beans.factory.support.AbstractBeanFactory.lambda$doGetBean$0(AbstractBeanFactory.java:333)
	at org.springframework.beans.factory.support.DefaultSingletonBeanRegistry.getSingleton(DefaultSingletonBeanRegistry.java:371)
	at org.springframework.beans.factory.support.AbstractBeanFactory.doGetBean(AbstractBeanFactory.java:331)
	at org.springframework.beans.factory.support.AbstractBeanFactory.getBean(AbstractBeanFactory.java:201)
	at org.springframework.beans.factory.support.BeanDefinitionValueResolver.resolveReference(BeanDefinitionValueResolver.java:356)
	at org.springframework.beans.factory.support.BeanDefinitionValueResolver.resolveValueIfNecessary(BeanDefinitionValueResolver.java:135)
	at org.springframework.beans.factory.support.AbstractAutowireCapableBeanFactory.applyPropertyValues(AbstractAutowireCapableBeanFactory.java:1710)
	at org.springframework.beans.factory.support.AbstractAutowireCapableBeanFactory.populateBean(AbstractAutowireCapableBeanFactory.java:1459)
	at org.springframework.beans.factory.support.AbstractAutowireCapableBeanFactory.doCreateBean(AbstractAutowireCapableBeanFactory.java:602)
	at org.springframework.beans.factory.support.AbstractAutowireCapableBeanFactory.createBean(AbstractAutowireCapableBeanFactory.java:525)
	at org.springframework.beans.factory.support.AbstractBeanFactory.lambda$doGetBean$0(AbstractBeanFactory.java:333)
	at org.springframework.beans.factory.support.DefaultSingletonBeanRegistry.getSingleton(DefaultSingletonBeanRegistry.java:371)
	at org.springframework.beans.factory.support.AbstractBeanFactory.doGetBean(AbstractBeanFactory.java:331)
	at org.springframework.beans.factory.support.AbstractBeanFactory.getBean(AbstractBeanFactory.java:201)
	at org.springframework.beans.factory.support.DefaultListableBeanFactory.resolveBean(DefaultListableBeanFactory.java:1232)
	at org.springframework.beans.factory.support.DefaultListableBeanFactory.doResolveDependency(DefaultListableBeanFactory.java:1711)
	at org.springframework.beans.factory.support.DefaultListableBeanFactory.resolveDependency(DefaultListableBeanFactory.java:1658)
	at org.springframework.beans.factory.support.ConstructorResolver.resolveAutowiredArgument(ConstructorResolver.java:912)
	at org.springframework.beans.factory.support.ConstructorResolver.createArgumentArray(ConstructorResolver.java:791)
	at org.springframework.beans.factory.support.ConstructorResolver.autowireConstructor(ConstructorResolver.java:240)
	at org.springframework.beans.factory.support.AbstractAutowireCapableBeanFactory.autowireConstructor(AbstractAutowireCapableBeanFactory.java:1380)
	at org.springframework.beans.factory.support.AbstractAutowireCapableBeanFactory.createBeanInstance(AbstractAutowireCapableBeanFactory.java:1219)
	at org.springframework.beans.factory.support.AbstractAutowireCapableBeanFactory.doCreateBean(AbstractAutowireCapableBeanFactory.java:565)
	at org.springframework.beans.factory.support.AbstractAutowireCapableBeanFactory.createBean(AbstractAutowireCapableBeanFactory.java:525)
	at org.springframework.beans.factory.support.AbstractBeanFactory.lambda$doGetBean$0(AbstractBeanFactory.java:333)
	at org.springframework.beans.factory.support.DefaultSingletonBeanRegistry.getSingleton(DefaultSingletonBeanRegistry.java:371)
	at org.springframework.beans.factory.support.AbstractBeanFactory.doGetBean(AbstractBeanFactory.java:331)
	at org.springframework.beans.factory.support.AbstractBeanFactory.getBean(AbstractBeanFactory.java:201)
	at org.springframework.beans.factory.config.DependencyDescriptor.resolveCandidate(DependencyDescriptor.java:229)
	at org.springframework.beans.factory.support.DefaultListableBeanFactory.doResolveDependency(DefaultListableBeanFactory.java:1769)
	at org.springframework.beans.factory.support.DefaultListableBeanFactory.resolveDependency(DefaultListableBeanFactory.java:1658)
	at org.springframework.beans.factory.support.ConstructorResolver.resolveAutowiredArgument(ConstructorResolver.java:912)
	at org.springframework.beans.factory.support.ConstructorResolver.createArgumentArray(ConstructorResolver.java:791)
	at org.springframework.beans.factory.support.ConstructorResolver.autowireConstructor(ConstructorResolver.java:240)
	at org.springframework.beans.factory.support.AbstractAutowireCapableBeanFactory.autowireConstructor(AbstractAutowireCapableBeanFactory.java:1380)
	at org.springframework.beans.factory.support.AbstractAutowireCapableBeanFactory.createBeanInstance(AbstractAutowireCapableBeanFactory.java:1219)
	at org.springframework.beans.factory.support.AbstractAutowireCapableBeanFactory.doCreateBean(AbstractAutowireCapableBeanFactory.java:565)
	at org.springframework.beans.factory.support.AbstractAutowireCapableBeanFactory.createBean(AbstractAutowireCapableBeanFactory.java:525)
	at org.springframework.beans.factory.support.AbstractBeanFactory.lambda$doGetBean$0(AbstractBeanFactory.java:333)
	at org.springframework.beans.factory.support.DefaultSingletonBeanRegistry.getSingleton(DefaultSingletonBeanRegistry.java:371)
	at org.springframework.beans.factory.support.AbstractBeanFactory.doGetBean(AbstractBeanFactory.java:331)
	at org.springframework.beans.factory.support.AbstractBeanFactory.getBean(AbstractBeanFactory.java:201)
	at org.springframework.boot.web.servlet.ServletContextInitializerBeans.getOrderedBeansOfType(ServletContextInitializerBeans.java:231)
	at org.springframework.boot.web.servlet.ServletContextInitializerBeans.addAsRegistrationBean(ServletContextInitializerBeans.java:185)
	at org.springframework.boot.web.servlet.ServletContextInitializerBeans.addAsRegistrationBean(ServletContextInitializerBeans.java:180)
	at org.springframework.boot.web.servlet.ServletContextInitializerBeans.addAdaptableBeans(ServletContextInitializerBeans.java:165)
	at org.springframework.boot.web.servlet.ServletContextInitializerBeans.<init>(ServletContextInitializerBeans.java:97)
	at org.springframework.boot.web.context.servlet.WebApplicationContextInitializer.initialize(WebApplicationContextInitializer.java:53)
	at org.springframework.boot.tomcat.servlet.DeferredServletContainerInitializers.onStartup(DeferredServletContainerInitializers.java:55)
	at org.apache.catalina.core.StandardContext.startInternal(StandardContext.java:4420)
	at org.apache.catalina.util.LifecycleBase.start(LifecycleBase.java:164)
	at org.apache.catalina.core.ContainerBase$StartChild.call(ContainerBase.java:1162)
	at org.apache.catalina.core.ContainerBase$StartChild.call(ContainerBase.java:1158)
	at java.base/java.util.concurrent.FutureTask.run(FutureTask.java:317)
	at org.apache.tomcat.util.threads.InlineExecutorService.execute(InlineExecutorService.java:81)
	at java.base/java.util.concurrent.AbstractExecutorService.submit(AbstractExecutorService.java:145)
	at org.apache.catalina.core.ContainerBase.startInternal(ContainerBase.java:714)
	at org.apache.catalina.core.StandardHost.startInternal(StandardHost.java:780)
	at org.apache.catalina.util.LifecycleBase.start(LifecycleBase.java:164)
	at org.apache.catalina.core.ContainerBase$StartChild.call(ContainerBase.java:1162)
	at org.apache.catalina.core.ContainerBase$StartChild.call(ContainerBase.java:1158)
	at java.base/java.util.concurrent.FutureTask.run(FutureTask.java:317)
	at org.apache.tomcat.util.threads.InlineExecutorService.execute(InlineExecutorService.java:81)
	at java.base/java.util.concurrent.AbstractExecutorService.submit(AbstractExecutorService.java:145)
	at org.apache.catalina.core.ContainerBase.startInternal(ContainerBase.java:714)
	at org.apache.catalina.core.StandardEngine.startInternal(StandardEngine.java:201)
	at org.apache.catalina.util.LifecycleBase.start(LifecycleBase.java:164)
	at org.apache.catalina.core.StandardService.startInternal(StandardService.java:410)
	at org.apache.catalina.util.LifecycleBase.start(LifecycleBase.java:164)
	at org.apache.catalina.core.StandardServer.startInternal(StandardServer.java:864)
	at org.apache.catalina.util.LifecycleBase.start(LifecycleBase.java:164)
	at org.apache.catalina.startup.Tomcat.start(Tomcat.java:435)
	at org.springframework.boot.tomcat.TomcatWebServer.initialize(TomcatWebServer.java:131)
	at org.springframework.boot.tomcat.TomcatWebServer.<init>(TomcatWebServer.java:110)
	at org.springframework.boot.tomcat.servlet.TomcatServletWebServerFactory.getTomcatWebServer(TomcatServletWebServerFactory.java:408)
	at org.springframework.boot.tomcat.servlet.TomcatServletWebServerFactory.getWebServer(TomcatServletWebServerFactory.java:166)
	at org.springframework.boot.web.server.servlet.context.ServletWebServerApplicationContext.createWebServer(ServletWebServerApplicationContext.java:190)
	at org.springframework.boot.web.server.servlet.context.ServletWebServerApplicationContext.onRefresh(ServletWebServerApplicationContext.java:164)
	at org.springframework.context.support.AbstractApplicationContext.refresh(AbstractApplicationContext.java:615)
	at org.springframework.boot.web.server.servlet.context.ServletWebServerApplicationContext.refresh(ServletWebServerApplicationContext.java:143)
	at org.springframework.boot.SpringApplication.refresh(SpringApplication.java:756)
	at org.springframework.boot.SpringApplication.refreshContext(SpringApplication.java:445)
	at org.springframework.boot.SpringApplication.run(SpringApplication.java:321)
	at org.springframework.boot.SpringApplication.run(SpringApplication.java:1365)
	at org.springframework.boot.SpringApplication.run(SpringApplication.java:1354)
	at com.sisco_e.escola.SiscoEApplication.main(SiscoEApplication.java:12)
	at java.base/jdk.internal.reflect.DirectMethodHandleAccessor.invoke(DirectMethodHandleAccessor.java:103)
	at java.base/java.lang.reflect.Method.invoke(Method.java:580)
	at org.springframework.boot.devtools.restart.RestartLauncher.run(RestartLauncher.java:52)
Caused by: org.postgresql.util.PSQLException: ERRO: relação "tb_usuario_aud" já existe
	at org.postgresql.core.v3.QueryExecutorImpl.receiveErrorResponse(QueryExecutorImpl.java:2904)
	at org.postgresql.core.v3.QueryExecutorImpl.processResults(QueryExecutorImpl.java:2589)
	at org.postgresql.core.v3.QueryExecutorImpl.execute(QueryExecutorImpl.java:431)
	at org.postgresql.jdbc.PgStatement.executeInternal(PgStatement.java:534)
	at org.postgresql.jdbc.PgStatement.execute(PgStatement.java:437)
	at org.postgresql.jdbc.PgStatement.executeWithFlags(PgStatement.java:359)
	at org.postgresql.jdbc.PgStatement.executeCachedSql(PgStatement.java:344)
	at org.postgresql.jdbc.PgStatement.executeWithFlags(PgStatement.java:320)
	at org.postgresql.jdbc.PgStatement.execute(PgStatement.java:315)
	at com.zaxxer.hikari.pool.ProxyStatement.execute(ProxyStatement.java:95)
	at com.zaxxer.hikari.pool.HikariProxyStatement.execute(HikariProxyStatement.java)
	at org.hibernate.tool.schema.internal.exec.GenerationTargetToDatabase.accept(GenerationTargetToDatabase.java:76)
	... 128 common frames omitted
2026-10-09 13:21:53 [restartedMain] WARN  o.h.t.s.i.ExceptionHandlerLoggedImpl - GenerationTarget encountered exception accepting command : Error executing DDL "
    create sequence revinfo_seq start with 1 increment by 50" via JDBC [ERRO: relação "revinfo_seq" já existe]
org.hibernate.tool.schema.spi.CommandAcceptanceException: Error executing DDL "
    create sequence revinfo_seq start with 1 increment by 50" via JDBC [ERRO: relação "revinfo_seq" já existe]
	at org.hibernate.tool.schema.internal.exec.GenerationTargetToDatabase.accept(GenerationTargetToDatabase.java:81)
	at org.hibernate.tool.schema.internal.Helper.applySqlString(Helper.java:218)
	at org.hibernate.tool.schema.internal.Helper.applySqlStrings(Helper.java:204)
	at org.hibernate.tool.schema.internal.SchemaCreatorImpl.createSequences(SchemaCreatorImpl.java:443)
	at org.hibernate.tool.schema.internal.SchemaCreatorImpl.createSequencesTablesConstraints(SchemaCreatorImpl.java:307)
	at org.hibernate.tool.schema.internal.SchemaCreatorImpl.createFromMetadata(SchemaCreatorImpl.java:215)
	at org.hibernate.tool.schema.internal.SchemaCreatorImpl.performCreation(SchemaCreatorImpl.java:151)
	at org.hibernate.tool.schema.internal.SchemaCreatorImpl.doCreation(SchemaCreatorImpl.java:121)
	at org.hibernate.tool.schema.internal.SchemaCreatorImpl.doCreation(SchemaCreatorImpl.java:97)
	at org.hibernate.tool.schema.spi.SchemaManagementToolCoordinator.performDatabaseAction(SchemaManagementToolCoordinator.java:239)
	at org.hibernate.tool.schema.spi.SchemaManagementToolCoordinator.lambda$process$1(SchemaManagementToolCoordinator.java:101)
	at java.base/java.util.HashMap.forEach(HashMap.java:1429)
	at org.hibernate.tool.schema.spi.SchemaManagementToolCoordinator.process(SchemaManagementToolCoordinator.java:100)
	at org.hibernate.boot.internal.SessionFactoryObserverForSchemaExport.sessionFactoryCreated(SessionFactoryObserverForSchemaExport.java:35)
	at org.hibernate.internal.SessionFactoryObserverChain.sessionFactoryCreated(SessionFactoryObserverChain.java:33)
	at org.hibernate.internal.SessionFactoryImpl.<init>(SessionFactoryImpl.java:323)
	at org.hibernate.internal.SessionFactoryRegistry.instantiateSessionFactory(SessionFactoryRegistry.java:64)
	at org.hibernate.boot.internal.SessionFactoryBuilderImpl.build(SessionFactoryBuilderImpl.java:437)
	at org.hibernate.jpa.boot.internal.EntityManagerFactoryBuilderImpl.build(EntityManagerFactoryBuilderImpl.java:1456)
	at org.springframework.orm.jpa.vendor.SpringHibernateJpaPersistenceProvider.createContainerEntityManagerFactory(SpringHibernateJpaPersistenceProvider.java:93)
	at org.springframework.orm.jpa.LocalContainerEntityManagerFactoryBean.createNativeEntityManagerFactory(LocalContainerEntityManagerFactoryBean.java:443)
	at org.springframework.orm.jpa.AbstractEntityManagerFactoryBean.buildNativeEntityManagerFactory(AbstractEntityManagerFactoryBean.java:436)
	at org.springframework.orm.jpa.AbstractEntityManagerFactoryBean.afterPropertiesSet(AbstractEntityManagerFactoryBean.java:411)
	at org.springframework.orm.jpa.LocalContainerEntityManagerFactoryBean.afterPropertiesSet(LocalContainerEntityManagerFactoryBean.java:419)
	at org.springframework.beans.factory.support.AbstractAutowireCapableBeanFactory.invokeInitMethods(AbstractAutowireCapableBeanFactory.java:1862)
	at org.springframework.beans.factory.support.AbstractAutowireCapableBeanFactory.initializeBean(AbstractAutowireCapableBeanFactory.java:1811)
	at org.springframework.beans.factory.support.AbstractAutowireCapableBeanFactory.doCreateBean(AbstractAutowireCapableBeanFactory.java:603)
	at org.springframework.beans.factory.support.AbstractAutowireCapableBeanFactory.createBean(AbstractAutowireCapableBeanFactory.java:525)
	at org.springframework.beans.factory.support.AbstractBeanFactory.lambda$doGetBean$0(AbstractBeanFactory.java:333)
	at org.springframework.beans.factory.support.DefaultSingletonBeanRegistry.getSingleton(DefaultSingletonBeanRegistry.java:371)
	at org.springframework.beans.factory.support.AbstractBeanFactory.doGetBean(AbstractBeanFactory.java:331)
	at org.springframework.beans.factory.support.AbstractBeanFactory.getBean(AbstractBeanFactory.java:196)
	at org.springframework.beans.factory.support.BeanDefinitionValueResolver.resolveReference(BeanDefinitionValueResolver.java:365)
	at org.springframework.beans.factory.support.BeanDefinitionValueResolver.resolveValueIfNecessary(BeanDefinitionValueResolver.java:135)
	at org.springframework.beans.factory.support.ConstructorResolver.resolveConstructorArguments(ConstructorResolver.java:691)
	at org.springframework.beans.factory.support.ConstructorResolver.instantiateUsingFactoryMethod(ConstructorResolver.java:513)
	at org.springframework.beans.factory.support.AbstractAutowireCapableBeanFactory.instantiateUsingFactoryMethod(AbstractAutowireCapableBeanFactory.java:1360)
	at org.springframework.beans.factory.support.AbstractAutowireCapableBeanFactory.createBeanInstance(AbstractAutowireCapableBeanFactory.java:1192)
	at org.springframework.beans.factory.support.AbstractAutowireCapableBeanFactory.doCreateBean(AbstractAutowireCapableBeanFactory.java:565)
	at org.springframework.beans.factory.support.AbstractAutowireCapableBeanFactory.createBean(AbstractAutowireCapableBeanFactory.java:525)
	at org.springframework.beans.factory.support.AbstractBeanFactory.lambda$doGetBean$0(AbstractBeanFactory.java:333)
	at org.springframework.beans.factory.support.DefaultSingletonBeanRegistry.getSingleton(DefaultSingletonBeanRegistry.java:371)
	at org.springframework.beans.factory.support.AbstractBeanFactory.doGetBean(AbstractBeanFactory.java:331)
	at org.springframework.beans.factory.support.AbstractBeanFactory.getBean(AbstractBeanFactory.java:201)
	at org.springframework.beans.factory.support.BeanDefinitionValueResolver.resolveReference(BeanDefinitionValueResolver.java:356)
	at org.springframework.beans.factory.support.BeanDefinitionValueResolver.resolveValueIfNecessary(BeanDefinitionValueResolver.java:135)
	at org.springframework.beans.factory.support.AbstractAutowireCapableBeanFactory.applyPropertyValues(AbstractAutowireCapableBeanFactory.java:1710)
	at org.springframework.beans.factory.support.AbstractAutowireCapableBeanFactory.populateBean(AbstractAutowireCapableBeanFactory.java:1459)
	at org.springframework.beans.factory.support.AbstractAutowireCapableBeanFactory.doCreateBean(AbstractAutowireCapableBeanFactory.java:602)
	at org.springframework.beans.factory.support.AbstractAutowireCapableBeanFactory.createBean(AbstractAutowireCapableBeanFactory.java:525)
	at org.springframework.beans.factory.support.AbstractBeanFactory.lambda$doGetBean$0(AbstractBeanFactory.java:333)
	at org.springframework.beans.factory.support.DefaultSingletonBeanRegistry.getSingleton(DefaultSingletonBeanRegistry.java:371)
	at org.springframework.beans.factory.support.AbstractBeanFactory.doGetBean(AbstractBeanFactory.java:331)
	at org.springframework.beans.factory.support.AbstractBeanFactory.getBean(AbstractBeanFactory.java:201)
	at org.springframework.beans.factory.support.DefaultListableBeanFactory.resolveBean(DefaultListableBeanFactory.java:1232)
	at org.springframework.beans.factory.support.DefaultListableBeanFactory.doResolveDependency(DefaultListableBeanFactory.java:1711)
	at org.springframework.beans.factory.support.DefaultListableBeanFactory.resolveDependency(DefaultListableBeanFactory.java:1658)
	at org.springframework.beans.factory.support.ConstructorResolver.resolveAutowiredArgument(ConstructorResolver.java:912)
	at org.springframework.beans.factory.support.ConstructorResolver.createArgumentArray(ConstructorResolver.java:791)
	at org.springframework.beans.factory.support.ConstructorResolver.autowireConstructor(ConstructorResolver.java:240)
	at org.springframework.beans.factory.support.AbstractAutowireCapableBeanFactory.autowireConstructor(AbstractAutowireCapableBeanFactory.java:1380)
	at org.springframework.beans.factory.support.AbstractAutowireCapableBeanFactory.createBeanInstance(AbstractAutowireCapableBeanFactory.java:1219)
	at org.springframework.beans.factory.support.AbstractAutowireCapableBeanFactory.doCreateBean(AbstractAutowireCapableBeanFactory.java:565)
	at org.springframework.beans.factory.support.AbstractAutowireCapableBeanFactory.createBean(AbstractAutowireCapableBeanFactory.java:525)
	at org.springframework.beans.factory.support.AbstractBeanFactory.lambda$doGetBean$0(AbstractBeanFactory.java:333)
	at org.springframework.beans.factory.support.DefaultSingletonBeanRegistry.getSingleton(DefaultSingletonBeanRegistry.java:371)
	at org.springframework.beans.factory.support.AbstractBeanFactory.doGetBean(AbstractBeanFactory.java:331)
	at org.springframework.beans.factory.support.AbstractBeanFactory.getBean(AbstractBeanFactory.java:201)
	at org.springframework.beans.factory.config.DependencyDescriptor.resolveCandidate(DependencyDescriptor.java:229)
	at org.springframework.beans.factory.support.DefaultListableBeanFactory.doResolveDependency(DefaultListableBeanFactory.java:1769)
	at org.springframework.beans.factory.support.DefaultListableBeanFactory.resolveDependency(DefaultListableBeanFactory.java:1658)
	at org.springframework.beans.factory.support.ConstructorResolver.resolveAutowiredArgument(ConstructorResolver.java:912)
	at org.springframework.beans.factory.support.ConstructorResolver.createArgumentArray(ConstructorResolver.java:791)
	at org.springframework.beans.factory.support.ConstructorResolver.autowireConstructor(ConstructorResolver.java:240)
	at org.springframework.beans.factory.support.AbstractAutowireCapableBeanFactory.autowireConstructor(AbstractAutowireCapableBeanFactory.java:1380)
	at org.springframework.beans.factory.support.AbstractAutowireCapableBeanFactory.createBeanInstance(AbstractAutowireCapableBeanFactory.java:1219)
	at org.springframework.beans.factory.support.AbstractAutowireCapableBeanFactory.doCreateBean(AbstractAutowireCapableBeanFactory.java:565)
	at org.springframework.beans.factory.support.AbstractAutowireCapableBeanFactory.createBean(AbstractAutowireCapableBeanFactory.java:525)
	at org.springframework.beans.factory.support.AbstractBeanFactory.lambda$doGetBean$0(AbstractBeanFactory.java:333)
	at org.springframework.beans.factory.support.DefaultSingletonBeanRegistry.getSingleton(DefaultSingletonBeanRegistry.java:371)
	at org.springframework.beans.factory.support.AbstractBeanFactory.doGetBean(AbstractBeanFactory.java:331)
	at org.springframework.beans.factory.support.AbstractBeanFactory.getBean(AbstractBeanFactory.java:201)
	at org.springframework.boot.web.servlet.ServletContextInitializerBeans.getOrderedBeansOfType(ServletContextInitializerBeans.java:231)
	at org.springframework.boot.web.servlet.ServletContextInitializerBeans.addAsRegistrationBean(ServletContextInitializerBeans.java:185)
	at org.springframework.boot.web.servlet.ServletContextInitializerBeans.addAsRegistrationBean(ServletContextInitializerBeans.java:180)
	at org.springframework.boot.web.servlet.ServletContextInitializerBeans.addAdaptableBeans(ServletContextInitializerBeans.java:165)
	at org.springframework.boot.web.servlet.ServletContextInitializerBeans.<init>(ServletContextInitializerBeans.java:97)
	at org.springframework.boot.web.context.servlet.WebApplicationContextInitializer.initialize(WebApplicationContextInitializer.java:53)
	at org.springframework.boot.tomcat.servlet.DeferredServletContainerInitializers.onStartup(DeferredServletContainerInitializers.java:55)
	at org.apache.catalina.core.StandardContext.startInternal(StandardContext.java:4420)
	at org.apache.catalina.util.LifecycleBase.start(LifecycleBase.java:164)
	at org.apache.catalina.core.ContainerBase$StartChild.call(ContainerBase.java:1162)
	at org.apache.catalina.core.ContainerBase$StartChild.call(ContainerBase.java:1158)
	at java.base/java.util.concurrent.FutureTask.run(FutureTask.java:317)
	at org.apache.tomcat.util.threads.InlineExecutorService.execute(InlineExecutorService.java:81)
	at java.base/java.util.concurrent.AbstractExecutorService.submit(AbstractExecutorService.java:145)
	at org.apache.catalina.core.ContainerBase.startInternal(ContainerBase.java:714)
	at org.apache.catalina.core.StandardHost.startInternal(StandardHost.java:780)
	at org.apache.catalina.util.LifecycleBase.start(LifecycleBase.java:164)
	at org.apache.catalina.core.ContainerBase$StartChild.call(ContainerBase.java:1162)
	at org.apache.catalina.core.ContainerBase$StartChild.call(ContainerBase.java:1158)
	at java.base/java.util.concurrent.FutureTask.run(FutureTask.java:317)
	at org.apache.tomcat.util.threads.InlineExecutorService.execute(InlineExecutorService.java:81)
	at java.base/java.util.concurrent.AbstractExecutorService.submit(AbstractExecutorService.java:145)
	at org.apache.catalina.core.ContainerBase.startInternal(ContainerBase.java:714)
	at org.apache.catalina.core.StandardEngine.startInternal(StandardEngine.java:201)
	at org.apache.catalina.util.LifecycleBase.start(LifecycleBase.java:164)
	at org.apache.catalina.core.StandardService.startInternal(StandardService.java:410)
	at org.apache.catalina.util.LifecycleBase.start(LifecycleBase.java:164)
	at org.apache.catalina.core.StandardServer.startInternal(StandardServer.java:864)
	at org.apache.catalina.util.LifecycleBase.start(LifecycleBase.java:164)
	at org.apache.catalina.startup.Tomcat.start(Tomcat.java:435)
	at org.springframework.boot.tomcat.TomcatWebServer.initialize(TomcatWebServer.java:131)
	at org.springframework.boot.tomcat.TomcatWebServer.<init>(TomcatWebServer.java:110)
	at org.springframework.boot.tomcat.servlet.TomcatServletWebServerFactory.getTomcatWebServer(TomcatServletWebServerFactory.java:408)
	at org.springframework.boot.tomcat.servlet.TomcatServletWebServerFactory.getWebServer(TomcatServletWebServerFactory.java:166)
	at org.springframework.boot.web.server.servlet.context.ServletWebServerApplicationContext.createWebServer(ServletWebServerApplicationContext.java:190)
	at org.springframework.boot.web.server.servlet.context.ServletWebServerApplicationContext.onRefresh(ServletWebServerApplicationContext.java:164)
	at org.springframework.context.support.AbstractApplicationContext.refresh(AbstractApplicationContext.java:615)
	at org.springframework.boot.web.server.servlet.context.ServletWebServerApplicationContext.refresh(ServletWebServerApplicationContext.java:143)
	at org.springframework.boot.SpringApplication.refresh(SpringApplication.java:756)
	at org.springframework.boot.SpringApplication.refreshContext(SpringApplication.java:445)
	at org.springframework.boot.SpringApplication.run(SpringApplication.java:321)
	at org.springframework.boot.SpringApplication.run(SpringApplication.java:1365)
	at org.springframework.boot.SpringApplication.run(SpringApplication.java:1354)
	at com.sisco_e.escola.SiscoEApplication.main(SiscoEApplication.java:12)
	at java.base/jdk.internal.reflect.DirectMethodHandleAccessor.invoke(DirectMethodHandleAccessor.java:103)
	at java.base/java.lang.reflect.Method.invoke(Method.java:580)
	at org.springframework.boot.devtools.restart.RestartLauncher.run(RestartLauncher.java:52)
Caused by: org.postgresql.util.PSQLException: ERRO: relação "revinfo_seq" já existe
	at org.postgresql.core.v3.QueryExecutorImpl.receiveErrorResponse(QueryExecutorImpl.java:2904)
	at org.postgresql.core.v3.QueryExecutorImpl.processResults(QueryExecutorImpl.java:2589)
	at org.postgresql.core.v3.QueryExecutorImpl.execute(QueryExecutorImpl.java:431)
	at org.postgresql.jdbc.PgStatement.executeInternal(PgStatement.java:534)
	at org.postgresql.jdbc.PgStatement.execute(PgStatement.java:437)
	at org.postgresql.jdbc.PgStatement.executeWithFlags(PgStatement.java:359)
	at org.postgresql.jdbc.PgStatement.executeCachedSql(PgStatement.java:344)
	at org.postgresql.jdbc.PgStatement.executeWithFlags(PgStatement.java:320)
	at org.postgresql.jdbc.PgStatement.execute(PgStatement.java:315)
	at com.zaxxer.hikari.pool.ProxyStatement.execute(ProxyStatement.java:95)
	at com.zaxxer.hikari.pool.HikariProxyStatement.execute(HikariProxyStatement.java)
	at org.hibernate.tool.schema.internal.exec.GenerationTargetToDatabase.accept(GenerationTargetToDatabase.java:76)
	... 128 common frames omitted
2026-10-09 13:21:53 [restartedMain] WARN  o.h.t.s.i.ExceptionHandlerLoggedImpl - GenerationTarget encountered exception accepting command : Error executing DDL "
    create table revinfo (
        rev integer not null,
        revtstmp bigint,
        primary key (rev)
    )" via JDBC [ERRO: relação "revinfo" já existe]
org.hibernate.tool.schema.spi.CommandAcceptanceException: Error executing DDL "
    create table revinfo (
        rev integer not null,
        revtstmp bigint,
        primary key (rev)
    )" via JDBC [ERRO: relação "revinfo" já existe]
	at org.hibernate.tool.schema.internal.exec.GenerationTargetToDatabase.accept(GenerationTargetToDatabase.java:81)
	at org.hibernate.tool.schema.internal.Helper.applySqlString(Helper.java:218)
	at org.hibernate.tool.schema.internal.Helper.applySqlStrings(Helper.java:204)
	at org.hibernate.tool.schema.internal.SchemaCreatorImpl.createTables(SchemaCreatorImpl.java:404)
	at org.hibernate.tool.schema.internal.SchemaCreatorImpl.createSequencesTablesConstraints(SchemaCreatorImpl.java:320)
	at org.hibernate.tool.schema.internal.SchemaCreatorImpl.createFromMetadata(SchemaCreatorImpl.java:215)
	at org.hibernate.tool.schema.internal.SchemaCreatorImpl.performCreation(SchemaCreatorImpl.java:151)
	at org.hibernate.tool.schema.internal.SchemaCreatorImpl.doCreation(SchemaCreatorImpl.java:121)
	at org.hibernate.tool.schema.internal.SchemaCreatorImpl.doCreation(SchemaCreatorImpl.java:97)
	at org.hibernate.tool.schema.spi.SchemaManagementToolCoordinator.performDatabaseAction(SchemaManagementToolCoordinator.java:239)
	at org.hibernate.tool.schema.spi.SchemaManagementToolCoordinator.lambda$process$1(SchemaManagementToolCoordinator.java:101)
	at java.base/java.util.HashMap.forEach(HashMap.java:1429)
	at org.hibernate.tool.schema.spi.SchemaManagementToolCoordinator.process(SchemaManagementToolCoordinator.java:100)
	at org.hibernate.boot.internal.SessionFactoryObserverForSchemaExport.sessionFactoryCreated(SessionFactoryObserverForSchemaExport.java:35)
	at org.hibernate.internal.SessionFactoryObserverChain.sessionFactoryCreated(SessionFactoryObserverChain.java:33)
	at org.hibernate.internal.SessionFactoryImpl.<init>(SessionFactoryImpl.java:323)
	at org.hibernate.internal.SessionFactoryRegistry.instantiateSessionFactory(SessionFactoryRegistry.java:64)
	at org.hibernate.boot.internal.SessionFactoryBuilderImpl.build(SessionFactoryBuilderImpl.java:437)
	at org.hibernate.jpa.boot.internal.EntityManagerFactoryBuilderImpl.build(EntityManagerFactoryBuilderImpl.java:1456)
	at org.springframework.orm.jpa.vendor.SpringHibernateJpaPersistenceProvider.createContainerEntityManagerFactory(SpringHibernateJpaPersistenceProvider.java:93)
	at org.springframework.orm.jpa.LocalContainerEntityManagerFactoryBean.createNativeEntityManagerFactory(LocalContainerEntityManagerFactoryBean.java:443)
	at org.springframework.orm.jpa.AbstractEntityManagerFactoryBean.buildNativeEntityManagerFactory(AbstractEntityManagerFactoryBean.java:436)
	at org.springframework.orm.jpa.AbstractEntityManagerFactoryBean.afterPropertiesSet(AbstractEntityManagerFactoryBean.java:411)
	at org.springframework.orm.jpa.LocalContainerEntityManagerFactoryBean.afterPropertiesSet(LocalContainerEntityManagerFactoryBean.java:419)
	at org.springframework.beans.factory.support.AbstractAutowireCapableBeanFactory.invokeInitMethods(AbstractAutowireCapableBeanFactory.java:1862)
	at org.springframework.beans.factory.support.AbstractAutowireCapableBeanFactory.initializeBean(AbstractAutowireCapableBeanFactory.java:1811)
	at org.springframework.beans.factory.support.AbstractAutowireCapableBeanFactory.doCreateBean(AbstractAutowireCapableBeanFactory.java:603)
	at org.springframework.beans.factory.support.AbstractAutowireCapableBeanFactory.createBean(AbstractAutowireCapableBeanFactory.java:525)
	at org.springframework.beans.factory.support.AbstractBeanFactory.lambda$doGetBean$0(AbstractBeanFactory.java:333)
	at org.springframework.beans.factory.support.DefaultSingletonBeanRegistry.getSingleton(DefaultSingletonBeanRegistry.java:371)
	at org.springframework.beans.factory.support.AbstractBeanFactory.doGetBean(AbstractBeanFactory.java:331)
	at org.springframework.beans.factory.support.AbstractBeanFactory.getBean(AbstractBeanFactory.java:196)
	at org.springframework.beans.factory.support.BeanDefinitionValueResolver.resolveReference(BeanDefinitionValueResolver.java:365)
	at org.springframework.beans.factory.support.BeanDefinitionValueResolver.resolveValueIfNecessary(BeanDefinitionValueResolver.java:135)
	at org.springframework.beans.factory.support.ConstructorResolver.resolveConstructorArguments(ConstructorResolver.java:691)
	at org.springframework.beans.factory.support.ConstructorResolver.instantiateUsingFactoryMethod(ConstructorResolver.java:513)
	at org.springframework.beans.factory.support.AbstractAutowireCapableBeanFactory.instantiateUsingFactoryMethod(AbstractAutowireCapableBeanFactory.java:1360)
	at org.springframework.beans.factory.support.AbstractAutowireCapableBeanFactory.createBeanInstance(AbstractAutowireCapableBeanFactory.java:1192)
	at org.springframework.beans.factory.support.AbstractAutowireCapableBeanFactory.doCreateBean(AbstractAutowireCapableBeanFactory.java:565)
	at org.springframework.beans.factory.support.AbstractAutowireCapableBeanFactory.createBean(AbstractAutowireCapableBeanFactory.java:525)
	at org.springframework.beans.factory.support.AbstractBeanFactory.lambda$doGetBean$0(AbstractBeanFactory.java:333)
	at org.springframework.beans.factory.support.DefaultSingletonBeanRegistry.getSingleton(DefaultSingletonBeanRegistry.java:371)
	at org.springframework.beans.factory.support.AbstractBeanFactory.doGetBean(AbstractBeanFactory.java:331)
	at org.springframework.beans.factory.support.AbstractBeanFactory.getBean(AbstractBeanFactory.java:201)
	at org.springframework.beans.factory.support.BeanDefinitionValueResolver.resolveReference(BeanDefinitionValueResolver.java:356)
	at org.springframework.beans.factory.support.BeanDefinitionValueResolver.resolveValueIfNecessary(BeanDefinitionValueResolver.java:135)
	at org.springframework.beans.factory.support.AbstractAutowireCapableBeanFactory.applyPropertyValues(AbstractAutowireCapableBeanFactory.java:1710)
	at org.springframework.beans.factory.support.AbstractAutowireCapableBeanFactory.populateBean(AbstractAutowireCapableBeanFactory.java:1459)
	at org.springframework.beans.factory.support.AbstractAutowireCapableBeanFactory.doCreateBean(AbstractAutowireCapableBeanFactory.java:602)
	at org.springframework.beans.factory.support.AbstractAutowireCapableBeanFactory.createBean(AbstractAutowireCapableBeanFactory.java:525)
	at org.springframework.beans.factory.support.AbstractBeanFactory.lambda$doGetBean$0(AbstractBeanFactory.java:333)
	at org.springframework.beans.factory.support.DefaultSingletonBeanRegistry.getSingleton(DefaultSingletonBeanRegistry.java:371)
	at org.springframework.beans.factory.support.AbstractBeanFactory.doGetBean(AbstractBeanFactory.java:331)
	at org.springframework.beans.factory.support.AbstractBeanFactory.getBean(AbstractBeanFactory.java:201)
	at org.springframework.beans.factory.support.DefaultListableBeanFactory.resolveBean(DefaultListableBeanFactory.java:1232)
	at org.springframework.beans.factory.support.DefaultListableBeanFactory.doResolveDependency(DefaultListableBeanFactory.java:1711)
	at org.springframework.beans.factory.support.DefaultListableBeanFactory.resolveDependency(DefaultListableBeanFactory.java:1658)
	at org.springframework.beans.factory.support.ConstructorResolver.resolveAutowiredArgument(ConstructorResolver.java:912)
	at org.springframework.beans.factory.support.ConstructorResolver.createArgumentArray(ConstructorResolver.java:791)
	at org.springframework.beans.factory.support.ConstructorResolver.autowireConstructor(ConstructorResolver.java:240)
	at org.springframework.beans.factory.support.AbstractAutowireCapableBeanFactory.autowireConstructor(AbstractAutowireCapableBeanFactory.java:1380)
	at org.springframework.beans.factory.support.AbstractAutowireCapableBeanFactory.createBeanInstance(AbstractAutowireCapableBeanFactory.java:1219)
	at org.springframework.beans.factory.support.AbstractAutowireCapableBeanFactory.doCreateBean(AbstractAutowireCapableBeanFactory.java:565)
	at org.springframework.beans.factory.support.AbstractAutowireCapableBeanFactory.createBean(AbstractAutowireCapableBeanFactory.java:525)
	at org.springframework.beans.factory.support.AbstractBeanFactory.lambda$doGetBean$0(AbstractBeanFactory.java:333)
	at org.springframework.beans.factory.support.DefaultSingletonBeanRegistry.getSingleton(DefaultSingletonBeanRegistry.java:371)
	at org.springframework.beans.factory.support.AbstractBeanFactory.doGetBean(AbstractBeanFactory.java:331)
	at org.springframework.beans.factory.support.AbstractBeanFactory.getBean(AbstractBeanFactory.java:201)
	at org.springframework.beans.factory.config.DependencyDescriptor.resolveCandidate(DependencyDescriptor.java:229)
	at org.springframework.beans.factory.support.DefaultListableBeanFactory.doResolveDependency(DefaultListableBeanFactory.java:1769)
	at org.springframework.beans.factory.support.DefaultListableBeanFactory.resolveDependency(DefaultListableBeanFactory.java:1658)
	at org.springframework.beans.factory.support.ConstructorResolver.resolveAutowiredArgument(ConstructorResolver.java:912)
	at org.springframework.beans.factory.support.ConstructorResolver.createArgumentArray(ConstructorResolver.java:791)
	at org.springframework.beans.factory.support.ConstructorResolver.autowireConstructor(ConstructorResolver.java:240)
	at org.springframework.beans.factory.support.AbstractAutowireCapableBeanFactory.autowireConstructor(AbstractAutowireCapableBeanFactory.java:1380)
	at org.springframework.beans.factory.support.AbstractAutowireCapableBeanFactory.createBeanInstance(AbstractAutowireCapableBeanFactory.java:1219)
	at org.springframework.beans.factory.support.AbstractAutowireCapableBeanFactory.doCreateBean(AbstractAutowireCapableBeanFactory.java:565)
	at org.springframework.beans.factory.support.AbstractAutowireCapableBeanFactory.createBean(AbstractAutowireCapableBeanFactory.java:525)
	at org.springframework.beans.factory.support.AbstractBeanFactory.lambda$doGetBean$0(AbstractBeanFactory.java:333)
	at org.springframework.beans.factory.support.DefaultSingletonBeanRegistry.getSingleton(DefaultSingletonBeanRegistry.java:371)
	at org.springframework.beans.factory.support.AbstractBeanFactory.doGetBean(AbstractBeanFactory.java:331)
	at org.springframework.beans.factory.support.AbstractBeanFactory.getBean(AbstractBeanFactory.java:201)
	at org.springframework.boot.web.servlet.ServletContextInitializerBeans.getOrderedBeansOfType(ServletContextInitializerBeans.java:231)
	at org.springframework.boot.web.servlet.ServletContextInitializerBeans.addAsRegistrationBean(ServletContextInitializerBeans.java:185)
	at org.springframework.boot.web.servlet.ServletContextInitializerBeans.addAsRegistrationBean(ServletContextInitializerBeans.java:180)
	at org.springframework.boot.web.servlet.ServletContextInitializerBeans.addAdaptableBeans(ServletContextInitializerBeans.java:165)
	at org.springframework.boot.web.servlet.ServletContextInitializerBeans.<init>(ServletContextInitializerBeans.java:97)
	at org.springframework.boot.web.context.servlet.WebApplicationContextInitializer.initialize(WebApplicationContextInitializer.java:53)
	at org.springframework.boot.tomcat.servlet.DeferredServletContainerInitializers.onStartup(DeferredServletContainerInitializers.java:55)
	at org.apache.catalina.core.StandardContext.startInternal(StandardContext.java:4420)
	at org.apache.catalina.util.LifecycleBase.start(LifecycleBase.java:164)
	at org.apache.catalina.core.ContainerBase$StartChild.call(ContainerBase.java:1162)
	at org.apache.catalina.core.ContainerBase$StartChild.call(ContainerBase.java:1158)
	at java.base/java.util.concurrent.FutureTask.run(FutureTask.java:317)
	at org.apache.tomcat.util.threads.InlineExecutorService.execute(InlineExecutorService.java:81)
	at java.base/java.util.concurrent.AbstractExecutorService.submit(AbstractExecutorService.java:145)
	at org.apache.catalina.core.ContainerBase.startInternal(ContainerBase.java:714)
	at org.apache.catalina.core.StandardHost.startInternal(StandardHost.java:780)
	at org.apache.catalina.util.LifecycleBase.start(LifecycleBase.java:164)
	at org.apache.catalina.core.ContainerBase$StartChild.call(ContainerBase.java:1162)
	at org.apache.catalina.core.ContainerBase$StartChild.call(ContainerBase.java:1158)
	at java.base/java.util.concurrent.FutureTask.run(FutureTask.java:317)
	at org.apache.tomcat.util.threads.InlineExecutorService.execute(InlineExecutorService.java:81)
	at java.base/java.util.concurrent.AbstractExecutorService.submit(AbstractExecutorService.java:145)
	at org.apache.catalina.core.ContainerBase.startInternal(ContainerBase.java:714)
	at org.apache.catalina.core.StandardEngine.startInternal(StandardEngine.java:201)
	at org.apache.catalina.util.LifecycleBase.start(LifecycleBase.java:164)
	at org.apache.catalina.core.StandardService.startInternal(StandardService.java:410)
	at org.apache.catalina.util.LifecycleBase.start(LifecycleBase.java:164)
	at org.apache.catalina.core.StandardServer.startInternal(StandardServer.java:864)
	at org.apache.catalina.util.LifecycleBase.start(LifecycleBase.java:164)
	at org.apache.catalina.startup.Tomcat.start(Tomcat.java:435)
	at org.springframework.boot.tomcat.TomcatWebServer.initialize(TomcatWebServer.java:131)
	at org.springframework.boot.tomcat.TomcatWebServer.<init>(TomcatWebServer.java:110)
	at org.springframework.boot.tomcat.servlet.TomcatServletWebServerFactory.getTomcatWebServer(TomcatServletWebServerFactory.java:408)
	at org.springframework.boot.tomcat.servlet.TomcatServletWebServerFactory.getWebServer(TomcatServletWebServerFactory.java:166)
	at org.springframework.boot.web.server.servlet.context.ServletWebServerApplicationContext.createWebServer(ServletWebServerApplicationContext.java:190)
	at org.springframework.boot.web.server.servlet.context.ServletWebServerApplicationContext.onRefresh(ServletWebServerApplicationContext.java:164)
	at org.springframework.context.support.AbstractApplicationContext.refresh(AbstractApplicationContext.java:615)
	at org.springframework.boot.web.server.servlet.context.ServletWebServerApplicationContext.refresh(ServletWebServerApplicationContext.java:143)
	at org.springframework.boot.SpringApplication.refresh(SpringApplication.java:756)
	at org.springframework.boot.SpringApplication.refreshContext(SpringApplication.java:445)
	at org.springframework.boot.SpringApplication.run(SpringApplication.java:321)
	at org.springframework.boot.SpringApplication.run(SpringApplication.java:1365)
	at org.springframework.boot.SpringApplication.run(SpringApplication.java:1354)
	at com.sisco_e.escola.SiscoEApplication.main(SiscoEApplication.java:12)
	at java.base/jdk.internal.reflect.DirectMethodHandleAccessor.invoke(DirectMethodHandleAccessor.java:103)
	at java.base/java.lang.reflect.Method.invoke(Method.java:580)
	at org.springframework.boot.devtools.restart.RestartLauncher.run(RestartLauncher.java:52)
Caused by: org.postgresql.util.PSQLException: ERRO: relação "revinfo" já existe
	at org.postgresql.core.v3.QueryExecutorImpl.receiveErrorResponse(QueryExecutorImpl.java:2904)
	at org.postgresql.core.v3.QueryExecutorImpl.processResults(QueryExecutorImpl.java:2589)
	at org.postgresql.core.v3.QueryExecutorImpl.execute(QueryExecutorImpl.java:431)
	at org.postgresql.jdbc.PgStatement.executeInternal(PgStatement.java:534)
	at org.postgresql.jdbc.PgStatement.execute(PgStatement.java:437)
	at org.postgresql.jdbc.PgStatement.executeWithFlags(PgStatement.java:359)
	at org.postgresql.jdbc.PgStatement.executeCachedSql(PgStatement.java:344)
	at org.postgresql.jdbc.PgStatement.executeWithFlags(PgStatement.java:320)
	at org.postgresql.jdbc.PgStatement.execute(PgStatement.java:315)
	at com.zaxxer.hikari.pool.ProxyStatement.execute(ProxyStatement.java:95)
	at com.zaxxer.hikari.pool.HikariProxyStatement.execute(HikariProxyStatement.java)
	at org.hibernate.tool.schema.internal.exec.GenerationTargetToDatabase.accept(GenerationTargetToDatabase.java:76)
	... 128 common frames omitted
2026-10-09 13:21:53 [restartedMain] WARN  o.h.t.s.i.ExceptionHandlerLoggedImpl - GenerationTarget encountered exception accepting command : Error executing DDL "
    alter table if exists siscoescola.tb_diretor 
       add constraint FKtr3627c4xppn6f78ux9kek0ot 
       foreign key (escola_uuid) 
       references siscoescola.tb_escola" via JDBC [ERRO: restrição "fktr3627c4xppn6f78ux9kek0ot" para relação "tb_diretor" já existe]
org.hibernate.tool.schema.spi.CommandAcceptanceException: Error executing DDL "
    alter table if exists siscoescola.tb_diretor 
       add constraint FKtr3627c4xppn6f78ux9kek0ot 
       foreign key (escola_uuid) 
       references siscoescola.tb_escola" via JDBC [ERRO: restrição "fktr3627c4xppn6f78ux9kek0ot" para relação "tb_diretor" já existe]
	at org.hibernate.tool.schema.internal.exec.GenerationTargetToDatabase.accept(GenerationTargetToDatabase.java:81)
	at org.hibernate.tool.schema.internal.Helper.applySqlString(Helper.java:218)
	at org.hibernate.tool.schema.internal.Helper.applySqlStrings(Helper.java:204)
	at org.hibernate.tool.schema.internal.SchemaCreatorImpl.createForeignKeys(SchemaCreatorImpl.java:281)
	at org.hibernate.tool.schema.internal.SchemaCreatorImpl.createFromMetadata(SchemaCreatorImpl.java:227)
	at org.hibernate.tool.schema.internal.SchemaCreatorImpl.performCreation(SchemaCreatorImpl.java:151)
	at org.hibernate.tool.schema.internal.SchemaCreatorImpl.doCreation(SchemaCreatorImpl.java:121)
	at org.hibernate.tool.schema.internal.SchemaCreatorImpl.doCreation(SchemaCreatorImpl.java:97)
	at org.hibernate.tool.schema.spi.SchemaManagementToolCoordinator.performDatabaseAction(SchemaManagementToolCoordinator.java:239)
	at org.hibernate.tool.schema.spi.SchemaManagementToolCoordinator.lambda$process$1(SchemaManagementToolCoordinator.java:101)
	at java.base/java.util.HashMap.forEach(HashMap.java:1429)
	at org.hibernate.tool.schema.spi.SchemaManagementToolCoordinator.process(SchemaManagementToolCoordinator.java:100)
	at org.hibernate.boot.internal.SessionFactoryObserverForSchemaExport.sessionFactoryCreated(SessionFactoryObserverForSchemaExport.java:35)
	at org.hibernate.internal.SessionFactoryObserverChain.sessionFactoryCreated(SessionFactoryObserverChain.java:33)
	at org.hibernate.internal.SessionFactoryImpl.<init>(SessionFactoryImpl.java:323)
	at org.hibernate.internal.SessionFactoryRegistry.instantiateSessionFactory(SessionFactoryRegistry.java:64)
	at org.hibernate.boot.internal.SessionFactoryBuilderImpl.build(SessionFactoryBuilderImpl.java:437)
	at org.hibernate.jpa.boot.internal.EntityManagerFactoryBuilderImpl.build(EntityManagerFactoryBuilderImpl.java:1456)
	at org.springframework.orm.jpa.vendor.SpringHibernateJpaPersistenceProvider.createContainerEntityManagerFactory(SpringHibernateJpaPersistenceProvider.java:93)
	at org.springframework.orm.jpa.LocalContainerEntityManagerFactoryBean.createNativeEntityManagerFactory(LocalContainerEntityManagerFactoryBean.java:443)
	at org.springframework.orm.jpa.AbstractEntityManagerFactoryBean.buildNativeEntityManagerFactory(AbstractEntityManagerFactoryBean.java:436)
	at org.springframework.orm.jpa.AbstractEntityManagerFactoryBean.afterPropertiesSet(AbstractEntityManagerFactoryBean.java:411)
	at org.springframework.orm.jpa.LocalContainerEntityManagerFactoryBean.afterPropertiesSet(LocalContainerEntityManagerFactoryBean.java:419)
	at org.springframework.beans.factory.support.AbstractAutowireCapableBeanFactory.invokeInitMethods(AbstractAutowireCapableBeanFactory.java:1862)
	at org.springframework.beans.factory.support.AbstractAutowireCapableBeanFactory.initializeBean(AbstractAutowireCapableBeanFactory.java:1811)
	at org.springframework.beans.factory.support.AbstractAutowireCapableBeanFactory.doCreateBean(AbstractAutowireCapableBeanFactory.java:603)
	at org.springframework.beans.factory.support.AbstractAutowireCapableBeanFactory.createBean(AbstractAutowireCapableBeanFactory.java:525)
	at org.springframework.beans.factory.support.AbstractBeanFactory.lambda$doGetBean$0(AbstractBeanFactory.java:333)
	at org.springframework.beans.factory.support.DefaultSingletonBeanRegistry.getSingleton(DefaultSingletonBeanRegistry.java:371)
	at org.springframework.beans.factory.support.AbstractBeanFactory.doGetBean(AbstractBeanFactory.java:331)
	at org.springframework.beans.factory.support.AbstractBeanFactory.getBean(AbstractBeanFactory.java:196)
	at org.springframework.beans.factory.support.BeanDefinitionValueResolver.resolveReference(BeanDefinitionValueResolver.java:365)
	at org.springframework.beans.factory.support.BeanDefinitionValueResolver.resolveValueIfNecessary(BeanDefinitionValueResolver.java:135)
	at org.springframework.beans.factory.support.ConstructorResolver.resolveConstructorArguments(ConstructorResolver.java:691)
	at org.springframework.beans.factory.support.ConstructorResolver.instantiateUsingFactoryMethod(ConstructorResolver.java:513)
	at org.springframework.beans.factory.support.AbstractAutowireCapableBeanFactory.instantiateUsingFactoryMethod(AbstractAutowireCapableBeanFactory.java:1360)
	at org.springframework.beans.factory.support.AbstractAutowireCapableBeanFactory.createBeanInstance(AbstractAutowireCapableBeanFactory.java:1192)
	at org.springframework.beans.factory.support.AbstractAutowireCapableBeanFactory.doCreateBean(AbstractAutowireCapableBeanFactory.java:565)
	at org.springframework.beans.factory.support.AbstractAutowireCapableBeanFactory.createBean(AbstractAutowireCapableBeanFactory.java:525)
	at org.springframework.beans.factory.support.AbstractBeanFactory.lambda$doGetBean$0(AbstractBeanFactory.java:333)
	at org.springframework.beans.factory.support.DefaultSingletonBeanRegistry.getSingleton(DefaultSingletonBeanRegistry.java:371)
	at org.springframework.beans.factory.support.AbstractBeanFactory.doGetBean(AbstractBeanFactory.java:331)
	at org.springframework.beans.factory.support.AbstractBeanFactory.getBean(AbstractBeanFactory.java:201)
	at org.springframework.beans.factory.support.BeanDefinitionValueResolver.resolveReference(BeanDefinitionValueResolver.java:356)
	at org.springframework.beans.factory.support.BeanDefinitionValueResolver.resolveValueIfNecessary(BeanDefinitionValueResolver.java:135)
	at org.springframework.beans.factory.support.AbstractAutowireCapableBeanFactory.applyPropertyValues(AbstractAutowireCapableBeanFactory.java:1710)
	at org.springframework.beans.factory.support.AbstractAutowireCapableBeanFactory.populateBean(AbstractAutowireCapableBeanFactory.java:1459)
	at org.springframework.beans.factory.support.AbstractAutowireCapableBeanFactory.doCreateBean(AbstractAutowireCapableBeanFactory.java:602)
	at org.springframework.beans.factory.support.AbstractAutowireCapableBeanFactory.createBean(AbstractAutowireCapableBeanFactory.java:525)
	at org.springframework.beans.factory.support.AbstractBeanFactory.lambda$doGetBean$0(AbstractBeanFactory.java:333)
	at org.springframework.beans.factory.support.DefaultSingletonBeanRegistry.getSingleton(DefaultSingletonBeanRegistry.java:371)
	at org.springframework.beans.factory.support.AbstractBeanFactory.doGetBean(AbstractBeanFactory.java:331)
	at org.springframework.beans.factory.support.AbstractBeanFactory.getBean(AbstractBeanFactory.java:201)
	at org.springframework.beans.factory.support.DefaultListableBeanFactory.resolveBean(DefaultListableBeanFactory.java:1232)
	at org.springframework.beans.factory.support.DefaultListableBeanFactory.doResolveDependency(DefaultListableBeanFactory.java:1711)
	at org.springframework.beans.factory.support.DefaultListableBeanFactory.resolveDependency(DefaultListableBeanFactory.java:1658)
	at org.springframework.beans.factory.support.ConstructorResolver.resolveAutowiredArgument(ConstructorResolver.java:912)
	at org.springframework.beans.factory.support.ConstructorResolver.createArgumentArray(ConstructorResolver.java:791)
	at org.springframework.beans.factory.support.ConstructorResolver.autowireConstructor(ConstructorResolver.java:240)
	at org.springframework.beans.factory.support.AbstractAutowireCapableBeanFactory.autowireConstructor(AbstractAutowireCapableBeanFactory.java:1380)
	at org.springframework.beans.factory.support.AbstractAutowireCapableBeanFactory.createBeanInstance(AbstractAutowireCapableBeanFactory.java:1219)
	at org.springframework.beans.factory.support.AbstractAutowireCapableBeanFactory.doCreateBean(AbstractAutowireCapableBeanFactory.java:565)
	at org.springframework.beans.factory.support.AbstractAutowireCapableBeanFactory.createBean(AbstractAutowireCapableBeanFactory.java:525)
	at org.springframework.beans.factory.support.AbstractBeanFactory.lambda$doGetBean$0(AbstractBeanFactory.java:333)
	at org.springframework.beans.factory.support.DefaultSingletonBeanRegistry.getSingleton(DefaultSingletonBeanRegistry.java:371)
	at org.springframework.beans.factory.support.AbstractBeanFactory.doGetBean(AbstractBeanFactory.java:331)
	at org.springframework.beans.factory.support.AbstractBeanFactory.getBean(AbstractBeanFactory.java:201)
	at org.springframework.beans.factory.config.DependencyDescriptor.resolveCandidate(DependencyDescriptor.java:229)
	at org.springframework.beans.factory.support.DefaultListableBeanFactory.doResolveDependency(DefaultListableBeanFactory.java:1769)
	at org.springframework.beans.factory.support.DefaultListableBeanFactory.resolveDependency(DefaultListableBeanFactory.java:1658)
	at org.springframework.beans.factory.support.ConstructorResolver.resolveAutowiredArgument(ConstructorResolver.java:912)
	at org.springframework.beans.factory.support.ConstructorResolver.createArgumentArray(ConstructorResolver.java:791)
	at org.springframework.beans.factory.support.ConstructorResolver.autowireConstructor(ConstructorResolver.java:240)
	at org.springframework.beans.factory.support.AbstractAutowireCapableBeanFactory.autowireConstructor(AbstractAutowireCapableBeanFactory.java:1380)
	at org.springframework.beans.factory.support.AbstractAutowireCapableBeanFactory.createBeanInstance(AbstractAutowireCapableBeanFactory.java:1219)
	at org.springframework.beans.factory.support.AbstractAutowireCapableBeanFactory.doCreateBean(AbstractAutowireCapableBeanFactory.java:565)
	at org.springframework.beans.factory.support.AbstractAutowireCapableBeanFactory.createBean(AbstractAutowireCapableBeanFactory.java:525)
	at org.springframework.beans.factory.support.AbstractBeanFactory.lambda$doGetBean$0(AbstractBeanFactory.java:333)
	at org.springframework.beans.factory.support.DefaultSingletonBeanRegistry.getSingleton(DefaultSingletonBeanRegistry.java:371)
	at org.springframework.beans.factory.support.AbstractBeanFactory.doGetBean(AbstractBeanFactory.java:331)
	at org.springframework.beans.factory.support.AbstractBeanFactory.getBean(AbstractBeanFactory.java:201)
	at org.springframework.boot.web.servlet.ServletContextInitializerBeans.getOrderedBeansOfType(ServletContextInitializerBeans.java:231)
	at org.springframework.boot.web.servlet.ServletContextInitializerBeans.addAsRegistrationBean(ServletContextInitializerBeans.java:185)
	at org.springframework.boot.web.servlet.ServletContextInitializerBeans.addAsRegistrationBean(ServletContextInitializerBeans.java:180)
	at org.springframework.boot.web.servlet.ServletContextInitializerBeans.addAdaptableBeans(ServletContextInitializerBeans.java:165)
	at org.springframework.boot.web.servlet.ServletContextInitializerBeans.<init>(ServletContextInitializerBeans.java:97)
	at org.springframework.boot.web.context.servlet.WebApplicationContextInitializer.initialize(WebApplicationContextInitializer.java:53)
	at org.springframework.boot.tomcat.servlet.DeferredServletContainerInitializers.onStartup(DeferredServletContainerInitializers.java:55)
	at org.apache.catalina.core.StandardContext.startInternal(StandardContext.java:4420)
	at org.apache.catalina.util.LifecycleBase.start(LifecycleBase.java:164)
	at org.apache.catalina.core.ContainerBase$StartChild.call(ContainerBase.java:1162)
	at org.apache.catalina.core.ContainerBase$StartChild.call(ContainerBase.java:1158)
	at java.base/java.util.concurrent.FutureTask.run(FutureTask.java:317)
	at org.apache.tomcat.util.threads.InlineExecutorService.execute(InlineExecutorService.java:81)
	at java.base/java.util.concurrent.AbstractExecutorService.submit(AbstractExecutorService.java:145)
	at org.apache.catalina.core.ContainerBase.startInternal(ContainerBase.java:714)
	at org.apache.catalina.core.StandardHost.startInternal(StandardHost.java:780)
	at org.apache.catalina.util.LifecycleBase.start(LifecycleBase.java:164)
	at org.apache.catalina.core.ContainerBase$StartChild.call(ContainerBase.java:1162)
	at org.apache.catalina.core.ContainerBase$StartChild.call(ContainerBase.java:1158)
	at java.base/java.util.concurrent.FutureTask.run(FutureTask.java:317)
	at org.apache.tomcat.util.threads.InlineExecutorService.execute(InlineExecutorService.java:81)
	at java.base/java.util.concurrent.AbstractExecutorService.submit(AbstractExecutorService.java:145)
	at org.apache.catalina.core.ContainerBase.startInternal(ContainerBase.java:714)
	at org.apache.catalina.core.StandardEngine.startInternal(StandardEngine.java:201)
	at org.apache.catalina.util.LifecycleBase.start(LifecycleBase.java:164)
	at org.apache.catalina.core.StandardService.startInternal(StandardService.java:410)
	at org.apache.catalina.util.LifecycleBase.start(LifecycleBase.java:164)
	at org.apache.catalina.core.StandardServer.startInternal(StandardServer.java:864)
	at org.apache.catalina.util.LifecycleBase.start(LifecycleBase.java:164)
	at org.apache.catalina.startup.Tomcat.start(Tomcat.java:435)
	at org.springframework.boot.tomcat.TomcatWebServer.initialize(TomcatWebServer.java:131)
	at org.springframework.boot.tomcat.TomcatWebServer.<init>(TomcatWebServer.java:110)
	at org.springframework.boot.tomcat.servlet.TomcatServletWebServerFactory.getTomcatWebServer(TomcatServletWebServerFactory.java:408)
	at org.springframework.boot.tomcat.servlet.TomcatServletWebServerFactory.getWebServer(TomcatServletWebServerFactory.java:166)
	at org.springframework.boot.web.server.servlet.context.ServletWebServerApplicationContext.createWebServer(ServletWebServerApplicationContext.java:190)
	at org.springframework.boot.web.server.servlet.context.ServletWebServerApplicationContext.onRefresh(ServletWebServerApplicationContext.java:164)
	at org.springframework.context.support.AbstractApplicationContext.refresh(AbstractApplicationContext.java:615)
	at org.springframework.boot.web.server.servlet.context.ServletWebServerApplicationContext.refresh(ServletWebServerApplicationContext.java:143)
	at org.springframework.boot.SpringApplication.refresh(SpringApplication.java:756)
	at org.springframework.boot.SpringApplication.refreshContext(SpringApplication.java:445)
	at org.springframework.boot.SpringApplication.run(SpringApplication.java:321)
	at org.springframework.boot.SpringApplication.run(SpringApplication.java:1365)
	at org.springframework.boot.SpringApplication.run(SpringApplication.java:1354)
	at com.sisco_e.escola.SiscoEApplication.main(SiscoEApplication.java:12)
	at java.base/jdk.internal.reflect.DirectMethodHandleAccessor.invoke(DirectMethodHandleAccessor.java:103)
	at java.base/java.lang.reflect.Method.invoke(Method.java:580)
	at org.springframework.boot.devtools.restart.RestartLauncher.run(RestartLauncher.java:52)
Caused by: org.postgresql.util.PSQLException: ERRO: restrição "fktr3627c4xppn6f78ux9kek0ot" para relação "tb_diretor" já existe
	at org.postgresql.core.v3.QueryExecutorImpl.receiveErrorResponse(QueryExecutorImpl.java:2904)
	at org.postgresql.core.v3.QueryExecutorImpl.processResults(QueryExecutorImpl.java:2589)
	at org.postgresql.core.v3.QueryExecutorImpl.execute(QueryExecutorImpl.java:431)
	at org.postgresql.jdbc.PgStatement.executeInternal(PgStatement.java:534)
	at org.postgresql.jdbc.PgStatement.execute(PgStatement.java:437)
	at org.postgresql.jdbc.PgStatement.executeWithFlags(PgStatement.java:359)
	at org.postgresql.jdbc.PgStatement.executeCachedSql(PgStatement.java:344)
	at org.postgresql.jdbc.PgStatement.executeWithFlags(PgStatement.java:320)
	at org.postgresql.jdbc.PgStatement.execute(PgStatement.java:315)
	at com.zaxxer.hikari.pool.ProxyStatement.execute(ProxyStatement.java:95)
	at com.zaxxer.hikari.pool.HikariProxyStatement.execute(HikariProxyStatement.java)
	at org.hibernate.tool.schema.internal.exec.GenerationTargetToDatabase.accept(GenerationTargetToDatabase.java:76)
	... 127 common frames omitted
2026-10-09 13:21:53 [restartedMain] WARN  o.h.t.s.i.ExceptionHandlerLoggedImpl - GenerationTarget encountered exception accepting command : Error executing DDL "
    alter table if exists siscoescola.tb_link_internet 
       add constraint FKbpujcjql7m3e4biq28wtq5lte 
       foreign key (uuid_contrato_net) 
       references siscoescola.tb_contrato_net" via JDBC [ERRO: relação "siscoescola.tb_contrato_net" não existe]
org.hibernate.tool.schema.spi.CommandAcceptanceException: Error executing DDL "
    alter table if exists siscoescola.tb_link_internet 
       add constraint FKbpujcjql7m3e4biq28wtq5lte 
       foreign key (uuid_contrato_net) 
       references siscoescola.tb_contrato_net" via JDBC [ERRO: relação "siscoescola.tb_contrato_net" não existe]
	at org.hibernate.tool.schema.internal.exec.GenerationTargetToDatabase.accept(GenerationTargetToDatabase.java:81) ~[hibernate-core-7.2.19.Final.jar:7.2.19.Final]
	at org.hibernate.tool.schema.internal.Helper.applySqlString(Helper.java:218) ~[hibernate-core-7.2.19.Final.jar:7.2.19.Final]
	at org.hibernate.tool.schema.internal.Helper.applySqlStrings(Helper.java:204) ~[hibernate-core-7.2.19.Final.jar:7.2.19.Final]
	at org.hibernate.tool.schema.internal.SchemaCreatorImpl.createForeignKeys(SchemaCreatorImpl.java:281) ~[hibernate-core-7.2.19.Final.jar:7.2.19.Final]
	at org.hibernate.tool.schema.internal.SchemaCreatorImpl.createFromMetadata(SchemaCreatorImpl.java:227) ~[hibernate-core-7.2.19.Final.jar:7.2.19.Final]
	at org.hibernate.tool.schema.internal.SchemaCreatorImpl.performCreation(SchemaCreatorImpl.java:151) ~[hibernate-core-7.2.19.Final.jar:7.2.19.Final]
	at org.hibernate.tool.schema.internal.SchemaCreatorImpl.doCreation(SchemaCreatorImpl.java:121) ~[hibernate-core-7.2.19.Final.jar:7.2.19.Final]
	at org.hibernate.tool.schema.internal.SchemaCreatorImpl.doCreation(SchemaCreatorImpl.java:97) ~[hibernate-core-7.2.19.Final.jar:7.2.19.Final]
	at org.hibernate.tool.schema.spi.SchemaManagementToolCoordinator.performDatabaseAction(SchemaManagementToolCoordinator.java:239) ~[hibernate-core-7.2.19.Final.jar:7.2.19.Final]
	at org.hibernate.tool.schema.spi.SchemaManagementToolCoordinator.lambda$process$1(SchemaManagementToolCoordinator.java:101) ~[hibernate-core-7.2.19.Final.jar:7.2.19.Final]
	at java.base/java.util.HashMap.forEach(HashMap.java:1429) ~[na:na]
	at org.hibernate.tool.schema.spi.SchemaManagementToolCoordinator.process(SchemaManagementToolCoordinator.java:100) ~[hibernate-core-7.2.19.Final.jar:7.2.19.Final]
	at org.hibernate.boot.internal.SessionFactoryObserverForSchemaExport.sessionFactoryCreated(SessionFactoryObserverForSchemaExport.java:35) ~[hibernate-core-7.2.19.Final.jar:7.2.19.Final]
	at org.hibernate.internal.SessionFactoryObserverChain.sessionFactoryCreated(SessionFactoryObserverChain.java:33) ~[hibernate-core-7.2.19.Final.jar:7.2.19.Final]
	at org.hibernate.internal.SessionFactoryImpl.<init>(SessionFactoryImpl.java:323) ~[hibernate-core-7.2.19.Final.jar:7.2.19.Final]
	at org.hibernate.internal.SessionFactoryRegistry.instantiateSessionFactory(SessionFactoryRegistry.java:64) ~[hibernate-core-7.2.19.Final.jar:7.2.19.Final]
	at org.hibernate.boot.internal.SessionFactoryBuilderImpl.build(SessionFactoryBuilderImpl.java:437) ~[hibernate-core-7.2.19.Final.jar:7.2.19.Final]
	at org.hibernate.jpa.boot.internal.EntityManagerFactoryBuilderImpl.build(EntityManagerFactoryBuilderImpl.java:1456) ~[hibernate-core-7.2.19.Final.jar:7.2.19.Final]
	at org.springframework.orm.jpa.vendor.SpringHibernateJpaPersistenceProvider.createContainerEntityManagerFactory(SpringHibernateJpaPersistenceProvider.java:93) ~[spring-orm-7.0.8.jar:7.0.8]
	at org.springframework.orm.jpa.LocalContainerEntityManagerFactoryBean.createNativeEntityManagerFactory(LocalContainerEntityManagerFactoryBean.java:443) ~[spring-orm-7.0.8.jar:7.0.8]
	at org.springframework.orm.jpa.AbstractEntityManagerFactoryBean.buildNativeEntityManagerFactory(AbstractEntityManagerFactoryBean.java:436) ~[spring-orm-7.0.8.jar:7.0.8]
	at org.springframework.orm.jpa.AbstractEntityManagerFactoryBean.afterPropertiesSet(AbstractEntityManagerFactoryBean.java:411) ~[spring-orm-7.0.8.jar:7.0.8]
	at org.springframework.orm.jpa.LocalContainerEntityManagerFactoryBean.afterPropertiesSet(LocalContainerEntityManagerFactoryBean.java:419) ~[spring-orm-7.0.8.jar:7.0.8]
	at org.springframework.beans.factory.support.AbstractAutowireCapableBeanFactory.invokeInitMethods(AbstractAutowireCapableBeanFactory.java:1862) ~[spring-beans-7.0.8.jar:7.0.8]
	at org.springframework.beans.factory.support.AbstractAutowireCapableBeanFactory.initializeBean(AbstractAutowireCapableBeanFactory.java:1811) ~[spring-beans-7.0.8.jar:7.0.8]
	at org.springframework.beans.factory.support.AbstractAutowireCapableBeanFactory.doCreateBean(AbstractAutowireCapableBeanFactory.java:603) ~[spring-beans-7.0.8.jar:7.0.8]
	at org.springframework.beans.factory.support.AbstractAutowireCapableBeanFactory.createBean(AbstractAutowireCapableBeanFactory.java:525) ~[spring-beans-7.0.8.jar:7.0.8]
	at org.springframework.beans.factory.support.AbstractBeanFactory.lambda$doGetBean$0(AbstractBeanFactory.java:333) ~[spring-beans-7.0.8.jar:7.0.8]
	at org.springframework.beans.factory.support.DefaultSingletonBeanRegistry.getSingleton(DefaultSingletonBeanRegistry.java:371) ~[spring-beans-7.0.8.jar:7.0.8]
	at org.springframework.beans.factory.support.AbstractBeanFactory.doGetBean(AbstractBeanFactory.java:331) ~[spring-beans-7.0.8.jar:7.0.8]
	at org.springframework.beans.factory.support.AbstractBeanFactory.getBean(AbstractBeanFactory.java:196) ~[spring-beans-7.0.8.jar:7.0.8]
	at org.springframework.beans.factory.support.BeanDefinitionValueResolver.resolveReference(BeanDefinitionValueResolver.java:365) ~[spring-beans-7.0.8.jar:7.0.8]
	at org.springframework.beans.factory.support.BeanDefinitionValueResolver.resolveValueIfNecessary(BeanDefinitionValueResolver.java:135) ~[spring-beans-7.0.8.jar:7.0.8]
	at org.springframework.beans.factory.support.ConstructorResolver.resolveConstructorArguments(ConstructorResolver.java:691) ~[spring-beans-7.0.8.jar:7.0.8]
	at org.springframework.beans.factory.support.ConstructorResolver.instantiateUsingFactoryMethod(ConstructorResolver.java:513) ~[spring-beans-7.0.8.jar:7.0.8]
	at org.springframework.beans.factory.support.AbstractAutowireCapableBeanFactory.instantiateUsingFactoryMethod(AbstractAutowireCapableBeanFactory.java:1360) ~[spring-beans-7.0.8.jar:7.0.8]
	at org.springframework.beans.factory.support.AbstractAutowireCapableBeanFactory.createBeanInstance(AbstractAutowireCapableBeanFactory.java:1192) ~[spring-beans-7.0.8.jar:7.0.8]
	at org.springframework.beans.factory.support.AbstractAutowireCapableBeanFactory.doCreateBean(AbstractAutowireCapableBeanFactory.java:565) ~[spring-beans-7.0.8.jar:7.0.8]
	at org.springframework.beans.factory.support.AbstractAutowireCapableBeanFactory.createBean(AbstractAutowireCapableBeanFactory.java:525) ~[spring-beans-7.0.8.jar:7.0.8]
	at org.springframework.beans.factory.support.AbstractBeanFactory.lambda$doGetBean$0(AbstractBeanFactory.java:333) ~[spring-beans-7.0.8.jar:7.0.8]
	at org.springframework.beans.factory.support.DefaultSingletonBeanRegistry.getSingleton(DefaultSingletonBeanRegistry.java:371) ~[spring-beans-7.0.8.jar:7.0.8]
	at org.springframework.beans.factory.support.AbstractBeanFactory.doGetBean(AbstractBeanFactory.java:331) ~[spring-beans-7.0.8.jar:7.0.8]
	at org.springframework.beans.factory.support.AbstractBeanFactory.getBean(AbstractBeanFactory.java:201) ~[spring-beans-7.0.8.jar:7.0.8]
	at org.springframework.beans.factory.support.BeanDefinitionValueResolver.resolveReference(BeanDefinitionValueResolver.java:356) ~[spring-beans-7.0.8.jar:7.0.8]
	at org.springframework.beans.factory.support.BeanDefinitionValueResolver.resolveValueIfNecessary(BeanDefinitionValueResolver.java:135) ~[spring-beans-7.0.8.jar:7.0.8]
	at org.springframework.beans.factory.support.AbstractAutowireCapableBeanFactory.applyPropertyValues(AbstractAutowireCapableBeanFactory.java:1710) ~[spring-beans-7.0.8.jar:7.0.8]
	at org.springframework.beans.factory.support.AbstractAutowireCapableBeanFactory.populateBean(AbstractAutowireCapableBeanFactory.java:1459) ~[spring-beans-7.0.8.jar:7.0.8]
	at org.springframework.beans.factory.support.AbstractAutowireCapableBeanFactory.doCreateBean(AbstractAutowireCapableBeanFactory.java:602) ~[spring-beans-7.0.8.jar:7.0.8]
	at org.springframework.beans.factory.support.AbstractAutowireCapableBeanFactory.createBean(AbstractAutowireCapableBeanFactory.java:525) ~[spring-beans-7.0.8.jar:7.0.8]
	at org.springframework.beans.factory.support.AbstractBeanFactory.lambda$doGetBean$0(AbstractBeanFactory.java:333) ~[spring-beans-7.0.8.jar:7.0.8]
	at org.springframework.beans.factory.support.DefaultSingletonBeanRegistry.getSingleton(DefaultSingletonBeanRegistry.java:371) ~[spring-beans-7.0.8.jar:7.0.8]
	at org.springframework.beans.factory.support.AbstractBeanFactory.doGetBean(AbstractBeanFactory.java:331) ~[spring-beans-7.0.8.jar:7.0.8]
	at org.springframework.beans.factory.support.AbstractBeanFactory.getBean(AbstractBeanFactory.java:201) ~[spring-beans-7.0.8.jar:7.0.8]
	at org.springframework.beans.factory.support.DefaultListableBeanFactory.resolveBean(DefaultListableBeanFactory.java:1232) ~[spring-beans-7.0.8.jar:7.0.8]
	at org.springframework.beans.factory.support.DefaultListableBeanFactory.doResolveDependency(DefaultListableBeanFactory.java:1711) ~[spring-beans-7.0.8.jar:7.0.8]
	at org.springframework.beans.factory.support.DefaultListableBeanFactory.resolveDependency(DefaultListableBeanFactory.java:1658) ~[spring-beans-7.0.8.jar:7.0.8]
	at org.springframework.beans.factory.support.ConstructorResolver.resolveAutowiredArgument(ConstructorResolver.java:912) ~[spring-beans-7.0.8.jar:7.0.8]
	at org.springframework.beans.factory.support.ConstructorResolver.createArgumentArray(ConstructorResolver.java:791) ~[spring-beans-7.0.8.jar:7.0.8]
	at org.springframework.beans.factory.support.ConstructorResolver.autowireConstructor(ConstructorResolver.java:240) ~[spring-beans-7.0.8.jar:7.0.8]
	at org.springframework.beans.factory.support.AbstractAutowireCapableBeanFactory.autowireConstructor(AbstractAutowireCapableBeanFactory.java:1380) ~[spring-beans-7.0.8.jar:7.0.8]
	at org.springframework.beans.factory.support.AbstractAutowireCapableBeanFactory.createBeanInstance(AbstractAutowireCapableBeanFactory.java:1219) ~[spring-beans-7.0.8.jar:7.0.8]
	at org.springframework.beans.factory.support.AbstractAutowireCapableBeanFactory.doCreateBean(AbstractAutowireCapableBeanFactory.java:565) ~[spring-beans-7.0.8.jar:7.0.8]
	at org.springframework.beans.factory.support.AbstractAutowireCapableBeanFactory.createBean(AbstractAutowireCapableBeanFactory.java:525) ~[spring-beans-7.0.8.jar:7.0.8]
	at org.springframework.beans.factory.support.AbstractBeanFactory.lambda$doGetBean$0(AbstractBeanFactory.java:333) ~[spring-beans-7.0.8.jar:7.0.8]
	at org.springframework.beans.factory.support.DefaultSingletonBeanRegistry.getSingleton(DefaultSingletonBeanRegistry.java:371) ~[spring-beans-7.0.8.jar:7.0.8]
	at org.springframework.beans.factory.support.AbstractBeanFactory.doGetBean(AbstractBeanFactory.java:331) ~[spring-beans-7.0.8.jar:7.0.8]
	at org.springframework.beans.factory.support.AbstractBeanFactory.getBean(AbstractBeanFactory.java:201) ~[spring-beans-7.0.8.jar:7.0.8]
	at org.springframework.beans.factory.config.DependencyDescriptor.resolveCandidate(DependencyDescriptor.java:229) ~[spring-beans-7.0.8.jar:7.0.8]
	at org.springframework.beans.factory.support.DefaultListableBeanFactory.doResolveDependency(DefaultListableBeanFactory.java:1769) ~[spring-beans-7.0.8.jar:7.0.8]
	at org.springframework.beans.factory.support.DefaultListableBeanFactory.resolveDependency(DefaultListableBeanFactory.java:1658) ~[spring-beans-7.0.8.jar:7.0.8]
	at org.springframework.beans.factory.support.ConstructorResolver.resolveAutowiredArgument(ConstructorResolver.java:912) ~[spring-beans-7.0.8.jar:7.0.8]
	at org.springframework.beans.factory.support.ConstructorResolver.createArgumentArray(ConstructorResolver.java:791) ~[spring-beans-7.0.8.jar:7.0.8]
	at org.springframework.beans.factory.support.ConstructorResolver.autowireConstructor(ConstructorResolver.java:240) ~[spring-beans-7.0.8.jar:7.0.8]
	at org.springframework.beans.factory.support.AbstractAutowireCapableBeanFactory.autowireConstructor(AbstractAutowireCapableBeanFactory.java:1380) ~[spring-beans-7.0.8.jar:7.0.8]
	at org.springframework.beans.factory.support.AbstractAutowireCapableBeanFactory.createBeanInstance(AbstractAutowireCapableBeanFactory.java:1219) ~[spring-beans-7.0.8.jar:7.0.8]
	at org.springframework.beans.factory.support.AbstractAutowireCapableBeanFactory.doCreateBean(AbstractAutowireCapableBeanFactory.java:565) ~[spring-beans-7.0.8.jar:7.0.8]
	at org.springframework.beans.factory.support.AbstractAutowireCapableBeanFactory.createBean(AbstractAutowireCapableBeanFactory.java:525) ~[spring-beans-7.0.8.jar:7.0.8]
	at org.springframework.beans.factory.support.AbstractBeanFactory.lambda$doGetBean$0(AbstractBeanFactory.java:333) ~[spring-beans-7.0.8.jar:7.0.8]
	at org.springframework.beans.factory.support.DefaultSingletonBeanRegistry.getSingleton(DefaultSingletonBeanRegistry.java:371) ~[spring-beans-7.0.8.jar:7.0.8]
	at org.springframework.beans.factory.support.AbstractBeanFactory.doGetBean(AbstractBeanFactory.java:331) ~[spring-beans-7.0.8.jar:7.0.8]
	at org.springframework.beans.factory.support.AbstractBeanFactory.getBean(AbstractBeanFactory.java:201) ~[spring-beans-7.0.8.jar:7.0.8]
	at org.springframework.boot.web.servlet.ServletContextInitializerBeans.getOrderedBeansOfType(ServletContextInitializerBeans.java:231) ~[spring-boot-4.0.7.jar:4.0.7]
	at org.springframework.boot.web.servlet.ServletContextInitializerBeans.addAsRegistrationBean(ServletContextInitializerBeans.java:185) ~[spring-boot-4.0.7.jar:4.0.7]
	at org.springframework.boot.web.servlet.ServletContextInitializerBeans.addAsRegistrationBean(ServletContextInitializerBeans.java:180) ~[spring-boot-4.0.7.jar:4.0.7]
	at org.springframework.boot.web.servlet.ServletContextInitializerBeans.addAdaptableBeans(ServletContextInitializerBeans.java:165) ~[spring-boot-4.0.7.jar:4.0.7]
	at org.springframework.boot.web.servlet.ServletContextInitializerBeans.<init>(ServletContextInitializerBeans.java:97) ~[spring-boot-4.0.7.jar:4.0.7]
	at org.springframework.boot.web.context.servlet.WebApplicationContextInitializer.initialize(WebApplicationContextInitializer.java:53) ~[spring-boot-4.0.7.jar:4.0.7]
	at org.springframework.boot.tomcat.servlet.DeferredServletContainerInitializers.onStartup(DeferredServletContainerInitializers.java:55) ~[spring-boot-tomcat-4.0.7.jar:4.0.7]
	at org.apache.catalina.core.StandardContext.startInternal(StandardContext.java:4420) ~[tomcat-embed-core-11.0.22.jar:11.0.22]
	at org.apache.catalina.util.LifecycleBase.start(LifecycleBase.java:164) ~[tomcat-embed-core-11.0.22.jar:11.0.22]
	at org.apache.catalina.core.ContainerBase$StartChild.call(ContainerBase.java:1162) ~[tomcat-embed-core-11.0.22.jar:11.0.22]
	at org.apache.catalina.core.ContainerBase$StartChild.call(ContainerBase.java:1158) ~[tomcat-embed-core-11.0.22.jar:11.0.22]
	at java.base/java.util.concurrent.FutureTask.run(FutureTask.java:317) ~[na:na]
	at org.apache.tomcat.util.threads.InlineExecutorService.execute(InlineExecutorService.java:81) ~[tomcat-embed-core-11.0.22.jar:11.0.22]
	at java.base/java.util.concurrent.AbstractExecutorService.submit(AbstractExecutorService.java:145) ~[na:na]
	at org.apache.catalina.core.ContainerBase.startInternal(ContainerBase.java:714) ~[tomcat-embed-core-11.0.22.jar:11.0.22]
	at org.apache.catalina.core.StandardHost.startInternal(StandardHost.java:780) ~[tomcat-embed-core-11.0.22.jar:11.0.22]
	at org.apache.catalina.util.LifecycleBase.start(LifecycleBase.java:164) ~[tomcat-embed-core-11.0.22.jar:11.0.22]
	at org.apache.catalina.core.ContainerBase$StartChild.call(ContainerBase.java:1162) ~[tomcat-embed-core-11.0.22.jar:11.0.22]
	at org.apache.catalina.core.ContainerBase$StartChild.call(ContainerBase.java:1158) ~[tomcat-embed-core-11.0.22.jar:11.0.22]
	at java.base/java.util.concurrent.FutureTask.run(FutureTask.java:317) ~[na:na]
	at org.apache.tomcat.util.threads.InlineExecutorService.execute(InlineExecutorService.java:81) ~[tomcat-embed-core-11.0.22.jar:11.0.22]
	at java.base/java.util.concurrent.AbstractExecutorService.submit(AbstractExecutorService.java:145) ~[na:na]
	at org.apache.catalina.core.ContainerBase.startInternal(ContainerBase.java:714) ~[tomcat-embed-core-11.0.22.jar:11.0.22]
	at org.apache.catalina.core.StandardEngine.startInternal(StandardEngine.java:201) ~[tomcat-embed-core-11.0.22.jar:11.0.22]
	at org.apache.catalina.util.LifecycleBase.start(LifecycleBase.java:164) ~[tomcat-embed-core-11.0.22.jar:11.0.22]
	at org.apache.catalina.core.StandardService.startInternal(StandardService.java:410) ~[tomcat-embed-core-11.0.22.jar:11.0.22]
	at org.apache.catalina.util.LifecycleBase.start(LifecycleBase.java:164) ~[tomcat-embed-core-11.0.22.jar:11.0.22]
	at org.apache.catalina.core.StandardServer.startInternal(StandardServer.java:864) ~[tomcat-embed-core-11.0.22.jar:11.0.22]
	at org.apache.catalina.util.LifecycleBase.start(LifecycleBase.java:164) ~[tomcat-embed-core-11.0.22.jar:11.0.22]
	at org.apache.catalina.startup.Tomcat.start(Tomcat.java:435) ~[tomcat-embed-core-11.0.22.jar:11.0.22]
	at org.springframework.boot.tomcat.TomcatWebServer.initialize(TomcatWebServer.java:131) ~[spring-boot-tomcat-4.0.7.jar:4.0.7]
	at org.springframework.boot.tomcat.TomcatWebServer.<init>(TomcatWebServer.java:110) ~[spring-boot-tomcat-4.0.7.jar:4.0.7]
	at org.springframework.boot.tomcat.servlet.TomcatServletWebServerFactory.getTomcatWebServer(TomcatServletWebServerFactory.java:408) ~[spring-boot-tomcat-4.0.7.jar:4.0.7]
	at org.springframework.boot.tomcat.servlet.TomcatServletWebServerFactory.getWebServer(TomcatServletWebServerFactory.java:166) ~[spring-boot-tomcat-4.0.7.jar:4.0.7]
	at org.springframework.boot.web.server.servlet.context.ServletWebServerApplicationContext.createWebServer(ServletWebServerApplicationContext.java:190) ~[spring-boot-web-server-4.0.7.jar:4.0.7]
	at org.springframework.boot.web.server.servlet.context.ServletWebServerApplicationContext.onRefresh(ServletWebServerApplicationContext.java:164) ~[spring-boot-web-server-4.0.7.jar:4.0.7]
	at org.springframework.context.support.AbstractApplicationContext.refresh(AbstractApplicationContext.java:615) ~[spring-context-7.0.8.jar:7.0.8]
	at org.springframework.boot.web.server.servlet.context.ServletWebServerApplicationContext.refresh(ServletWebServerApplicationContext.java:143) ~[spring-boot-web-server-4.0.7.jar:4.0.7]
	at org.springframework.boot.SpringApplication.refresh(SpringApplication.java:756) ~[spring-boot-4.0.7.jar:4.0.7]
	at org.springframework.boot.SpringApplication.refreshContext(SpringApplication.java:445) ~[spring-boot-4.0.7.jar:4.0.7]
	at org.springframework.boot.SpringApplication.run(SpringApplication.java:321) ~[spring-boot-4.0.7.jar:4.0.7]
	at org.springframework.boot.SpringApplication.run(SpringApplication.java:1365) ~[spring-boot-4.0.7.jar:4.0.7]
	at org.springframework.boot.SpringApplication.run(SpringApplication.java:1354) ~[spring-boot-4.0.7.jar:4.0.7]
	at com.sisco_e.escola.SiscoEApplication.main(SiscoEApplication.java:12) ~[classes/:na]
	at java.base/jdk.internal.reflect.DirectMethodHandleAccessor.invoke(DirectMethodHandleAccessor.java:103) ~[na:na]
	at java.base/java.lang.reflect.Method.invoke(Method.java:580) ~[na:na]
	at org.springframework.boot.devtools.restart.RestartLauncher.run(RestartLauncher.java:52) ~[spring-boot-devtools-4.0.7.jar:4.0.7]
Caused by: org.postgresql.util.PSQLException: ERRO: relação "siscoescola.tb_contrato_net" não existe
	at org.postgresql.core.v3.QueryExecutorImpl.receiveErrorResponse(QueryExecutorImpl.java:2904) ~[postgresql-42.7.11.jar:42.7.11]
	at org.postgresql.core.v3.QueryExecutorImpl.processResults(QueryExecutorImpl.java:2589) ~[postgresql-42.7.11.jar:42.7.11]
	at org.postgresql.core.v3.QueryExecutorImpl.execute(QueryExecutorImpl.java:431) ~[postgresql-42.7.11.jar:42.7.11]
	at org.postgresql.jdbc.PgStatement.executeInternal(PgStatement.java:534) ~[postgresql-42.7.11.jar:42.7.11]
	at org.postgresql.jdbc.PgStatement.execute(PgStatement.java:437) ~[postgresql-42.7.11.jar:42.7.11]
	at org.postgresql.jdbc.PgStatement.executeWithFlags(PgStatement.java:359) ~[postgresql-42.7.11.jar:42.7.11]
	at org.postgresql.jdbc.PgStatement.executeCachedSql(PgStatement.java:344) ~[postgresql-42.7.11.jar:42.7.11]
	at org.postgresql.jdbc.PgStatement.executeWithFlags(PgStatement.java:320) ~[postgresql-42.7.11.jar:42.7.11]
	at org.postgresql.jdbc.PgStatement.execute(PgStatement.java:315) ~[postgresql-42.7.11.jar:42.7.11]
	at com.zaxxer.hikari.pool.ProxyStatement.execute(ProxyStatement.java:95) ~[HikariCP-7.0.2.jar:na]
	at com.zaxxer.hikari.pool.HikariProxyStatement.execute(HikariProxyStatement.java) ~[HikariCP-7.0.2.jar:na]
	at org.hibernate.tool.schema.internal.exec.GenerationTargetToDatabase.accept(GenerationTargetToDatabase.java:76) ~[hibernate-core-7.2.19.Final.jar:7.2.19.Final]
	... 127 common frames omitted
2026-10-09 13:21:53 [restartedMain] WARN  o.h.t.s.i.ExceptionHandlerLoggedImpl - GenerationTarget encountered exception accepting command : Error executing DDL "
    alter table if exists siscoescola.tb_diretor_aud 
       add constraint FKeipc3w4x9gjspw3vjrjf4rk81 
       foreign key (rev) 
       references revinfo" via JDBC [ERRO: restrição "fkeipc3w4x9gjspw3vjrjf4rk81" para relação "tb_diretor_aud" já existe]
org.hibernate.tool.schema.spi.CommandAcceptanceException: Error executing DDL "
    alter table if exists siscoescola.tb_diretor_aud 
       add constraint FKeipc3w4x9gjspw3vjrjf4rk81 
       foreign key (rev) 
       references revinfo" via JDBC [ERRO: restrição "fkeipc3w4x9gjspw3vjrjf4rk81" para relação "tb_diretor_aud" já existe]
	at org.hibernate.tool.schema.internal.exec.GenerationTargetToDatabase.accept(GenerationTargetToDatabase.java:81)
	at org.hibernate.tool.schema.internal.Helper.applySqlString(Helper.java:218)
	at org.hibernate.tool.schema.internal.Helper.applySqlStrings(Helper.java:204)
	at org.hibernate.tool.schema.internal.SchemaCreatorImpl.createForeignKeys(SchemaCreatorImpl.java:281)
	at org.hibernate.tool.schema.internal.SchemaCreatorImpl.createFromMetadata(SchemaCreatorImpl.java:227)
	at org.hibernate.tool.schema.internal.SchemaCreatorImpl.performCreation(SchemaCreatorImpl.java:151)
	at org.hibernate.tool.schema.internal.SchemaCreatorImpl.doCreation(SchemaCreatorImpl.java:121)
	at org.hibernate.tool.schema.internal.SchemaCreatorImpl.doCreation(SchemaCreatorImpl.java:97)
	at org.hibernate.tool.schema.spi.SchemaManagementToolCoordinator.performDatabaseAction(SchemaManagementToolCoordinator.java:239)
	at org.hibernate.tool.schema.spi.SchemaManagementToolCoordinator.lambda$process$1(SchemaManagementToolCoordinator.java:101)
	at java.base/java.util.HashMap.forEach(HashMap.java:1429)
	at org.hibernate.tool.schema.spi.SchemaManagementToolCoordinator.process(SchemaManagementToolCoordinator.java:100)
	at org.hibernate.boot.internal.SessionFactoryObserverForSchemaExport.sessionFactoryCreated(SessionFactoryObserverForSchemaExport.java:35)
	at org.hibernate.internal.SessionFactoryObserverChain.sessionFactoryCreated(SessionFactoryObserverChain.java:33)
	at org.hibernate.internal.SessionFactoryImpl.<init>(SessionFactoryImpl.java:323)
	at org.hibernate.internal.SessionFactoryRegistry.instantiateSessionFactory(SessionFactoryRegistry.java:64)
	at org.hibernate.boot.internal.SessionFactoryBuilderImpl.build(SessionFactoryBuilderImpl.java:437)
	at org.hibernate.jpa.boot.internal.EntityManagerFactoryBuilderImpl.build(EntityManagerFactoryBuilderImpl.java:1456)
	at org.springframework.orm.jpa.vendor.SpringHibernateJpaPersistenceProvider.createContainerEntityManagerFactory(SpringHibernateJpaPersistenceProvider.java:93)
	at org.springframework.orm.jpa.LocalContainerEntityManagerFactoryBean.createNativeEntityManagerFactory(LocalContainerEntityManagerFactoryBean.java:443)
	at org.springframework.orm.jpa.AbstractEntityManagerFactoryBean.buildNativeEntityManagerFactory(AbstractEntityManagerFactoryBean.java:436)
	at org.springframework.orm.jpa.AbstractEntityManagerFactoryBean.afterPropertiesSet(AbstractEntityManagerFactoryBean.java:411)
	at org.springframework.orm.jpa.LocalContainerEntityManagerFactoryBean.afterPropertiesSet(LocalContainerEntityManagerFactoryBean.java:419)
	at org.springframework.beans.factory.support.AbstractAutowireCapableBeanFactory.invokeInitMethods(AbstractAutowireCapableBeanFactory.java:1862)
	at org.springframework.beans.factory.support.AbstractAutowireCapableBeanFactory.initializeBean(AbstractAutowireCapableBeanFactory.java:1811)
	at org.springframework.beans.factory.support.AbstractAutowireCapableBeanFactory.doCreateBean(AbstractAutowireCapableBeanFactory.java:603)
	at org.springframework.beans.factory.support.AbstractAutowireCapableBeanFactory.createBean(AbstractAutowireCapableBeanFactory.java:525)
	at org.springframework.beans.factory.support.AbstractBeanFactory.lambda$doGetBean$0(AbstractBeanFactory.java:333)
	at org.springframework.beans.factory.support.DefaultSingletonBeanRegistry.getSingleton(DefaultSingletonBeanRegistry.java:371)
	at org.springframework.beans.factory.support.AbstractBeanFactory.doGetBean(AbstractBeanFactory.java:331)
	at org.springframework.beans.factory.support.AbstractBeanFactory.getBean(AbstractBeanFactory.java:196)
	at org.springframework.beans.factory.support.BeanDefinitionValueResolver.resolveReference(BeanDefinitionValueResolver.java:365)
	at org.springframework.beans.factory.support.BeanDefinitionValueResolver.resolveValueIfNecessary(BeanDefinitionValueResolver.java:135)
	at org.springframework.beans.factory.support.ConstructorResolver.resolveConstructorArguments(ConstructorResolver.java:691)
	at org.springframework.beans.factory.support.ConstructorResolver.instantiateUsingFactoryMethod(ConstructorResolver.java:513)
	at org.springframework.beans.factory.support.AbstractAutowireCapableBeanFactory.instantiateUsingFactoryMethod(AbstractAutowireCapableBeanFactory.java:1360)
	at org.springframework.beans.factory.support.AbstractAutowireCapableBeanFactory.createBeanInstance(AbstractAutowireCapableBeanFactory.java:1192)
	at org.springframework.beans.factory.support.AbstractAutowireCapableBeanFactory.doCreateBean(AbstractAutowireCapableBeanFactory.java:565)
	at org.springframework.beans.factory.support.AbstractAutowireCapableBeanFactory.createBean(AbstractAutowireCapableBeanFactory.java:525)
	at org.springframework.beans.factory.support.AbstractBeanFactory.lambda$doGetBean$0(AbstractBeanFactory.java:333)
	at org.springframework.beans.factory.support.DefaultSingletonBeanRegistry.getSingleton(DefaultSingletonBeanRegistry.java:371)
	at org.springframework.beans.factory.support.AbstractBeanFactory.doGetBean(AbstractBeanFactory.java:331)
	at org.springframework.beans.factory.support.AbstractBeanFactory.getBean(AbstractBeanFactory.java:201)
	at org.springframework.beans.factory.support.BeanDefinitionValueResolver.resolveReference(BeanDefinitionValueResolver.java:356)
	at org.springframework.beans.factory.support.BeanDefinitionValueResolver.resolveValueIfNecessary(BeanDefinitionValueResolver.java:135)
	at org.springframework.beans.factory.support.AbstractAutowireCapableBeanFactory.applyPropertyValues(AbstractAutowireCapableBeanFactory.java:1710)
	at org.springframework.beans.factory.support.AbstractAutowireCapableBeanFactory.populateBean(AbstractAutowireCapableBeanFactory.java:1459)
	at org.springframework.beans.factory.support.AbstractAutowireCapableBeanFactory.doCreateBean(AbstractAutowireCapableBeanFactory.java:602)
	at org.springframework.beans.factory.support.AbstractAutowireCapableBeanFactory.createBean(AbstractAutowireCapableBeanFactory.java:525)
	at org.springframework.beans.factory.support.AbstractBeanFactory.lambda$doGetBean$0(AbstractBeanFactory.java:333)
	at org.springframework.beans.factory.support.DefaultSingletonBeanRegistry.getSingleton(DefaultSingletonBeanRegistry.java:371)
	at org.springframework.beans.factory.support.AbstractBeanFactory.doGetBean(AbstractBeanFactory.java:331)
	at org.springframework.beans.factory.support.AbstractBeanFactory.getBean(AbstractBeanFactory.java:201)
	at org.springframework.beans.factory.support.DefaultListableBeanFactory.resolveBean(DefaultListableBeanFactory.java:1232)
	at org.springframework.beans.factory.support.DefaultListableBeanFactory.doResolveDependency(DefaultListableBeanFactory.java:1711)
	at org.springframework.beans.factory.support.DefaultListableBeanFactory.resolveDependency(DefaultListableBeanFactory.java:1658)
	at org.springframework.beans.factory.support.ConstructorResolver.resolveAutowiredArgument(ConstructorResolver.java:912)
	at org.springframework.beans.factory.support.ConstructorResolver.createArgumentArray(ConstructorResolver.java:791)
	at org.springframework.beans.factory.support.ConstructorResolver.autowireConstructor(ConstructorResolver.java:240)
	at org.springframework.beans.factory.support.AbstractAutowireCapableBeanFactory.autowireConstructor(AbstractAutowireCapableBeanFactory.java:1380)
	at org.springframework.beans.factory.support.AbstractAutowireCapableBeanFactory.createBeanInstance(AbstractAutowireCapableBeanFactory.java:1219)
	at org.springframework.beans.factory.support.AbstractAutowireCapableBeanFactory.doCreateBean(AbstractAutowireCapableBeanFactory.java:565)
	at org.springframework.beans.factory.support.AbstractAutowireCapableBeanFactory.createBean(AbstractAutowireCapableBeanFactory.java:525)
	at org.springframework.beans.factory.support.AbstractBeanFactory.lambda$doGetBean$0(AbstractBeanFactory.java:333)
	at org.springframework.beans.factory.support.DefaultSingletonBeanRegistry.getSingleton(DefaultSingletonBeanRegistry.java:371)
	at org.springframework.beans.factory.support.AbstractBeanFactory.doGetBean(AbstractBeanFactory.java:331)
	at org.springframework.beans.factory.support.AbstractBeanFactory.getBean(AbstractBeanFactory.java:201)
	at org.springframework.beans.factory.config.DependencyDescriptor.resolveCandidate(DependencyDescriptor.java:229)
	at org.springframework.beans.factory.support.DefaultListableBeanFactory.doResolveDependency(DefaultListableBeanFactory.java:1769)
	at org.springframework.beans.factory.support.DefaultListableBeanFactory.resolveDependency(DefaultListableBeanFactory.java:1658)
	at org.springframework.beans.factory.support.ConstructorResolver.resolveAutowiredArgument(ConstructorResolver.java:912)
	at org.springframework.beans.factory.support.ConstructorResolver.createArgumentArray(ConstructorResolver.java:791)
	at org.springframework.beans.factory.support.ConstructorResolver.autowireConstructor(ConstructorResolver.java:240)
	at org.springframework.beans.factory.support.AbstractAutowireCapableBeanFactory.autowireConstructor(AbstractAutowireCapableBeanFactory.java:1380)
	at org.springframework.beans.factory.support.AbstractAutowireCapableBeanFactory.createBeanInstance(AbstractAutowireCapableBeanFactory.java:1219)
	at org.springframework.beans.factory.support.AbstractAutowireCapableBeanFactory.doCreateBean(AbstractAutowireCapableBeanFactory.java:565)
	at org.springframework.beans.factory.support.AbstractAutowireCapableBeanFactory.createBean(AbstractAutowireCapableBeanFactory.java:525)
	at org.springframework.beans.factory.support.AbstractBeanFactory.lambda$doGetBean$0(AbstractBeanFactory.java:333)
	at org.springframework.beans.factory.support.DefaultSingletonBeanRegistry.getSingleton(DefaultSingletonBeanRegistry.java:371)
	at org.springframework.beans.factory.support.AbstractBeanFactory.doGetBean(AbstractBeanFactory.java:331)
	at org.springframework.beans.factory.support.AbstractBeanFactory.getBean(AbstractBeanFactory.java:201)
	at org.springframework.boot.web.servlet.ServletContextInitializerBeans.getOrderedBeansOfType(ServletContextInitializerBeans.java:231)
	at org.springframework.boot.web.servlet.ServletContextInitializerBeans.addAsRegistrationBean(ServletContextInitializerBeans.java:185)
	at org.springframework.boot.web.servlet.ServletContextInitializerBeans.addAsRegistrationBean(ServletContextInitializerBeans.java:180)
	at org.springframework.boot.web.servlet.ServletContextInitializerBeans.addAdaptableBeans(ServletContextInitializerBeans.java:165)
	at org.springframework.boot.web.servlet.ServletContextInitializerBeans.<init>(ServletContextInitializerBeans.java:97)
	at org.springframework.boot.web.context.servlet.WebApplicationContextInitializer.initialize(WebApplicationContextInitializer.java:53)
	at org.springframework.boot.tomcat.servlet.DeferredServletContainerInitializers.onStartup(DeferredServletContainerInitializers.java:55)
	at org.apache.catalina.core.StandardContext.startInternal(StandardContext.java:4420)
	at org.apache.catalina.util.LifecycleBase.start(LifecycleBase.java:164)
	at org.apache.catalina.core.ContainerBase$StartChild.call(ContainerBase.java:1162)
	at org.apache.catalina.core.ContainerBase$StartChild.call(ContainerBase.java:1158)
	at java.base/java.util.concurrent.FutureTask.run(FutureTask.java:317)
	at org.apache.tomcat.util.threads.InlineExecutorService.execute(InlineExecutorService.java:81)
	at java.base/java.util.concurrent.AbstractExecutorService.submit(AbstractExecutorService.java:145)
	at org.apache.catalina.core.ContainerBase.startInternal(ContainerBase.java:714)
	at org.apache.catalina.core.StandardHost.startInternal(StandardHost.java:780)
	at org.apache.catalina.util.LifecycleBase.start(LifecycleBase.java:164)
	at org.apache.catalina.core.ContainerBase$StartChild.call(ContainerBase.java:1162)
	at org.apache.catalina.core.ContainerBase$StartChild.call(ContainerBase.java:1158)
	at java.base/java.util.concurrent.FutureTask.run(FutureTask.java:317)
	at org.apache.tomcat.util.threads.InlineExecutorService.execute(InlineExecutorService.java:81)
	at java.base/java.util.concurrent.AbstractExecutorService.submit(AbstractExecutorService.java:145)
	at org.apache.catalina.core.ContainerBase.startInternal(ContainerBase.java:714)
	at org.apache.catalina.core.StandardEngine.startInternal(StandardEngine.java:201)
	at org.apache.catalina.util.LifecycleBase.start(LifecycleBase.java:164)
	at org.apache.catalina.core.StandardService.startInternal(StandardService.java:410)
	at org.apache.catalina.util.LifecycleBase.start(LifecycleBase.java:164)
	at org.apache.catalina.core.StandardServer.startInternal(StandardServer.java:864)
	at org.apache.catalina.util.LifecycleBase.start(LifecycleBase.java:164)
	at org.apache.catalina.startup.Tomcat.start(Tomcat.java:435)
	at org.springframework.boot.tomcat.TomcatWebServer.initialize(TomcatWebServer.java:131)
	at org.springframework.boot.tomcat.TomcatWebServer.<init>(TomcatWebServer.java:110)
	at org.springframework.boot.tomcat.servlet.TomcatServletWebServerFactory.getTomcatWebServer(TomcatServletWebServerFactory.java:408)
	at org.springframework.boot.tomcat.servlet.TomcatServletWebServerFactory.getWebServer(TomcatServletWebServerFactory.java:166)
	at org.springframework.boot.web.server.servlet.context.ServletWebServerApplicationContext.createWebServer(ServletWebServerApplicationContext.java:190)
	at org.springframework.boot.web.server.servlet.context.ServletWebServerApplicationContext.onRefresh(ServletWebServerApplicationContext.java:164)
	at org.springframework.context.support.AbstractApplicationContext.refresh(AbstractApplicationContext.java:615)
	at org.springframework.boot.web.server.servlet.context.ServletWebServerApplicationContext.refresh(ServletWebServerApplicationContext.java:143)
	at org.springframework.boot.SpringApplication.refresh(SpringApplication.java:756)
	at org.springframework.boot.SpringApplication.refreshContext(SpringApplication.java:445)
	at org.springframework.boot.SpringApplication.run(SpringApplication.java:321)
	at org.springframework.boot.SpringApplication.run(SpringApplication.java:1365)
	at org.springframework.boot.SpringApplication.run(SpringApplication.java:1354)
	at com.sisco_e.escola.SiscoEApplication.main(SiscoEApplication.java:12)
	at java.base/jdk.internal.reflect.DirectMethodHandleAccessor.invoke(DirectMethodHandleAccessor.java:103)
	at java.base/java.lang.reflect.Method.invoke(Method.java:580)
	at org.springframework.boot.devtools.restart.RestartLauncher.run(RestartLauncher.java:52)
Caused by: org.postgresql.util.PSQLException: ERRO: restrição "fkeipc3w4x9gjspw3vjrjf4rk81" para relação "tb_diretor_aud" já existe
	at org.postgresql.core.v3.QueryExecutorImpl.receiveErrorResponse(QueryExecutorImpl.java:2904)
	at org.postgresql.core.v3.QueryExecutorImpl.processResults(QueryExecutorImpl.java:2589)
	at org.postgresql.core.v3.QueryExecutorImpl.execute(QueryExecutorImpl.java:431)
	at org.postgresql.jdbc.PgStatement.executeInternal(PgStatement.java:534)
	at org.postgresql.jdbc.PgStatement.execute(PgStatement.java:437)
	at org.postgresql.jdbc.PgStatement.executeWithFlags(PgStatement.java:359)
	at org.postgresql.jdbc.PgStatement.executeCachedSql(PgStatement.java:344)
	at org.postgresql.jdbc.PgStatement.executeWithFlags(PgStatement.java:320)
	at org.postgresql.jdbc.PgStatement.execute(PgStatement.java:315)
	at com.zaxxer.hikari.pool.ProxyStatement.execute(ProxyStatement.java:95)
	at com.zaxxer.hikari.pool.HikariProxyStatement.execute(HikariProxyStatement.java)
	at org.hibernate.tool.schema.internal.exec.GenerationTargetToDatabase.accept(GenerationTargetToDatabase.java:76)
	... 127 common frames omitted
2026-10-09 13:21:53 [restartedMain] WARN  o.h.t.s.i.ExceptionHandlerLoggedImpl - GenerationTarget encountered exception accepting command : Error executing DDL "
    alter table if exists siscoescola.tb_escola_aud 
       add constraint FKk5byvt1cl22ocdkw9e7jc0sno 
       foreign key (rev) 
       references revinfo" via JDBC [ERRO: restrição "fkk5byvt1cl22ocdkw9e7jc0sno" para relação "tb_escola_aud" já existe]
org.hibernate.tool.schema.spi.CommandAcceptanceException: Error executing DDL "
    alter table if exists siscoescola.tb_escola_aud 
       add constraint FKk5byvt1cl22ocdkw9e7jc0sno 
       foreign key (rev) 
       references revinfo" via JDBC [ERRO: restrição "fkk5byvt1cl22ocdkw9e7jc0sno" para relação "tb_escola_aud" já existe]
	at org.hibernate.tool.schema.internal.exec.GenerationTargetToDatabase.accept(GenerationTargetToDatabase.java:81)
	at org.hibernate.tool.schema.internal.Helper.applySqlString(Helper.java:218)
	at org.hibernate.tool.schema.internal.Helper.applySqlStrings(Helper.java:204)
	at org.hibernate.tool.schema.internal.SchemaCreatorImpl.createForeignKeys(SchemaCreatorImpl.java:281)
	at org.hibernate.tool.schema.internal.SchemaCreatorImpl.createFromMetadata(SchemaCreatorImpl.java:227)
	at org.hibernate.tool.schema.internal.SchemaCreatorImpl.performCreation(SchemaCreatorImpl.java:151)
	at org.hibernate.tool.schema.internal.SchemaCreatorImpl.doCreation(SchemaCreatorImpl.java:121)
	at org.hibernate.tool.schema.internal.SchemaCreatorImpl.doCreation(SchemaCreatorImpl.java:97)
	at org.hibernate.tool.schema.spi.SchemaManagementToolCoordinator.performDatabaseAction(SchemaManagementToolCoordinator.java:239)
	at org.hibernate.tool.schema.spi.SchemaManagementToolCoordinator.lambda$process$1(SchemaManagementToolCoordinator.java:101)
	at java.base/java.util.HashMap.forEach(HashMap.java:1429)
	at org.hibernate.tool.schema.spi.SchemaManagementToolCoordinator.process(SchemaManagementToolCoordinator.java:100)
	at org.hibernate.boot.internal.SessionFactoryObserverForSchemaExport.sessionFactoryCreated(SessionFactoryObserverForSchemaExport.java:35)
	at org.hibernate.internal.SessionFactoryObserverChain.sessionFactoryCreated(SessionFactoryObserverChain.java:33)
	at org.hibernate.internal.SessionFactoryImpl.<init>(SessionFactoryImpl.java:323)
	at org.hibernate.internal.SessionFactoryRegistry.instantiateSessionFactory(SessionFactoryRegistry.java:64)
	at org.hibernate.boot.internal.SessionFactoryBuilderImpl.build(SessionFactoryBuilderImpl.java:437)
	at org.hibernate.jpa.boot.internal.EntityManagerFactoryBuilderImpl.build(EntityManagerFactoryBuilderImpl.java:1456)
	at org.springframework.orm.jpa.vendor.SpringHibernateJpaPersistenceProvider.createContainerEntityManagerFactory(SpringHibernateJpaPersistenceProvider.java:93)
	at org.springframework.orm.jpa.LocalContainerEntityManagerFactoryBean.createNativeEntityManagerFactory(LocalContainerEntityManagerFactoryBean.java:443)
	at org.springframework.orm.jpa.AbstractEntityManagerFactoryBean.buildNativeEntityManagerFactory(AbstractEntityManagerFactoryBean.java:436)
	at org.springframework.orm.jpa.AbstractEntityManagerFactoryBean.afterPropertiesSet(AbstractEntityManagerFactoryBean.java:411)
	at org.springframework.orm.jpa.LocalContainerEntityManagerFactoryBean.afterPropertiesSet(LocalContainerEntityManagerFactoryBean.java:419)
	at org.springframework.beans.factory.support.AbstractAutowireCapableBeanFactory.invokeInitMethods(AbstractAutowireCapableBeanFactory.java:1862)
	at org.springframework.beans.factory.support.AbstractAutowireCapableBeanFactory.initializeBean(AbstractAutowireCapableBeanFactory.java:1811)
	at org.springframework.beans.factory.support.AbstractAutowireCapableBeanFactory.doCreateBean(AbstractAutowireCapableBeanFactory.java:603)
	at org.springframework.beans.factory.support.AbstractAutowireCapableBeanFactory.createBean(AbstractAutowireCapableBeanFactory.java:525)
	at org.springframework.beans.factory.support.AbstractBeanFactory.lambda$doGetBean$0(AbstractBeanFactory.java:333)
	at org.springframework.beans.factory.support.DefaultSingletonBeanRegistry.getSingleton(DefaultSingletonBeanRegistry.java:371)
	at org.springframework.beans.factory.support.AbstractBeanFactory.doGetBean(AbstractBeanFactory.java:331)
	at org.springframework.beans.factory.support.AbstractBeanFactory.getBean(AbstractBeanFactory.java:196)
	at org.springframework.beans.factory.support.BeanDefinitionValueResolver.resolveReference(BeanDefinitionValueResolver.java:365)
	at org.springframework.beans.factory.support.BeanDefinitionValueResolver.resolveValueIfNecessary(BeanDefinitionValueResolver.java:135)
	at org.springframework.beans.factory.support.ConstructorResolver.resolveConstructorArguments(ConstructorResolver.java:691)
	at org.springframework.beans.factory.support.ConstructorResolver.instantiateUsingFactoryMethod(ConstructorResolver.java:513)
	at org.springframework.beans.factory.support.AbstractAutowireCapableBeanFactory.instantiateUsingFactoryMethod(AbstractAutowireCapableBeanFactory.java:1360)
	at org.springframework.beans.factory.support.AbstractAutowireCapableBeanFactory.createBeanInstance(AbstractAutowireCapableBeanFactory.java:1192)
	at org.springframework.beans.factory.support.AbstractAutowireCapableBeanFactory.doCreateBean(AbstractAutowireCapableBeanFactory.java:565)
	at org.springframework.beans.factory.support.AbstractAutowireCapableBeanFactory.createBean(AbstractAutowireCapableBeanFactory.java:525)
	at org.springframework.beans.factory.support.AbstractBeanFactory.lambda$doGetBean$0(AbstractBeanFactory.java:333)
	at org.springframework.beans.factory.support.DefaultSingletonBeanRegistry.getSingleton(DefaultSingletonBeanRegistry.java:371)
	at org.springframework.beans.factory.support.AbstractBeanFactory.doGetBean(AbstractBeanFactory.java:331)
	at org.springframework.beans.factory.support.AbstractBeanFactory.getBean(AbstractBeanFactory.java:201)
	at org.springframework.beans.factory.support.BeanDefinitionValueResolver.resolveReference(BeanDefinitionValueResolver.java:356)
	at org.springframework.beans.factory.support.BeanDefinitionValueResolver.resolveValueIfNecessary(BeanDefinitionValueResolver.java:135)
	at org.springframework.beans.factory.support.AbstractAutowireCapableBeanFactory.applyPropertyValues(AbstractAutowireCapableBeanFactory.java:1710)
	at org.springframework.beans.factory.support.AbstractAutowireCapableBeanFactory.populateBean(AbstractAutowireCapableBeanFactory.java:1459)
	at org.springframework.beans.factory.support.AbstractAutowireCapableBeanFactory.doCreateBean(AbstractAutowireCapableBeanFactory.java:602)
	at org.springframework.beans.factory.support.AbstractAutowireCapableBeanFactory.createBean(AbstractAutowireCapableBeanFactory.java:525)
	at org.springframework.beans.factory.support.AbstractBeanFactory.lambda$doGetBean$0(AbstractBeanFactory.java:333)
	at org.springframework.beans.factory.support.DefaultSingletonBeanRegistry.getSingleton(DefaultSingletonBeanRegistry.java:371)
	at org.springframework.beans.factory.support.AbstractBeanFactory.doGetBean(AbstractBeanFactory.java:331)
	at org.springframework.beans.factory.support.AbstractBeanFactory.getBean(AbstractBeanFactory.java:201)
	at org.springframework.beans.factory.support.DefaultListableBeanFactory.resolveBean(DefaultListableBeanFactory.java:1232)
	at org.springframework.beans.factory.support.DefaultListableBeanFactory.doResolveDependency(DefaultListableBeanFactory.java:1711)
	at org.springframework.beans.factory.support.DefaultListableBeanFactory.resolveDependency(DefaultListableBeanFactory.java:1658)
	at org.springframework.beans.factory.support.ConstructorResolver.resolveAutowiredArgument(ConstructorResolver.java:912)
	at org.springframework.beans.factory.support.ConstructorResolver.createArgumentArray(ConstructorResolver.java:791)
	at org.springframework.beans.factory.support.ConstructorResolver.autowireConstructor(ConstructorResolver.java:240)
	at org.springframework.beans.factory.support.AbstractAutowireCapableBeanFactory.autowireConstructor(AbstractAutowireCapableBeanFactory.java:1380)
	at org.springframework.beans.factory.support.AbstractAutowireCapableBeanFactory.createBeanInstance(AbstractAutowireCapableBeanFactory.java:1219)
	at org.springframework.beans.factory.support.AbstractAutowireCapableBeanFactory.doCreateBean(AbstractAutowireCapableBeanFactory.java:565)
	at org.springframework.beans.factory.support.AbstractAutowireCapableBeanFactory.createBean(AbstractAutowireCapableBeanFactory.java:525)
	at org.springframework.beans.factory.support.AbstractBeanFactory.lambda$doGetBean$0(AbstractBeanFactory.java:333)
	at org.springframework.beans.factory.support.DefaultSingletonBeanRegistry.getSingleton(DefaultSingletonBeanRegistry.java:371)
	at org.springframework.beans.factory.support.AbstractBeanFactory.doGetBean(AbstractBeanFactory.java:331)
	at org.springframework.beans.factory.support.AbstractBeanFactory.getBean(AbstractBeanFactory.java:201)
	at org.springframework.beans.factory.config.DependencyDescriptor.resolveCandidate(DependencyDescriptor.java:229)
	at org.springframework.beans.factory.support.DefaultListableBeanFactory.doResolveDependency(DefaultListableBeanFactory.java:1769)
	at org.springframework.beans.factory.support.DefaultListableBeanFactory.resolveDependency(DefaultListableBeanFactory.java:1658)
	at org.springframework.beans.factory.support.ConstructorResolver.resolveAutowiredArgument(ConstructorResolver.java:912)
	at org.springframework.beans.factory.support.ConstructorResolver.createArgumentArray(ConstructorResolver.java:791)
	at org.springframework.beans.factory.support.ConstructorResolver.autowireConstructor(ConstructorResolver.java:240)
	at org.springframework.beans.factory.support.AbstractAutowireCapableBeanFactory.autowireConstructor(AbstractAutowireCapableBeanFactory.java:1380)
	at org.springframework.beans.factory.support.AbstractAutowireCapableBeanFactory.createBeanInstance(AbstractAutowireCapableBeanFactory.java:1219)
	at org.springframework.beans.factory.support.AbstractAutowireCapableBeanFactory.doCreateBean(AbstractAutowireCapableBeanFactory.java:565)
	at org.springframework.beans.factory.support.AbstractAutowireCapableBeanFactory.createBean(AbstractAutowireCapableBeanFactory.java:525)
	at org.springframework.beans.factory.support.AbstractBeanFactory.lambda$doGetBean$0(AbstractBeanFactory.java:333)
	at org.springframework.beans.factory.support.DefaultSingletonBeanRegistry.getSingleton(DefaultSingletonBeanRegistry.java:371)
	at org.springframework.beans.factory.support.AbstractBeanFactory.doGetBean(AbstractBeanFactory.java:331)
	at org.springframework.beans.factory.support.AbstractBeanFactory.getBean(AbstractBeanFactory.java:201)
	at org.springframework.boot.web.servlet.ServletContextInitializerBeans.getOrderedBeansOfType(ServletContextInitializerBeans.java:231)
	at org.springframework.boot.web.servlet.ServletContextInitializerBeans.addAsRegistrationBean(ServletContextInitializerBeans.java:185)
	at org.springframework.boot.web.servlet.ServletContextInitializerBeans.addAsRegistrationBean(ServletContextInitializerBeans.java:180)
	at org.springframework.boot.web.servlet.ServletContextInitializerBeans.addAdaptableBeans(ServletContextInitializerBeans.java:165)
	at org.springframework.boot.web.servlet.ServletContextInitializerBeans.<init>(ServletContextInitializerBeans.java:97)
	at org.springframework.boot.web.context.servlet.WebApplicationContextInitializer.initialize(WebApplicationContextInitializer.java:53)
	at org.springframework.boot.tomcat.servlet.DeferredServletContainerInitializers.onStartup(DeferredServletContainerInitializers.java:55)
	at org.apache.catalina.core.StandardContext.startInternal(StandardContext.java:4420)
	at org.apache.catalina.util.LifecycleBase.start(LifecycleBase.java:164)
	at org.apache.catalina.core.ContainerBase$StartChild.call(ContainerBase.java:1162)
	at org.apache.catalina.core.ContainerBase$StartChild.call(ContainerBase.java:1158)
	at java.base/java.util.concurrent.FutureTask.run(FutureTask.java:317)
	at org.apache.tomcat.util.threads.InlineExecutorService.execute(InlineExecutorService.java:81)
	at java.base/java.util.concurrent.AbstractExecutorService.submit(AbstractExecutorService.java:145)
	at org.apache.catalina.core.ContainerBase.startInternal(ContainerBase.java:714)
	at org.apache.catalina.core.StandardHost.startInternal(StandardHost.java:780)
	at org.apache.catalina.util.LifecycleBase.start(LifecycleBase.java:164)
	at org.apache.catalina.core.ContainerBase$StartChild.call(ContainerBase.java:1162)
	at org.apache.catalina.core.ContainerBase$StartChild.call(ContainerBase.java:1158)
	at java.base/java.util.concurrent.FutureTask.run(FutureTask.java:317)
	at org.apache.tomcat.util.threads.InlineExecutorService.execute(InlineExecutorService.java:81)
	at java.base/java.util.concurrent.AbstractExecutorService.submit(AbstractExecutorService.java:145)
	at org.apache.catalina.core.ContainerBase.startInternal(ContainerBase.java:714)
	at org.apache.catalina.core.StandardEngine.startInternal(StandardEngine.java:201)
	at org.apache.catalina.util.LifecycleBase.start(LifecycleBase.java:164)
	at org.apache.catalina.core.StandardService.startInternal(StandardService.java:410)
	at org.apache.catalina.util.LifecycleBase.start(LifecycleBase.java:164)
	at org.apache.catalina.core.StandardServer.startInternal(StandardServer.java:864)
	at org.apache.catalina.util.LifecycleBase.start(LifecycleBase.java:164)
	at org.apache.catalina.startup.Tomcat.start(Tomcat.java:435)
	at org.springframework.boot.tomcat.TomcatWebServer.initialize(TomcatWebServer.java:131)
	at org.springframework.boot.tomcat.TomcatWebServer.<init>(TomcatWebServer.java:110)
	at org.springframework.boot.tomcat.servlet.TomcatServletWebServerFactory.getTomcatWebServer(TomcatServletWebServerFactory.java:408)
	at org.springframework.boot.tomcat.servlet.TomcatServletWebServerFactory.getWebServer(TomcatServletWebServerFactory.java:166)
	at org.springframework.boot.web.server.servlet.context.ServletWebServerApplicationContext.createWebServer(ServletWebServerApplicationContext.java:190)
	at org.springframework.boot.web.server.servlet.context.ServletWebServerApplicationContext.onRefresh(ServletWebServerApplicationContext.java:164)
	at org.springframework.context.support.AbstractApplicationContext.refresh(AbstractApplicationContext.java:615)
	at org.springframework.boot.web.server.servlet.context.ServletWebServerApplicationContext.refresh(ServletWebServerApplicationContext.java:143)
	at org.springframework.boot.SpringApplication.refresh(SpringApplication.java:756)
	at org.springframework.boot.SpringApplication.refreshContext(SpringApplication.java:445)
	at org.springframework.boot.SpringApplication.run(SpringApplication.java:321)
	at org.springframework.boot.SpringApplication.run(SpringApplication.java:1365)
	at org.springframework.boot.SpringApplication.run(SpringApplication.java:1354)
	at com.sisco_e.escola.SiscoEApplication.main(SiscoEApplication.java:12)
	at java.base/jdk.internal.reflect.DirectMethodHandleAccessor.invoke(DirectMethodHandleAccessor.java:103)
	at java.base/java.lang.reflect.Method.invoke(Method.java:580)
	at org.springframework.boot.devtools.restart.RestartLauncher.run(RestartLauncher.java:52)
Caused by: org.postgresql.util.PSQLException: ERRO: restrição "fkk5byvt1cl22ocdkw9e7jc0sno" para relação "tb_escola_aud" já existe
	at org.postgresql.core.v3.QueryExecutorImpl.receiveErrorResponse(QueryExecutorImpl.java:2904)
	at org.postgresql.core.v3.QueryExecutorImpl.processResults(QueryExecutorImpl.java:2589)
	at org.postgresql.core.v3.QueryExecutorImpl.execute(QueryExecutorImpl.java:431)
	at org.postgresql.jdbc.PgStatement.executeInternal(PgStatement.java:534)
	at org.postgresql.jdbc.PgStatement.execute(PgStatement.java:437)
	at org.postgresql.jdbc.PgStatement.executeWithFlags(PgStatement.java:359)
	at org.postgresql.jdbc.PgStatement.executeCachedSql(PgStatement.java:344)
	at org.postgresql.jdbc.PgStatement.executeWithFlags(PgStatement.java:320)
	at org.postgresql.jdbc.PgStatement.execute(PgStatement.java:315)
	at com.zaxxer.hikari.pool.ProxyStatement.execute(ProxyStatement.java:95)
	at com.zaxxer.hikari.pool.HikariProxyStatement.execute(HikariProxyStatement.java)
	at org.hibernate.tool.schema.internal.exec.GenerationTargetToDatabase.accept(GenerationTargetToDatabase.java:76)
	... 127 common frames omitted
2026-10-09 13:21:53 [restartedMain] INFO  o.s.o.j.LocalContainerEntityManagerFactoryBean - Initialized JPA EntityManagerFactory for persistence unit 'default'
2026-10-09 13:21:53 [restartedMain] WARN  o.h.t.s.i.ExceptionHandlerLoggedImpl - GenerationTarget encountered exception accepting command : Error executing DDL "
    alter table if exists siscoescola.tb_link_internet 
       add constraint FKbpujcjql7m3e4biq28wtq5lte 
       foreign key (uuid_contrato_net) 
       references siscoescola.tb_contrato_net" via JDBC [ERRO: relação "siscoescola.tb_contrato_net" não existe]
org.hibernate.tool.schema.spi.CommandAcceptanceException: Error executing DDL "
    alter table if exists siscoescola.tb_link_internet 
       add constraint FKbpujcjql7m3e4biq28wtq5lte 
       foreign key (uuid_contrato_net) 
       references siscoescola.tb_contrato_net" via JDBC [ERRO: relação "siscoescola.tb_contrato_net" não existe]
	at org.hibernate.tool.schema.internal.exec.GenerationTargetToDatabase.accept(GenerationTargetToDatabase.java:81)
	at org.hibernate.tool.schema.internal.Helper.applySqlString(Helper.java:218)
	at org.hibernate.tool.schema.internal.Helper.applySqlStrings(Helper.java:204)
	at org.hibernate.tool.schema.internal.SchemaCreatorImpl.createForeignKeys(SchemaCreatorImpl.java:281)
	at org.hibernate.tool.schema.internal.SchemaCreatorImpl.createFromMetadata(SchemaCreatorImpl.java:227)
	at org.hibernate.tool.schema.internal.SchemaCreatorImpl.performCreation(SchemaCreatorImpl.java:151)
	at org.hibernate.tool.schema.internal.SchemaCreatorImpl.doCreation(SchemaCreatorImpl.java:121)
	at org.hibernate.tool.schema.internal.SchemaCreatorImpl.doCreation(SchemaCreatorImpl.java:97)
	at org.hibernate.tool.schema.spi.SchemaManagementToolCoordinator.performDatabaseAction(SchemaManagementToolCoordinator.java:239)
	at org.hibernate.tool.schema.spi.SchemaManagementToolCoordinator.lambda$process$1(SchemaManagementToolCoordinator.java:101)
	at java.base/java.util.HashMap.forEach(HashMap.java:1429)
	at org.hibernate.tool.schema.spi.SchemaManagementToolCoordinator.process(SchemaManagementToolCoordinator.java:100)
	at org.hibernate.boot.internal.SessionFactoryObserverForSchemaExport.sessionFactoryCreated(SessionFactoryObserverForSchemaExport.java:35)
	at org.hibernate.internal.SessionFactoryObserverChain.sessionFactoryCreated(SessionFactoryObserverChain.java:33)
	at org.hibernate.internal.SessionFactoryImpl.<init>(SessionFactoryImpl.java:323)
	at org.hibernate.internal.SessionFactoryRegistry.instantiateSessionFactory(SessionFactoryRegistry.java:64)
	at org.hibernate.boot.internal.SessionFactoryBuilderImpl.build(SessionFactoryBuilderImpl.java:437)
	at org.hibernate.jpa.boot.internal.EntityManagerFactoryBuilderImpl.build(EntityManagerFactoryBuilderImpl.java:1456)
	at org.springframework.orm.jpa.vendor.SpringHibernateJpaPersistenceProvider.createContainerEntityManagerFactory(SpringHibernateJpaPersistenceProvider.java:93)
	at org.springframework.orm.jpa.LocalContainerEntityManagerFactoryBean.createNativeEntityManagerFactory(LocalContainerEntityManagerFactoryBean.java:443)
	at org.springframework.orm.jpa.AbstractEntityManagerFactoryBean.buildNativeEntityManagerFactory(AbstractEntityManagerFactoryBean.java:436)
	at org.springframework.orm.jpa.AbstractEntityManagerFactoryBean.afterPropertiesSet(AbstractEntityManagerFactoryBean.java:411)
	at org.springframework.orm.jpa.LocalContainerEntityManagerFactoryBean.afterPropertiesSet(LocalContainerEntityManagerFactoryBean.java:419)
	at org.springframework.beans.factory.support.AbstractAutowireCapableBeanFactory.invokeInitMethods(AbstractAutowireCapableBeanFactory.java:1862)
	at org.springframework.beans.factory.support.AbstractAutowireCapableBeanFactory.initializeBean(AbstractAutowireCapableBeanFactory.java:1811)
	at org.springframework.beans.factory.support.AbstractAutowireCapableBeanFactory.doCreateBean(AbstractAutowireCapableBeanFactory.java:603)
	at org.springframework.beans.factory.support.AbstractAutowireCapableBeanFactory.createBean(AbstractAutowireCapableBeanFactory.java:525)
	at org.springframework.beans.factory.support.AbstractBeanFactory.lambda$doGetBean$0(AbstractBeanFactory.java:333)
	at org.springframework.beans.factory.support.DefaultSingletonBeanRegistry.getSingleton(DefaultSingletonBeanRegistry.java:371)
	at org.springframework.beans.factory.support.AbstractBeanFactory.doGetBean(AbstractBeanFactory.java:331)
	at org.springframework.beans.factory.support.AbstractBeanFactory.getBean(AbstractBeanFactory.java:196)
	at org.springframework.beans.factory.support.BeanDefinitionValueResolver.resolveReference(BeanDefinitionValueResolver.java:365)
	at org.springframework.beans.factory.support.BeanDefinitionValueResolver.resolveValueIfNecessary(BeanDefinitionValueResolver.java:135)
	at org.springframework.beans.factory.support.ConstructorResolver.resolveConstructorArguments(ConstructorResolver.java:691)
	at org.springframework.beans.factory.support.ConstructorResolver.instantiateUsingFactoryMethod(ConstructorResolver.java:513)
	at org.springframework.beans.factory.support.AbstractAutowireCapableBeanFactory.instantiateUsingFactoryMethod(AbstractAutowireCapableBeanFactory.java:1360)
	at org.springframework.beans.factory.support.AbstractAutowireCapableBeanFactory.createBeanInstance(AbstractAutowireCapableBeanFactory.java:1192)
	at org.springframework.beans.factory.support.AbstractAutowireCapableBeanFactory.doCreateBean(AbstractAutowireCapableBeanFactory.java:565)
	at org.springframework.beans.factory.support.AbstractAutowireCapableBeanFactory.createBean(AbstractAutowireCapableBeanFactory.java:525)
	at org.springframework.beans.factory.support.AbstractBeanFactory.lambda$doGetBean$0(AbstractBeanFactory.java:333)
	at org.springframework.beans.factory.support.DefaultSingletonBeanRegistry.getSingleton(DefaultSingletonBeanRegistry.java:371)
	at org.springframework.beans.factory.support.AbstractBeanFactory.doGetBean(AbstractBeanFactory.java:331)
	at org.springframework.beans.factory.support.AbstractBeanFactory.getBean(AbstractBeanFactory.java:201)
	at org.springframework.beans.factory.support.BeanDefinitionValueResolver.resolveReference(BeanDefinitionValueResolver.java:356)
	at org.springframework.beans.factory.support.BeanDefinitionValueResolver.resolveValueIfNecessary(BeanDefinitionValueResolver.java:135)
	at org.springframework.beans.factory.support.AbstractAutowireCapableBeanFactory.applyPropertyValues(AbstractAutowireCapableBeanFactory.java:1710)
	at org.springframework.beans.factory.support.AbstractAutowireCapableBeanFactory.populateBean(AbstractAutowireCapableBeanFactory.java:1459)
	at org.springframework.beans.factory.support.AbstractAutowireCapableBeanFactory.doCreateBean(AbstractAutowireCapableBeanFactory.java:602)
	at org.springframework.beans.factory.support.AbstractAutowireCapableBeanFactory.createBean(AbstractAutowireCapableBeanFactory.java:525)
	at org.springframework.beans.factory.support.AbstractBeanFactory.lambda$doGetBean$0(AbstractBeanFactory.java:333)
	at org.springframework.beans.factory.support.DefaultSingletonBeanRegistry.getSingleton(DefaultSingletonBeanRegistry.java:371)
	at org.springframework.beans.factory.support.AbstractBeanFactory.doGetBean(AbstractBeanFactory.java:331)
	at org.springframework.beans.factory.support.AbstractBeanFactory.getBean(AbstractBeanFactory.java:201)
	at org.springframework.beans.factory.support.DefaultListableBeanFactory.resolveBean(DefaultListableBeanFactory.java:1232)
	at org.springframework.beans.factory.support.DefaultListableBeanFactory.doResolveDependency(DefaultListableBeanFactory.java:1711)
	at org.springframework.beans.factory.support.DefaultListableBeanFactory.resolveDependency(DefaultListableBeanFactory.java:1658)
	at org.springframework.beans.factory.support.ConstructorResolver.resolveAutowiredArgument(ConstructorResolver.java:912)
	at org.springframework.beans.factory.support.ConstructorResolver.createArgumentArray(ConstructorResolver.java:791)
	at org.springframework.beans.factory.support.ConstructorResolver.autowireConstructor(ConstructorResolver.java:240)
	at org.springframework.beans.factory.support.AbstractAutowireCapableBeanFactory.autowireConstructor(AbstractAutowireCapableBeanFactory.java:1380)
	at org.springframework.beans.factory.support.AbstractAutowireCapableBeanFactory.createBeanInstance(AbstractAutowireCapableBeanFactory.java:1219)
	at org.springframework.beans.factory.support.AbstractAutowireCapableBeanFactory.doCreateBean(AbstractAutowireCapableBeanFactory.java:565)
	at org.springframework.beans.factory.support.AbstractAutowireCapableBeanFactory.createBean(AbstractAutowireCapableBeanFactory.java:525)
	at org.springframework.beans.factory.support.AbstractBeanFactory.lambda$doGetBean$0(AbstractBeanFactory.java:333)
	at org.springframework.beans.factory.support.DefaultSingletonBeanRegistry.getSingleton(DefaultSingletonBeanRegistry.java:371)
	at org.springframework.beans.factory.support.AbstractBeanFactory.doGetBean(AbstractBeanFactory.java:331)
	at org.springframework.beans.factory.support.AbstractBeanFactory.getBean(AbstractBeanFactory.java:201)
	at org.springframework.beans.factory.config.DependencyDescriptor.resolveCandidate(DependencyDescriptor.java:229)
	at org.springframework.beans.factory.support.DefaultListableBeanFactory.doResolveDependency(DefaultListableBeanFactory.java:1769)
	at org.springframework.beans.factory.support.DefaultListableBeanFactory.resolveDependency(DefaultListableBeanFactory.java:1658)
	at org.springframework.beans.factory.support.ConstructorResolver.resolveAutowiredArgument(ConstructorResolver.java:912)
	at org.springframework.beans.factory.support.ConstructorResolver.createArgumentArray(ConstructorResolver.java:791)
	at org.springframework.beans.factory.support.ConstructorResolver.autowireConstructor(ConstructorResolver.java:240)
	at org.springframework.beans.factory.support.AbstractAutowireCapableBeanFactory.autowireConstructor(AbstractAutowireCapableBeanFactory.java:1380)
	at org.springframework.beans.factory.support.AbstractAutowireCapableBeanFactory.createBeanInstance(AbstractAutowireCapableBeanFactory.java:1219)
	at org.springframework.beans.factory.support.AbstractAutowireCapableBeanFactory.doCreateBean(AbstractAutowireCapableBeanFactory.java:565)
	at org.springframework.beans.factory.support.AbstractAutowireCapableBeanFactory.createBean(AbstractAutowireCapableBeanFactory.java:525)
	at org.springframework.beans.factory.support.AbstractBeanFactory.lambda$doGetBean$0(AbstractBeanFactory.java:333)
	at org.springframework.beans.factory.support.DefaultSingletonBeanRegistry.getSingleton(DefaultSingletonBeanRegistry.java:371)
	at org.springframework.beans.factory.support.AbstractBeanFactory.doGetBean(AbstractBeanFactory.java:331)
	at org.springframework.beans.factory.support.AbstractBeanFactory.getBean(AbstractBeanFactory.java:201)
	at org.springframework.boot.web.servlet.ServletContextInitializerBeans.getOrderedBeansOfType(ServletContextInitializerBeans.java:231)
	at org.springframework.boot.web.servlet.ServletContextInitializerBeans.addAsRegistrationBean(ServletContextInitializerBeans.java:185)
	at org.springframework.boot.web.servlet.ServletContextInitializerBeans.addAsRegistrationBean(ServletContextInitializerBeans.java:180)
	at org.springframework.boot.web.servlet.ServletContextInitializerBeans.addAdaptableBeans(ServletContextInitializerBeans.java:165)
	at org.springframework.boot.web.servlet.ServletContextInitializerBeans.<init>(ServletContextInitializerBeans.java:97)
	at org.springframework.boot.web.context.servlet.WebApplicationContextInitializer.initialize(WebApplicationContextInitializer.java:53)
	at org.springframework.boot.tomcat.servlet.DeferredServletContainerInitializers.onStartup(DeferredServletContainerInitializers.java:55)
	at org.apache.catalina.core.StandardContext.startInternal(StandardContext.java:4420)
	at org.apache.catalina.util.LifecycleBase.start(LifecycleBase.java:164)
	at org.apache.catalina.core.ContainerBase$StartChild.call(ContainerBase.java:1162)
	at org.apache.catalina.core.ContainerBase$StartChild.call(ContainerBase.java:1158)
	at java.base/java.util.concurrent.FutureTask.run(FutureTask.java:317)
	at org.apache.tomcat.util.threads.InlineExecutorService.execute(InlineExecutorService.java:81)
	at java.base/java.util.concurrent.AbstractExecutorService.submit(AbstractExecutorService.java:145)
	at org.apache.catalina.core.ContainerBase.startInternal(ContainerBase.java:714)
	at org.apache.catalina.core.StandardHost.startInternal(StandardHost.java:780)
	at org.apache.catalina.util.LifecycleBase.start(LifecycleBase.java:164)
	at org.apache.catalina.core.ContainerBase$StartChild.call(ContainerBase.java:1162)
	at org.apache.catalina.core.ContainerBase$StartChild.call(ContainerBase.java:1158)
	at java.base/java.util.concurrent.FutureTask.run(FutureTask.java:317)
	at org.apache.tomcat.util.threads.InlineExecutorService.execute(InlineExecutorService.java:81)
	at java.base/java.util.concurrent.AbstractExecutorService.submit(AbstractExecutorService.java:145)
	at org.apache.catalina.core.ContainerBase.startInternal(ContainerBase.java:714)
	at org.apache.catalina.core.StandardEngine.startInternal(StandardEngine.java:201)
	at org.apache.catalina.util.LifecycleBase.start(LifecycleBase.java:164)
	at org.apache.catalina.core.StandardService.startInternal(StandardService.java:410)
	at org.apache.catalina.util.LifecycleBase.start(LifecycleBase.java:164)
	at org.apache.catalina.core.StandardServer.startInternal(StandardServer.java:864)
	at org.apache.catalina.util.LifecycleBase.start(LifecycleBase.java:164)
	at org.apache.catalina.startup.Tomcat.start(Tomcat.java:435)
	at org.springframework.boot.tomcat.TomcatWebServer.initialize(TomcatWebServer.java:131)
	at org.springframework.boot.tomcat.TomcatWebServer.<init>(TomcatWebServer.java:110)
	at org.springframework.boot.tomcat.servlet.TomcatServletWebServerFactory.getTomcatWebServer(TomcatServletWebServerFactory.java:408)
	at org.springframework.boot.tomcat.servlet.TomcatServletWebServerFactory.getWebServer(TomcatServletWebServerFactory.java:166)
	at org.springframework.boot.web.server.servlet.context.ServletWebServerApplicationContext.createWebServer(ServletWebServerApplicationContext.java:190)
	at org.springframework.boot.web.server.servlet.context.ServletWebServerApplicationContext.onRefresh(ServletWebServerApplicationContext.java:164)
	at org.springframework.context.support.AbstractApplicationContext.refresh(AbstractApplicationContext.java:615)
	at org.springframework.boot.web.server.servlet.context.ServletWebServerApplicationContext.refresh(ServletWebServerApplicationContext.java:143)
	at org.springframework.boot.SpringApplication.refresh(SpringApplication.java:756)
	at org.springframework.boot.SpringApplication.refreshContext(SpringApplication.java:445)
	at org.springframework.boot.SpringApplication.run(SpringApplication.java:321)
	at org.springframework.boot.SpringApplication.run(SpringApplication.java:1365)
	at org.springframework.boot.SpringApplication.run(SpringApplication.java:1354)
	at com.sisco_e.escola.SiscoEApplication.main(SiscoEApplication.java:12)
	at java.base/jdk.internal.reflect.DirectMethodHandleAccessor.invoke(DirectMethodHandleAccessor.java:103)
	at java.base/java.lang.reflect.Method.invoke(Method.java:580)
	at org.springframework.boot.devtools.restart.RestartLauncher.run(RestartLauncher.java:52)
Caused by: org.postgresql.util.PSQLException: ERRO: relação "siscoescola.tb_contrato_net" não existe
	at org.postgresql.core.v3.QueryExecutorImpl.receiveErrorResponse(QueryExecutorImpl.java:2904)
	at org.postgresql.core.v3.QueryExecutorImpl.processResults(QueryExecutorImpl.java:2589)
	at org.postgresql.core.v3.QueryExecutorImpl.execute(QueryExecutorImpl.java:431)
	at org.postgresql.jdbc.PgStatement.executeInternal(PgStatement.java:534)
	at org.postgresql.jdbc.PgStatement.execute(PgStatement.java:437)
	at org.postgresql.jdbc.PgStatement.executeWithFlags(PgStatement.java:359)
	at org.postgresql.jdbc.PgStatement.executeCachedSql(PgStatement.java:344)
	at org.postgresql.jdbc.PgStatement.executeWithFlags(PgStatement.java:320)
	at org.postgresql.jdbc.PgStatement.execute(PgStatement.java:315)
	at com.zaxxer.hikari.pool.ProxyStatement.execute(ProxyStatement.java:95)
	at com.zaxxer.hikari.pool.HikariProxyStatement.execute(HikariProxyStatement.java)
	at org.hibernate.tool.schema.internal.exec.GenerationTargetToDatabase.accept(GenerationTargetToDatabase.java:76)
	... 127 common frames omitted
2026-10-09 13:21:53 [restartedMain] WARN  o.h.t.s.i.ExceptionHandlerLoggedImpl - GenerationTarget encountered exception accepting command : Error executing DDL "
    alter table if exists siscoescola.tb_link_internet 
       add constraint FK56x6g8w8nlp0xd1lplfnd3ra6 
       foreign key (uuid_escola) 
       references siscoescola.tb_escola" via JDBC [ERRO: restrição "fk56x6g8w8nlp0xd1lplfnd3ra6" para relação "tb_link_internet" já existe]
org.hibernate.tool.schema.spi.CommandAcceptanceException: Error executing DDL "
    alter table if exists siscoescola.tb_link_internet 
       add constraint FK56x6g8w8nlp0xd1lplfnd3ra6 
       foreign key (uuid_escola) 
       references siscoescola.tb_escola" via JDBC [ERRO: restrição "fk56x6g8w8nlp0xd1lplfnd3ra6" para relação "tb_link_internet" já existe]
	at org.hibernate.tool.schema.internal.exec.GenerationTargetToDatabase.accept(GenerationTargetToDatabase.java:81)
	at org.hibernate.tool.schema.internal.Helper.applySqlString(Helper.java:218)
	at org.hibernate.tool.schema.internal.Helper.applySqlStrings(Helper.java:204)
	at org.hibernate.tool.schema.internal.SchemaCreatorImpl.createForeignKeys(SchemaCreatorImpl.java:281)
	at org.hibernate.tool.schema.internal.SchemaCreatorImpl.createFromMetadata(SchemaCreatorImpl.java:227)
	at org.hibernate.tool.schema.internal.SchemaCreatorImpl.performCreation(SchemaCreatorImpl.java:151)
	at org.hibernate.tool.schema.internal.SchemaCreatorImpl.doCreation(SchemaCreatorImpl.java:121)
	at org.hibernate.tool.schema.internal.SchemaCreatorImpl.doCreation(SchemaCreatorImpl.java:97)
	at org.hibernate.tool.schema.spi.SchemaManagementToolCoordinator.performDatabaseAction(SchemaManagementToolCoordinator.java:239)
	at org.hibernate.tool.schema.spi.SchemaManagementToolCoordinator.lambda$process$1(SchemaManagementToolCoordinator.java:101)
	at java.base/java.util.HashMap.forEach(HashMap.java:1429)
	at org.hibernate.tool.schema.spi.SchemaManagementToolCoordinator.process(SchemaManagementToolCoordinator.java:100)
	at org.hibernate.boot.internal.SessionFactoryObserverForSchemaExport.sessionFactoryCreated(SessionFactoryObserverForSchemaExport.java:35)
	at org.hibernate.internal.SessionFactoryObserverChain.sessionFactoryCreated(SessionFactoryObserverChain.java:33)
	at org.hibernate.internal.SessionFactoryImpl.<init>(SessionFactoryImpl.java:323)
	at org.hibernate.internal.SessionFactoryRegistry.instantiateSessionFactory(SessionFactoryRegistry.java:64)
	at org.hibernate.boot.internal.SessionFactoryBuilderImpl.build(SessionFactoryBuilderImpl.java:437)
	at org.hibernate.jpa.boot.internal.EntityManagerFactoryBuilderImpl.build(EntityManagerFactoryBuilderImpl.java:1456)
	at org.springframework.orm.jpa.vendor.SpringHibernateJpaPersistenceProvider.createContainerEntityManagerFactory(SpringHibernateJpaPersistenceProvider.java:93)
	at org.springframework.orm.jpa.LocalContainerEntityManagerFactoryBean.createNativeEntityManagerFactory(LocalContainerEntityManagerFactoryBean.java:443)
	at org.springframework.orm.jpa.AbstractEntityManagerFactoryBean.buildNativeEntityManagerFactory(AbstractEntityManagerFactoryBean.java:436)
	at org.springframework.orm.jpa.AbstractEntityManagerFactoryBean.afterPropertiesSet(AbstractEntityManagerFactoryBean.java:411)
	at org.springframework.orm.jpa.LocalContainerEntityManagerFactoryBean.afterPropertiesSet(LocalContainerEntityManagerFactoryBean.java:419)
	at org.springframework.beans.factory.support.AbstractAutowireCapableBeanFactory.invokeInitMethods(AbstractAutowireCapableBeanFactory.java:1862)
	at org.springframework.beans.factory.support.AbstractAutowireCapableBeanFactory.initializeBean(AbstractAutowireCapableBeanFactory.java:1811)
	at org.springframework.beans.factory.support.AbstractAutowireCapableBeanFactory.doCreateBean(AbstractAutowireCapableBeanFactory.java:603)
	at org.springframework.beans.factory.support.AbstractAutowireCapableBeanFactory.createBean(AbstractAutowireCapableBeanFactory.java:525)
	at org.springframework.beans.factory.support.AbstractBeanFactory.lambda$doGetBean$0(AbstractBeanFactory.java:333)
	at org.springframework.beans.factory.support.DefaultSingletonBeanRegistry.getSingleton(DefaultSingletonBeanRegistry.java:371)
	at org.springframework.beans.factory.support.AbstractBeanFactory.doGetBean(AbstractBeanFactory.java:331)
	at org.springframework.beans.factory.support.AbstractBeanFactory.getBean(AbstractBeanFactory.java:196)
	at org.springframework.beans.factory.support.BeanDefinitionValueResolver.resolveReference(BeanDefinitionValueResolver.java:365)
	at org.springframework.beans.factory.support.BeanDefinitionValueResolver.resolveValueIfNecessary(BeanDefinitionValueResolver.java:135)
	at org.springframework.beans.factory.support.ConstructorResolver.resolveConstructorArguments(ConstructorResolver.java:691)
	at org.springframework.beans.factory.support.ConstructorResolver.instantiateUsingFactoryMethod(ConstructorResolver.java:513)
	at org.springframework.beans.factory.support.AbstractAutowireCapableBeanFactory.instantiateUsingFactoryMethod(AbstractAutowireCapableBeanFactory.java:1360)
	at org.springframework.beans.factory.support.AbstractAutowireCapableBeanFactory.createBeanInstance(AbstractAutowireCapableBeanFactory.java:1192)
	at org.springframework.beans.factory.support.AbstractAutowireCapableBeanFactory.doCreateBean(AbstractAutowireCapableBeanFactory.java:565)
	at org.springframework.beans.factory.support.AbstractAutowireCapableBeanFactory.createBean(AbstractAutowireCapableBeanFactory.java:525)
	at org.springframework.beans.factory.support.AbstractBeanFactory.lambda$doGetBean$0(AbstractBeanFactory.java:333)
	at org.springframework.beans.factory.support.DefaultSingletonBeanRegistry.getSingleton(DefaultSingletonBeanRegistry.java:371)
	at org.springframework.beans.factory.support.AbstractBeanFactory.doGetBean(AbstractBeanFactory.java:331)
	at org.springframework.beans.factory.support.AbstractBeanFactory.getBean(AbstractBeanFactory.java:201)
	at org.springframework.beans.factory.support.BeanDefinitionValueResolver.resolveReference(BeanDefinitionValueResolver.java:356)
	at org.springframework.beans.factory.support.BeanDefinitionValueResolver.resolveValueIfNecessary(BeanDefinitionValueResolver.java:135)
	at org.springframework.beans.factory.support.AbstractAutowireCapableBeanFactory.applyPropertyValues(AbstractAutowireCapableBeanFactory.java:1710)
	at org.springframework.beans.factory.support.AbstractAutowireCapableBeanFactory.populateBean(AbstractAutowireCapableBeanFactory.java:1459)
	at org.springframework.beans.factory.support.AbstractAutowireCapableBeanFactory.doCreateBean(AbstractAutowireCapableBeanFactory.java:602)
	at org.springframework.beans.factory.support.AbstractAutowireCapableBeanFactory.createBean(AbstractAutowireCapableBeanFactory.java:525)
	at org.springframework.beans.factory.support.AbstractBeanFactory.lambda$doGetBean$0(AbstractBeanFactory.java:333)
	at org.springframework.beans.factory.support.DefaultSingletonBeanRegistry.getSingleton(DefaultSingletonBeanRegistry.java:371)
	at org.springframework.beans.factory.support.AbstractBeanFactory.doGetBean(AbstractBeanFactory.java:331)
	at org.springframework.beans.factory.support.AbstractBeanFactory.getBean(AbstractBeanFactory.java:201)
	at org.springframework.beans.factory.support.DefaultListableBeanFactory.resolveBean(DefaultListableBeanFactory.java:1232)
	at org.springframework.beans.factory.support.DefaultListableBeanFactory.doResolveDependency(DefaultListableBeanFactory.java:1711)
	at org.springframework.beans.factory.support.DefaultListableBeanFactory.resolveDependency(DefaultListableBeanFactory.java:1658)
	at org.springframework.beans.factory.support.ConstructorResolver.resolveAutowiredArgument(ConstructorResolver.java:912)
	at org.springframework.beans.factory.support.ConstructorResolver.createArgumentArray(ConstructorResolver.java:791)
	at org.springframework.beans.factory.support.ConstructorResolver.autowireConstructor(ConstructorResolver.java:240)
	at org.springframework.beans.factory.support.AbstractAutowireCapableBeanFactory.autowireConstructor(AbstractAutowireCapableBeanFactory.java:1380)
	at org.springframework.beans.factory.support.AbstractAutowireCapableBeanFactory.createBeanInstance(AbstractAutowireCapableBeanFactory.java:1219)
	at org.springframework.beans.factory.support.AbstractAutowireCapableBeanFactory.doCreateBean(AbstractAutowireCapableBeanFactory.java:565)
	at org.springframework.beans.factory.support.AbstractAutowireCapableBeanFactory.createBean(AbstractAutowireCapableBeanFactory.java:525)
	at org.springframework.beans.factory.support.AbstractBeanFactory.lambda$doGetBean$0(AbstractBeanFactory.java:333)
	at org.springframework.beans.factory.support.DefaultSingletonBeanRegistry.getSingleton(DefaultSingletonBeanRegistry.java:371)
	at org.springframework.beans.factory.support.AbstractBeanFactory.doGetBean(AbstractBeanFactory.java:331)
	at org.springframework.beans.factory.support.AbstractBeanFactory.getBean(AbstractBeanFactory.java:201)
	at org.springframework.beans.factory.config.DependencyDescriptor.resolveCandidate(DependencyDescriptor.java:229)
	at org.springframework.beans.factory.support.DefaultListableBeanFactory.doResolveDependency(DefaultListableBeanFactory.java:1769)
	at org.springframework.beans.factory.support.DefaultListableBeanFactory.resolveDependency(DefaultListableBeanFactory.java:1658)
	at org.springframework.beans.factory.support.ConstructorResolver.resolveAutowiredArgument(ConstructorResolver.java:912)
	at org.springframework.beans.factory.support.ConstructorResolver.createArgumentArray(ConstructorResolver.java:791)
	at org.springframework.beans.factory.support.ConstructorResolver.autowireConstructor(ConstructorResolver.java:240)
	at org.springframework.beans.factory.support.AbstractAutowireCapableBeanFactory.autowireConstructor(AbstractAutowireCapableBeanFactory.java:1380)
	at org.springframework.beans.factory.support.AbstractAutowireCapableBeanFactory.createBeanInstance(AbstractAutowireCapableBeanFactory.java:1219)
	at org.springframework.beans.factory.support.AbstractAutowireCapableBeanFactory.doCreateBean(AbstractAutowireCapableBeanFactory.java:565)
	at org.springframework.beans.factory.support.AbstractAutowireCapableBeanFactory.createBean(AbstractAutowireCapableBeanFactory.java:525)
	at org.springframework.beans.factory.support.AbstractBeanFactory.lambda$doGetBean$0(AbstractBeanFactory.java:333)
	at org.springframework.beans.factory.support.DefaultSingletonBeanRegistry.getSingleton(DefaultSingletonBeanRegistry.java:371)
	at org.springframework.beans.factory.support.AbstractBeanFactory.doGetBean(AbstractBeanFactory.java:331)
	at org.springframework.beans.factory.support.AbstractBeanFactory.getBean(AbstractBeanFactory.java:201)
	at org.springframework.boot.web.servlet.ServletContextInitializerBeans.getOrderedBeansOfType(ServletContextInitializerBeans.java:231)
	at org.springframework.boot.web.servlet.ServletContextInitializerBeans.addAsRegistrationBean(ServletContextInitializerBeans.java:185)
	at org.springframework.boot.web.servlet.ServletContextInitializerBeans.addAsRegistrationBean(ServletContextInitializerBeans.java:180)
	at org.springframework.boot.web.servlet.ServletContextInitializerBeans.addAdaptableBeans(ServletContextInitializerBeans.java:165)
	at org.springframework.boot.web.servlet.ServletContextInitializerBeans.<init>(ServletContextInitializerBeans.java:97)
	at org.springframework.boot.web.context.servlet.WebApplicationContextInitializer.initialize(WebApplicationContextInitializer.java:53)
	at org.springframework.boot.tomcat.servlet.DeferredServletContainerInitializers.onStartup(DeferredServletContainerInitializers.java:55)
	at org.apache.catalina.core.StandardContext.startInternal(StandardContext.java:4420)
	at org.apache.catalina.util.LifecycleBase.start(LifecycleBase.java:164)
	at org.apache.catalina.core.ContainerBase$StartChild.call(ContainerBase.java:1162)
	at org.apache.catalina.core.ContainerBase$StartChild.call(ContainerBase.java:1158)
	at java.base/java.util.concurrent.FutureTask.run(FutureTask.java:317)
	at org.apache.tomcat.util.threads.InlineExecutorService.execute(InlineExecutorService.java:81)
	at java.base/java.util.concurrent.AbstractExecutorService.submit(AbstractExecutorService.java:145)
	at org.apache.catalina.core.ContainerBase.startInternal(ContainerBase.java:714)
	at org.apache.catalina.core.StandardHost.startInternal(StandardHost.java:780)
	at org.apache.catalina.util.LifecycleBase.start(LifecycleBase.java:164)
	at org.apache.catalina.core.ContainerBase$StartChild.call(ContainerBase.java:1162)
	at org.apache.catalina.core.ContainerBase$StartChild.call(ContainerBase.java:1158)
	at java.base/java.util.concurrent.FutureTask.run(FutureTask.java:317)
	at org.apache.tomcat.util.threads.InlineExecutorService.execute(InlineExecutorService.java:81)
	at java.base/java.util.concurrent.AbstractExecutorService.submit(AbstractExecutorService.java:145)
	at org.apache.catalina.core.ContainerBase.startInternal(ContainerBase.java:714)
	at org.apache.catalina.core.StandardEngine.startInternal(StandardEngine.java:201)
	at org.apache.catalina.util.LifecycleBase.start(LifecycleBase.java:164)
	at org.apache.catalina.core.StandardService.startInternal(StandardService.java:410)
	at org.apache.catalina.util.LifecycleBase.start(LifecycleBase.java:164)
	at org.apache.catalina.core.StandardServer.startInternal(StandardServer.java:864)
	at org.apache.catalina.util.LifecycleBase.start(LifecycleBase.java:164)
	at org.apache.catalina.startup.Tomcat.start(Tomcat.java:435)
	at org.springframework.boot.tomcat.TomcatWebServer.initialize(TomcatWebServer.java:131)
	at org.springframework.boot.tomcat.TomcatWebServer.<init>(TomcatWebServer.java:110)
	at org.springframework.boot.tomcat.servlet.TomcatServletWebServerFactory.getTomcatWebServer(TomcatServletWebServerFactory.java:408)
	at org.springframework.boot.tomcat.servlet.TomcatServletWebServerFactory.getWebServer(TomcatServletWebServerFactory.java:166)
	at org.springframework.boot.web.server.servlet.context.ServletWebServerApplicationContext.createWebServer(ServletWebServerApplicationContext.java:190)
	at org.springframework.boot.web.server.servlet.context.ServletWebServerApplicationContext.onRefresh(ServletWebServerApplicationContext.java:164)
	at org.springframework.context.support.AbstractApplicationContext.refresh(AbstractApplicationContext.java:615)
	at org.springframework.boot.web.server.servlet.context.ServletWebServerApplicationContext.refresh(ServletWebServerApplicationContext.java:143)
	at org.springframework.boot.SpringApplication.refresh(SpringApplication.java:756)
	at org.springframework.boot.SpringApplication.refreshContext(SpringApplication.java:445)
	at org.springframework.boot.SpringApplication.run(SpringApplication.java:321)
	at org.springframework.boot.SpringApplication.run(SpringApplication.java:1365)
	at org.springframework.boot.SpringApplication.run(SpringApplication.java:1354)
	at com.sisco_e.escola.SiscoEApplication.main(SiscoEApplication.java:12)
	at java.base/jdk.internal.reflect.DirectMethodHandleAccessor.invoke(DirectMethodHandleAccessor.java:103)
	at java.base/java.lang.reflect.Method.invoke(Method.java:580)
	at org.springframework.boot.devtools.restart.RestartLauncher.run(RestartLauncher.java:52)
Caused by: org.postgresql.util.PSQLException: ERRO: restrição "fk56x6g8w8nlp0xd1lplfnd3ra6" para relação "tb_link_internet" já existe
	at org.postgresql.core.v3.QueryExecutorImpl.receiveErrorResponse(QueryExecutorImpl.java:2904)
	at org.postgresql.core.v3.QueryExecutorImpl.processResults(QueryExecutorImpl.java:2589)
	at org.postgresql.core.v3.QueryExecutorImpl.execute(QueryExecutorImpl.java:431)
	at org.postgresql.jdbc.PgStatement.executeInternal(PgStatement.java:534)
	at org.postgresql.jdbc.PgStatement.execute(PgStatement.java:437)
	at org.postgresql.jdbc.PgStatement.executeWithFlags(PgStatement.java:359)
	at org.postgresql.jdbc.PgStatement.executeCachedSql(PgStatement.java:344)
	at org.postgresql.jdbc.PgStatement.executeWithFlags(PgStatement.java:320)
	at org.postgresql.jdbc.PgStatement.execute(PgStatement.java:315)
	at com.zaxxer.hikari.pool.ProxyStatement.execute(ProxyStatement.java:95)
	at com.zaxxer.hikari.pool.HikariProxyStatement.execute(HikariProxyStatement.java)
	at org.hibernate.tool.schema.internal.exec.GenerationTargetToDatabase.accept(GenerationTargetToDatabase.java:76)
	... 127 common frames omitted
2026-10-09 13:21:53 [restartedMain] WARN  o.h.t.s.i.ExceptionHandlerLoggedImpl - GenerationTarget encountered exception accepting command : Error executing DDL "
    alter table if exists siscoescola.tb_link_internet 
       add constraint FKoscyx5jrihe4biu3w9qlbvr33 
       foreign key (uuid_provedor) 
       references siscoescola.tb_provedor_net" via JDBC [ERRO: restrição "fkoscyx5jrihe4biu3w9qlbvr33" para relação "tb_link_internet" já existe]
org.hibernate.tool.schema.spi.CommandAcceptanceException: Error executing DDL "
    alter table if exists siscoescola.tb_link_internet 
       add constraint FKoscyx5jrihe4biu3w9qlbvr33 
       foreign key (uuid_provedor) 
       references siscoescola.tb_provedor_net" via JDBC [ERRO: restrição "fkoscyx5jrihe4biu3w9qlbvr33" para relação "tb_link_internet" já existe]
	at org.hibernate.tool.schema.internal.exec.GenerationTargetToDatabase.accept(GenerationTargetToDatabase.java:81)
	at org.hibernate.tool.schema.internal.Helper.applySqlString(Helper.java:218)
	at org.hibernate.tool.schema.internal.Helper.applySqlStrings(Helper.java:204)
	at org.hibernate.tool.schema.internal.SchemaCreatorImpl.createForeignKeys(SchemaCreatorImpl.java:281)
	at org.hibernate.tool.schema.internal.SchemaCreatorImpl.createFromMetadata(SchemaCreatorImpl.java:227)
	at org.hibernate.tool.schema.internal.SchemaCreatorImpl.performCreation(SchemaCreatorImpl.java:151)
	at org.hibernate.tool.schema.internal.SchemaCreatorImpl.doCreation(SchemaCreatorImpl.java:121)
	at org.hibernate.tool.schema.internal.SchemaCreatorImpl.doCreation(SchemaCreatorImpl.java:97)
	at org.hibernate.tool.schema.spi.SchemaManagementToolCoordinator.performDatabaseAction(SchemaManagementToolCoordinator.java:239)
	at org.hibernate.tool.schema.spi.SchemaManagementToolCoordinator.lambda$process$1(SchemaManagementToolCoordinator.java:101)
	at java.base/java.util.HashMap.forEach(HashMap.java:1429)
	at org.hibernate.tool.schema.spi.SchemaManagementToolCoordinator.process(SchemaManagementToolCoordinator.java:100)
	at org.hibernate.boot.internal.SessionFactoryObserverForSchemaExport.sessionFactoryCreated(SessionFactoryObserverForSchemaExport.java:35)
	at org.hibernate.internal.SessionFactoryObserverChain.sessionFactoryCreated(SessionFactoryObserverChain.java:33)
	at org.hibernate.internal.SessionFactoryImpl.<init>(SessionFactoryImpl.java:323)
	at org.hibernate.internal.SessionFactoryRegistry.instantiateSessionFactory(SessionFactoryRegistry.java:64)
	at org.hibernate.boot.internal.SessionFactoryBuilderImpl.build(SessionFactoryBuilderImpl.java:437)
	at org.hibernate.jpa.boot.internal.EntityManagerFactoryBuilderImpl.build(EntityManagerFactoryBuilderImpl.java:1456)
	at org.springframework.orm.jpa.vendor.SpringHibernateJpaPersistenceProvider.createContainerEntityManagerFactory(SpringHibernateJpaPersistenceProvider.java:93)
	at org.springframework.orm.jpa.LocalContainerEntityManagerFactoryBean.createNativeEntityManagerFactory(LocalContainerEntityManagerFactoryBean.java:443)
	at org.springframework.orm.jpa.AbstractEntityManagerFactoryBean.buildNativeEntityManagerFactory(AbstractEntityManagerFactoryBean.java:436)
	at org.springframework.orm.jpa.AbstractEntityManagerFactoryBean.afterPropertiesSet(AbstractEntityManagerFactoryBean.java:411)
	at org.springframework.orm.jpa.LocalContainerEntityManagerFactoryBean.afterPropertiesSet(LocalContainerEntityManagerFactoryBean.java:419)
	at org.springframework.beans.factory.support.AbstractAutowireCapableBeanFactory.invokeInitMethods(AbstractAutowireCapableBeanFactory.java:1862)
	at org.springframework.beans.factory.support.AbstractAutowireCapableBeanFactory.initializeBean(AbstractAutowireCapableBeanFactory.java:1811)
	at org.springframework.beans.factory.support.AbstractAutowireCapableBeanFactory.doCreateBean(AbstractAutowireCapableBeanFactory.java:603)
	at org.springframework.beans.factory.support.AbstractAutowireCapableBeanFactory.createBean(AbstractAutowireCapableBeanFactory.java:525)
	at org.springframework.beans.factory.support.AbstractBeanFactory.lambda$doGetBean$0(AbstractBeanFactory.java:333)
	at org.springframework.beans.factory.support.DefaultSingletonBeanRegistry.getSingleton(DefaultSingletonBeanRegistry.java:371)
	at org.springframework.beans.factory.support.AbstractBeanFactory.doGetBean(AbstractBeanFactory.java:331)
	at org.springframework.beans.factory.support.AbstractBeanFactory.getBean(AbstractBeanFactory.java:196)
	at org.springframework.beans.factory.support.BeanDefinitionValueResolver.resolveReference(BeanDefinitionValueResolver.java:365)
	at org.springframework.beans.factory.support.BeanDefinitionValueResolver.resolveValueIfNecessary(BeanDefinitionValueResolver.java:135)
	at org.springframework.beans.factory.support.ConstructorResolver.resolveConstructorArguments(ConstructorResolver.java:691)
	at org.springframework.beans.factory.support.ConstructorResolver.instantiateUsingFactoryMethod(ConstructorResolver.java:513)
	at org.springframework.beans.factory.support.AbstractAutowireCapableBeanFactory.instantiateUsingFactoryMethod(AbstractAutowireCapableBeanFactory.java:1360)
	at org.springframework.beans.factory.support.AbstractAutowireCapableBeanFactory.createBeanInstance(AbstractAutowireCapableBeanFactory.java:1192)
	at org.springframework.beans.factory.support.AbstractAutowireCapableBeanFactory.doCreateBean(AbstractAutowireCapableBeanFactory.java:565)
	at org.springframework.beans.factory.support.AbstractAutowireCapableBeanFactory.createBean(AbstractAutowireCapableBeanFactory.java:525)
	at org.springframework.beans.factory.support.AbstractBeanFactory.lambda$doGetBean$0(AbstractBeanFactory.java:333)
	at org.springframework.beans.factory.support.DefaultSingletonBeanRegistry.getSingleton(DefaultSingletonBeanRegistry.java:371)
	at org.springframework.beans.factory.support.AbstractBeanFactory.doGetBean(AbstractBeanFactory.java:331)
	at org.springframework.beans.factory.support.AbstractBeanFactory.getBean(AbstractBeanFactory.java:201)
	at org.springframework.beans.factory.support.BeanDefinitionValueResolver.resolveReference(BeanDefinitionValueResolver.java:356)
	at org.springframework.beans.factory.support.BeanDefinitionValueResolver.resolveValueIfNecessary(BeanDefinitionValueResolver.java:135)
	at org.springframework.beans.factory.support.AbstractAutowireCapableBeanFactory.applyPropertyValues(AbstractAutowireCapableBeanFactory.java:1710)
	at org.springframework.beans.factory.support.AbstractAutowireCapableBeanFactory.populateBean(AbstractAutowireCapableBeanFactory.java:1459)
	at org.springframework.beans.factory.support.AbstractAutowireCapableBeanFactory.doCreateBean(AbstractAutowireCapableBeanFactory.java:602)
	at org.springframework.beans.factory.support.AbstractAutowireCapableBeanFactory.createBean(AbstractAutowireCapableBeanFactory.java:525)
	at org.springframework.beans.factory.support.AbstractBeanFactory.lambda$doGetBean$0(AbstractBeanFactory.java:333)
	at org.springframework.beans.factory.support.DefaultSingletonBeanRegistry.getSingleton(DefaultSingletonBeanRegistry.java:371)
	at org.springframework.beans.factory.support.AbstractBeanFactory.doGetBean(AbstractBeanFactory.java:331)
	at org.springframework.beans.factory.support.AbstractBeanFactory.getBean(AbstractBeanFactory.java:201)
	at org.springframework.beans.factory.support.DefaultListableBeanFactory.resolveBean(DefaultListableBeanFactory.java:1232)
	at org.springframework.beans.factory.support.DefaultListableBeanFactory.doResolveDependency(DefaultListableBeanFactory.java:1711)
	at org.springframework.beans.factory.support.DefaultListableBeanFactory.resolveDependency(DefaultListableBeanFactory.java:1658)
	at org.springframework.beans.factory.support.ConstructorResolver.resolveAutowiredArgument(ConstructorResolver.java:912)
	at org.springframework.beans.factory.support.ConstructorResolver.createArgumentArray(ConstructorResolver.java:791)
	at org.springframework.beans.factory.support.ConstructorResolver.autowireConstructor(ConstructorResolver.java:240)
	at org.springframework.beans.factory.support.AbstractAutowireCapableBeanFactory.autowireConstructor(AbstractAutowireCapableBeanFactory.java:1380)
	at org.springframework.beans.factory.support.AbstractAutowireCapableBeanFactory.createBeanInstance(AbstractAutowireCapableBeanFactory.java:1219)
	at org.springframework.beans.factory.support.AbstractAutowireCapableBeanFactory.doCreateBean(AbstractAutowireCapableBeanFactory.java:565)
	at org.springframework.beans.factory.support.AbstractAutowireCapableBeanFactory.createBean(AbstractAutowireCapableBeanFactory.java:525)
	at org.springframework.beans.factory.support.AbstractBeanFactory.lambda$doGetBean$0(AbstractBeanFactory.java:333)
	at org.springframework.beans.factory.support.DefaultSingletonBeanRegistry.getSingleton(DefaultSingletonBeanRegistry.java:371)
	at org.springframework.beans.factory.support.AbstractBeanFactory.doGetBean(AbstractBeanFactory.java:331)
	at org.springframework.beans.factory.support.AbstractBeanFactory.getBean(AbstractBeanFactory.java:201)
	at org.springframework.beans.factory.config.DependencyDescriptor.resolveCandidate(DependencyDescriptor.java:229)
	at org.springframework.beans.factory.support.DefaultListableBeanFactory.doResolveDependency(DefaultListableBeanFactory.java:1769)
	at org.springframework.beans.factory.support.DefaultListableBeanFactory.resolveDependency(DefaultListableBeanFactory.java:1658)
	at org.springframework.beans.factory.support.ConstructorResolver.resolveAutowiredArgument(ConstructorResolver.java:912)
	at org.springframework.beans.factory.support.ConstructorResolver.createArgumentArray(ConstructorResolver.java:791)
	at org.springframework.beans.factory.support.ConstructorResolver.autowireConstructor(ConstructorResolver.java:240)
	at org.springframework.beans.factory.support.AbstractAutowireCapableBeanFactory.autowireConstructor(AbstractAutowireCapableBeanFactory.java:1380)
	at org.springframework.beans.factory.support.AbstractAutowireCapableBeanFactory.createBeanInstance(AbstractAutowireCapableBeanFactory.java:1219)
	at org.springframework.beans.factory.support.AbstractAutowireCapableBeanFactory.doCreateBean(AbstractAutowireCapableBeanFactory.java:565)
	at org.springframework.beans.factory.support.AbstractAutowireCapableBeanFactory.createBean(AbstractAutowireCapableBeanFactory.java:525)
	at org.springframework.beans.factory.support.AbstractBeanFactory.lambda$doGetBean$0(AbstractBeanFactory.java:333)
	at org.springframework.beans.factory.support.DefaultSingletonBeanRegistry.getSingleton(DefaultSingletonBeanRegistry.java:371)
	at org.springframework.beans.factory.support.AbstractBeanFactory.doGetBean(AbstractBeanFactory.java:331)
	at org.springframework.beans.factory.support.AbstractBeanFactory.getBean(AbstractBeanFactory.java:201)
	at org.springframework.boot.web.servlet.ServletContextInitializerBeans.getOrderedBeansOfType(ServletContextInitializerBeans.java:231)
	at org.springframework.boot.web.servlet.ServletContextInitializerBeans.addAsRegistrationBean(ServletContextInitializerBeans.java:185)
	at org.springframework.boot.web.servlet.ServletContextInitializerBeans.addAsRegistrationBean(ServletContextInitializerBeans.java:180)
	at org.springframework.boot.web.servlet.ServletContextInitializerBeans.addAdaptableBeans(ServletContextInitializerBeans.java:165)
	at org.springframework.boot.web.servlet.ServletContextInitializerBeans.<init>(ServletContextInitializerBeans.java:97)
	at org.springframework.boot.web.context.servlet.WebApplicationContextInitializer.initialize(WebApplicationContextInitializer.java:53)
	at org.springframework.boot.tomcat.servlet.DeferredServletContainerInitializers.onStartup(DeferredServletContainerInitializers.java:55)
	at org.apache.catalina.core.StandardContext.startInternal(StandardContext.java:4420)
	at org.apache.catalina.util.LifecycleBase.start(LifecycleBase.java:164)
	at org.apache.catalina.core.ContainerBase$StartChild.call(ContainerBase.java:1162)
	at org.apache.catalina.core.ContainerBase$StartChild.call(ContainerBase.java:1158)
	at java.base/java.util.concurrent.FutureTask.run(FutureTask.java:317)
	at org.apache.tomcat.util.threads.InlineExecutorService.execute(InlineExecutorService.java:81)
	at java.base/java.util.concurrent.AbstractExecutorService.submit(AbstractExecutorService.java:145)
	at org.apache.catalina.core.ContainerBase.startInternal(ContainerBase.java:714)
	at org.apache.catalina.core.StandardHost.startInternal(StandardHost.java:780)
	at org.apache.catalina.util.LifecycleBase.start(LifecycleBase.java:164)
	at org.apache.catalina.core.ContainerBase$StartChild.call(ContainerBase.java:1162)
	at org.apache.catalina.core.ContainerBase$StartChild.call(ContainerBase.java:1158)
	at java.base/java.util.concurrent.FutureTask.run(FutureTask.java:317)
	at org.apache.tomcat.util.threads.InlineExecutorService.execute(InlineExecutorService.java:81)
	at java.base/java.util.concurrent.AbstractExecutorService.submit(AbstractExecutorService.java:145)
	at org.apache.catalina.core.ContainerBase.startInternal(ContainerBase.java:714)
	at org.apache.catalina.core.StandardEngine.startInternal(StandardEngine.java:201)
	at org.apache.catalina.util.LifecycleBase.start(LifecycleBase.java:164)
	at org.apache.catalina.core.StandardService.startInternal(StandardService.java:410)
	at org.apache.catalina.util.LifecycleBase.start(LifecycleBase.java:164)
	at org.apache.catalina.core.StandardServer.startInternal(StandardServer.java:864)
	at org.apache.catalina.util.LifecycleBase.start(LifecycleBase.java:164)
	at org.apache.catalina.startup.Tomcat.start(Tomcat.java:435)
	at org.springframework.boot.tomcat.TomcatWebServer.initialize(TomcatWebServer.java:131)
	at org.springframework.boot.tomcat.TomcatWebServer.<init>(TomcatWebServer.java:110)
	at org.springframework.boot.tomcat.servlet.TomcatServletWebServerFactory.getTomcatWebServer(TomcatServletWebServerFactory.java:408)
	at org.springframework.boot.tomcat.servlet.TomcatServletWebServerFactory.getWebServer(TomcatServletWebServerFactory.java:166)
	at org.springframework.boot.web.server.servlet.context.ServletWebServerApplicationContext.createWebServer(ServletWebServerApplicationContext.java:190)
	at org.springframework.boot.web.server.servlet.context.ServletWebServerApplicationContext.onRefresh(ServletWebServerApplicationContext.java:164)
	at org.springframework.context.support.AbstractApplicationContext.refresh(AbstractApplicationContext.java:615)
	at org.springframework.boot.web.server.servlet.context.ServletWebServerApplicationContext.refresh(ServletWebServerApplicationContext.java:143)
	at org.springframework.boot.SpringApplication.refresh(SpringApplication.java:756)
	at org.springframework.boot.SpringApplication.refreshContext(SpringApplication.java:445)
	at org.springframework.boot.SpringApplication.run(SpringApplication.java:321)
	at org.springframework.boot.SpringApplication.run(SpringApplication.java:1365)
	at org.springframework.boot.SpringApplication.run(SpringApplication.java:1354)
	at com.sisco_e.escola.SiscoEApplication.main(SiscoEApplication.java:12)
	at java.base/jdk.internal.reflect.DirectMethodHandleAccessor.invoke(DirectMethodHandleAccessor.java:103)
	at java.base/java.lang.reflect.Method.invoke(Method.java:580)
	at org.springframework.boot.devtools.restart.RestartLauncher.run(RestartLauncher.java:52)
Caused by: org.postgresql.util.PSQLException: ERRO: restrição "fkoscyx5jrihe4biu3w9qlbvr33" para relação "tb_link_internet" já existe
	at org.postgresql.core.v3.QueryExecutorImpl.receiveErrorResponse(QueryExecutorImpl.java:2904)
	at org.postgresql.core.v3.QueryExecutorImpl.processResults(QueryExecutorImpl.java:2589)
	at org.postgresql.core.v3.QueryExecutorImpl.execute(QueryExecutorImpl.java:431)
	at org.postgresql.jdbc.PgStatement.executeInternal(PgStatement.java:534)
	at org.postgresql.jdbc.PgStatement.execute(PgStatement.java:437)
	at org.postgresql.jdbc.PgStatement.executeWithFlags(PgStatement.java:359)
	at org.postgresql.jdbc.PgStatement.executeCachedSql(PgStatement.java:344)
	at org.postgresql.jdbc.PgStatement.executeWithFlags(PgStatement.java:320)
	at org.postgresql.jdbc.PgStatement.execute(PgStatement.java:315)
	at com.zaxxer.hikari.pool.ProxyStatement.execute(ProxyStatement.java:95)
	at com.zaxxer.hikari.pool.HikariProxyStatement.execute(HikariProxyStatement.java)
	at org.hibernate.tool.schema.internal.exec.GenerationTargetToDatabase.accept(GenerationTargetToDatabase.java:76)
	... 127 common frames omitted
2026-10-09 13:21:53 [restartedMain] WARN  o.h.t.s.i.ExceptionHandlerLoggedImpl - GenerationTarget encountered exception accepting command : Error executing DDL "
    alter table if exists siscoescola.tb_usuario_aud 
       add constraint FK1vsa9qe24yclm2r8hwcdfiqyp 
       foreign key (rev) 
       references revinfo" via JDBC [ERRO: restrição "fk1vsa9qe24yclm2r8hwcdfiqyp" para relação "tb_usuario_aud" já existe]
org.hibernate.tool.schema.spi.CommandAcceptanceException: Error executing DDL "
    alter table if exists siscoescola.tb_usuario_aud 
       add constraint FK1vsa9qe24yclm2r8hwcdfiqyp 
       foreign key (rev) 
       references revinfo" via JDBC [ERRO: restrição "fk1vsa9qe24yclm2r8hwcdfiqyp" para relação "tb_usuario_aud" já existe]
	at org.hibernate.tool.schema.internal.exec.GenerationTargetToDatabase.accept(GenerationTargetToDatabase.java:81)
	at org.hibernate.tool.schema.internal.Helper.applySqlString(Helper.java:218)
	at org.hibernate.tool.schema.internal.Helper.applySqlStrings(Helper.java:204)
	at org.hibernate.tool.schema.internal.SchemaCreatorImpl.createForeignKeys(SchemaCreatorImpl.java:281)
	at org.hibernate.tool.schema.internal.SchemaCreatorImpl.createFromMetadata(SchemaCreatorImpl.java:227)
	at org.hibernate.tool.schema.internal.SchemaCreatorImpl.performCreation(SchemaCreatorImpl.java:151)
	at org.hibernate.tool.schema.internal.SchemaCreatorImpl.doCreation(SchemaCreatorImpl.java:121)
	at org.hibernate.tool.schema.internal.SchemaCreatorImpl.doCreation(SchemaCreatorImpl.java:97)
	at org.hibernate.tool.schema.spi.SchemaManagementToolCoordinator.performDatabaseAction(SchemaManagementToolCoordinator.java:239)
	at org.hibernate.tool.schema.spi.SchemaManagementToolCoordinator.lambda$process$1(SchemaManagementToolCoordinator.java:101)
	at java.base/java.util.HashMap.forEach(HashMap.java:1429)
	at org.hibernate.tool.schema.spi.SchemaManagementToolCoordinator.process(SchemaManagementToolCoordinator.java:100)
	at org.hibernate.boot.internal.SessionFactoryObserverForSchemaExport.sessionFactoryCreated(SessionFactoryObserverForSchemaExport.java:35)
	at org.hibernate.internal.SessionFactoryObserverChain.sessionFactoryCreated(SessionFactoryObserverChain.java:33)
	at org.hibernate.internal.SessionFactoryImpl.<init>(SessionFactoryImpl.java:323)
	at org.hibernate.internal.SessionFactoryRegistry.instantiateSessionFactory(SessionFactoryRegistry.java:64)
	at org.hibernate.boot.internal.SessionFactoryBuilderImpl.build(SessionFactoryBuilderImpl.java:437)
	at org.hibernate.jpa.boot.internal.EntityManagerFactoryBuilderImpl.build(EntityManagerFactoryBuilderImpl.java:1456)
	at org.springframework.orm.jpa.vendor.SpringHibernateJpaPersistenceProvider.createContainerEntityManagerFactory(SpringHibernateJpaPersistenceProvider.java:93)
	at org.springframework.orm.jpa.LocalContainerEntityManagerFactoryBean.createNativeEntityManagerFactory(LocalContainerEntityManagerFactoryBean.java:443)
	at org.springframework.orm.jpa.AbstractEntityManagerFactoryBean.buildNativeEntityManagerFactory(AbstractEntityManagerFactoryBean.java:436)
	at org.springframework.orm.jpa.AbstractEntityManagerFactoryBean.afterPropertiesSet(AbstractEntityManagerFactoryBean.java:411)
	at org.springframework.orm.jpa.LocalContainerEntityManagerFactoryBean.afterPropertiesSet(LocalContainerEntityManagerFactoryBean.java:419)
	at org.springframework.beans.factory.support.AbstractAutowireCapableBeanFactory.invokeInitMethods(AbstractAutowireCapableBeanFactory.java:1862)
	at org.springframework.beans.factory.support.AbstractAutowireCapableBeanFactory.initializeBean(AbstractAutowireCapableBeanFactory.java:1811)
	at org.springframework.beans.factory.support.AbstractAutowireCapableBeanFactory.doCreateBean(AbstractAutowireCapableBeanFactory.java:603)
	at org.springframework.beans.factory.support.AbstractAutowireCapableBeanFactory.createBean(AbstractAutowireCapableBeanFactory.java:525)
	at org.springframework.beans.factory.support.AbstractBeanFactory.lambda$doGetBean$0(AbstractBeanFactory.java:333)
	at org.springframework.beans.factory.support.DefaultSingletonBeanRegistry.getSingleton(DefaultSingletonBeanRegistry.java:371)
	at org.springframework.beans.factory.support.AbstractBeanFactory.doGetBean(AbstractBeanFactory.java:331)
	at org.springframework.beans.factory.support.AbstractBeanFactory.getBean(AbstractBeanFactory.java:196)
	at org.springframework.beans.factory.support.BeanDefinitionValueResolver.resolveReference(BeanDefinitionValueResolver.java:365)
	at org.springframework.beans.factory.support.BeanDefinitionValueResolver.resolveValueIfNecessary(BeanDefinitionValueResolver.java:135)
	at org.springframework.beans.factory.support.ConstructorResolver.resolveConstructorArguments(ConstructorResolver.java:691)
	at org.springframework.beans.factory.support.ConstructorResolver.instantiateUsingFactoryMethod(ConstructorResolver.java:513)
	at org.springframework.beans.factory.support.AbstractAutowireCapableBeanFactory.instantiateUsingFactoryMethod(AbstractAutowireCapableBeanFactory.java:1360)
	at org.springframework.beans.factory.support.AbstractAutowireCapableBeanFactory.createBeanInstance(AbstractAutowireCapableBeanFactory.java:1192)
	at org.springframework.beans.factory.support.AbstractAutowireCapableBeanFactory.doCreateBean(AbstractAutowireCapableBeanFactory.java:565)
	at org.springframework.beans.factory.support.AbstractAutowireCapableBeanFactory.createBean(AbstractAutowireCapableBeanFactory.java:525)
	at org.springframework.beans.factory.support.AbstractBeanFactory.lambda$doGetBean$0(AbstractBeanFactory.java:333)
	at org.springframework.beans.factory.support.DefaultSingletonBeanRegistry.getSingleton(DefaultSingletonBeanRegistry.java:371)
	at org.springframework.beans.factory.support.AbstractBeanFactory.doGetBean(AbstractBeanFactory.java:331)
	at org.springframework.beans.factory.support.AbstractBeanFactory.getBean(AbstractBeanFactory.java:201)
	at org.springframework.beans.factory.support.BeanDefinitionValueResolver.resolveReference(BeanDefinitionValueResolver.java:356)
	at org.springframework.beans.factory.support.BeanDefinitionValueResolver.resolveValueIfNecessary(BeanDefinitionValueResolver.java:135)
	at org.springframework.beans.factory.support.AbstractAutowireCapableBeanFactory.applyPropertyValues(AbstractAutowireCapableBeanFactory.java:1710)
	at org.springframework.beans.factory.support.AbstractAutowireCapableBeanFactory.populateBean(AbstractAutowireCapableBeanFactory.java:1459)
	at org.springframework.beans.factory.support.AbstractAutowireCapableBeanFactory.doCreateBean(AbstractAutowireCapableBeanFactory.java:602)
	at org.springframework.beans.factory.support.AbstractAutowireCapableBeanFactory.createBean(AbstractAutowireCapableBeanFactory.java:525)
	at org.springframework.beans.factory.support.AbstractBeanFactory.lambda$doGetBean$0(AbstractBeanFactory.java:333)
	at org.springframework.beans.factory.support.DefaultSingletonBeanRegistry.getSingleton(DefaultSingletonBeanRegistry.java:371)
	at org.springframework.beans.factory.support.AbstractBeanFactory.doGetBean(AbstractBeanFactory.java:331)
	at org.springframework.beans.factory.support.AbstractBeanFactory.getBean(AbstractBeanFactory.java:201)
	at org.springframework.beans.factory.support.DefaultListableBeanFactory.resolveBean(DefaultListableBeanFactory.java:1232)
	at org.springframework.beans.factory.support.DefaultListableBeanFactory.doResolveDependency(DefaultListableBeanFactory.java:1711)
	at org.springframework.beans.factory.support.DefaultListableBeanFactory.resolveDependency(DefaultListableBeanFactory.java:1658)
	at org.springframework.beans.factory.support.ConstructorResolver.resolveAutowiredArgument(ConstructorResolver.java:912)
	at org.springframework.beans.factory.support.ConstructorResolver.createArgumentArray(ConstructorResolver.java:791)
	at org.springframework.beans.factory.support.ConstructorResolver.autowireConstructor(ConstructorResolver.java:240)
	at org.springframework.beans.factory.support.AbstractAutowireCapableBeanFactory.autowireConstructor(AbstractAutowireCapableBeanFactory.java:1380)
	at org.springframework.beans.factory.support.AbstractAutowireCapableBeanFactory.createBeanInstance(AbstractAutowireCapableBeanFactory.java:1219)
	at org.springframework.beans.factory.support.AbstractAutowireCapableBeanFactory.doCreateBean(AbstractAutowireCapableBeanFactory.java:565)
	at org.springframework.beans.factory.support.AbstractAutowireCapableBeanFactory.createBean(AbstractAutowireCapableBeanFactory.java:525)
	at org.springframework.beans.factory.support.AbstractBeanFactory.lambda$doGetBean$0(AbstractBeanFactory.java:333)
	at org.springframework.beans.factory.support.DefaultSingletonBeanRegistry.getSingleton(DefaultSingletonBeanRegistry.java:371)
	at org.springframework.beans.factory.support.AbstractBeanFactory.doGetBean(AbstractBeanFactory.java:331)
	at org.springframework.beans.factory.support.AbstractBeanFactory.getBean(AbstractBeanFactory.java:201)
	at org.springframework.beans.factory.config.DependencyDescriptor.resolveCandidate(DependencyDescriptor.java:229)
	at org.springframework.beans.factory.support.DefaultListableBeanFactory.doResolveDependency(DefaultListableBeanFactory.java:1769)
	at org.springframework.beans.factory.support.DefaultListableBeanFactory.resolveDependency(DefaultListableBeanFactory.java:1658)
	at org.springframework.beans.factory.support.ConstructorResolver.resolveAutowiredArgument(ConstructorResolver.java:912)
	at org.springframework.beans.factory.support.ConstructorResolver.createArgumentArray(ConstructorResolver.java:791)
	at org.springframework.beans.factory.support.ConstructorResolver.autowireConstructor(ConstructorResolver.java:240)
	at org.springframework.beans.factory.support.AbstractAutowireCapableBeanFactory.autowireConstructor(AbstractAutowireCapableBeanFactory.java:1380)
	at org.springframework.beans.factory.support.AbstractAutowireCapableBeanFactory.createBeanInstance(AbstractAutowireCapableBeanFactory.java:1219)
	at org.springframework.beans.factory.support.AbstractAutowireCapableBeanFactory.doCreateBean(AbstractAutowireCapableBeanFactory.java:565)
	at org.springframework.beans.factory.support.AbstractAutowireCapableBeanFactory.createBean(AbstractAutowireCapableBeanFactory.java:525)
	at org.springframework.beans.factory.support.AbstractBeanFactory.lambda$doGetBean$0(AbstractBeanFactory.java:333)
	at org.springframework.beans.factory.support.DefaultSingletonBeanRegistry.getSingleton(DefaultSingletonBeanRegistry.java:371)
	at org.springframework.beans.factory.support.AbstractBeanFactory.doGetBean(AbstractBeanFactory.java:331)
	at org.springframework.beans.factory.support.AbstractBeanFactory.getBean(AbstractBeanFactory.java:201)
	at org.springframework.boot.web.servlet.ServletContextInitializerBeans.getOrderedBeansOfType(ServletContextInitializerBeans.java:231)
	at org.springframework.boot.web.servlet.ServletContextInitializerBeans.addAsRegistrationBean(ServletContextInitializerBeans.java:185)
	at org.springframework.boot.web.servlet.ServletContextInitializerBeans.addAsRegistrationBean(ServletContextInitializerBeans.java:180)
	at org.springframework.boot.web.servlet.ServletContextInitializerBeans.addAdaptableBeans(ServletContextInitializerBeans.java:165)
	at org.springframework.boot.web.servlet.ServletContextInitializerBeans.<init>(ServletContextInitializerBeans.java:97)
	at org.springframework.boot.web.context.servlet.WebApplicationContextInitializer.initialize(WebApplicationContextInitializer.java:53)
	at org.springframework.boot.tomcat.servlet.DeferredServletContainerInitializers.onStartup(DeferredServletContainerInitializers.java:55)
	at org.apache.catalina.core.StandardContext.startInternal(StandardContext.java:4420)
	at org.apache.catalina.util.LifecycleBase.start(LifecycleBase.java:164)
	at org.apache.catalina.core.ContainerBase$StartChild.call(ContainerBase.java:1162)
	at org.apache.catalina.core.ContainerBase$StartChild.call(ContainerBase.java:1158)
	at java.base/java.util.concurrent.FutureTask.run(FutureTask.java:317)
	at org.apache.tomcat.util.threads.InlineExecutorService.execute(InlineExecutorService.java:81)
	at java.base/java.util.concurrent.AbstractExecutorService.submit(AbstractExecutorService.java:145)
	at org.apache.catalina.core.ContainerBase.startInternal(ContainerBase.java:714)
	at org.apache.catalina.core.StandardHost.startInternal(StandardHost.java:780)
	at org.apache.catalina.util.LifecycleBase.start(LifecycleBase.java:164)
	at org.apache.catalina.core.ContainerBase$StartChild.call(ContainerBase.java:1162)
	at org.apache.catalina.core.ContainerBase$StartChild.call(ContainerBase.java:1158)
	at java.base/java.util.concurrent.FutureTask.run(FutureTask.java:317)
	at org.apache.tomcat.util.threads.InlineExecutorService.execute(InlineExecutorService.java:81)
	at java.base/java.util.concurrent.AbstractExecutorService.submit(AbstractExecutorService.java:145)
	at org.apache.catalina.core.ContainerBase.startInternal(ContainerBase.java:714)
	at org.apache.catalina.core.StandardEngine.startInternal(StandardEngine.java:201)
	at org.apache.catalina.util.LifecycleBase.start(LifecycleBase.java:164)
	at org.apache.catalina.core.StandardService.startInternal(StandardService.java:410)
	at org.apache.catalina.util.LifecycleBase.start(LifecycleBase.java:164)
	at org.apache.catalina.core.StandardServer.startInternal(StandardServer.java:864)
	at org.apache.catalina.util.LifecycleBase.start(LifecycleBase.java:164)
	at org.apache.catalina.startup.Tomcat.start(Tomcat.java:435)
	at org.springframework.boot.tomcat.TomcatWebServer.initialize(TomcatWebServer.java:131)
	at org.springframework.boot.tomcat.TomcatWebServer.<init>(TomcatWebServer.java:110)
	at org.springframework.boot.tomcat.servlet.TomcatServletWebServerFactory.getTomcatWebServer(TomcatServletWebServerFactory.java:408)
	at org.springframework.boot.tomcat.servlet.TomcatServletWebServerFactory.getWebServer(TomcatServletWebServerFactory.java:166)
	at org.springframework.boot.web.server.servlet.context.ServletWebServerApplicationContext.createWebServer(ServletWebServerApplicationContext.java:190)
	at org.springframework.boot.web.server.servlet.context.ServletWebServerApplicationContext.onRefresh(ServletWebServerApplicationContext.java:164)
	at org.springframework.context.support.AbstractApplicationContext.refresh(AbstractApplicationContext.java:615)
	at org.springframework.boot.web.server.servlet.context.ServletWebServerApplicationContext.refresh(ServletWebServerApplicationContext.java:143)
	at org.springframework.boot.SpringApplication.refresh(SpringApplication.java:756)
	at org.springframework.boot.SpringApplication.refreshContext(SpringApplication.java:445)
	at org.springframework.boot.SpringApplication.run(SpringApplication.java:321)
	at org.springframework.boot.SpringApplication.run(SpringApplication.java:1365)
	at org.springframework.boot.SpringApplication.run(SpringApplication.java:1354)
	at com.sisco_e.escola.SiscoEApplication.main(SiscoEApplication.java:12)
	at java.base/jdk.internal.reflect.DirectMethodHandleAccessor.invoke(DirectMethodHandleAccessor.java:103)
	at java.base/java.lang.reflect.Method.invoke(Method.java:580)
	at org.springframework.boot.devtools.restart.RestartLauncher.run(RestartLauncher.java:52)
Caused by: org.postgresql.util.PSQLException: ERRO: restrição "fk1vsa9qe24yclm2r8hwcdfiqyp" para relação "tb_usuario_aud" já existe
	at org.postgresql.core.v3.QueryExecutorImpl.receiveErrorResponse(QueryExecutorImpl.java:2904)
	at org.postgresql.core.v3.QueryExecutorImpl.processResults(QueryExecutorImpl.java:2589)
	at org.postgresql.core.v3.QueryExecutorImpl.execute(QueryExecutorImpl.java:431)
	at org.postgresql.jdbc.PgStatement.executeInternal(PgStatement.java:534)
	at org.postgresql.jdbc.PgStatement.execute(PgStatement.java:437)
	at org.postgresql.jdbc.PgStatement.executeWithFlags(PgStatement.java:359)
	at org.postgresql.jdbc.PgStatement.executeCachedSql(PgStatement.java:344)
	at org.postgresql.jdbc.PgStatement.executeWithFlags(PgStatement.java:320)
	at org.postgresql.jdbc.PgStatement.execute(PgStatement.java:315)
	at com.zaxxer.hikari.pool.ProxyStatement.execute(ProxyStatement.java:95)
	at com.zaxxer.hikari.pool.HikariProxyStatement.execute(HikariProxyStatement.java)
	at org.hibernate.tool.schema.internal.exec.GenerationTargetToDatabase.accept(GenerationTargetToDatabase.java:76)
	... 127 common frames omitted
2026-10-09 13:21:53 [restartedMain] INFO  o.s.o.j.LocalContainerEntityManagerFactoryBean - Initialized JPA EntityManagerFactory for persistence unit 'default'
2026-10-09 13:21:53 [restartedMain] INFO  o.s.d.j.r.q.QueryEnhancerFactories - Hibernate is in classpath; If applicable, HQL parser will be used.
2026-10-09 13:21:53 [restartedMain] DEBUG c.s.e.s.JwtAuthenticationFilter - Filter 'jwtAuthenticationFilter' configured for use
2026-10-09 13:21:53 [restartedMain] INFO  o.s.s.c.a.a.c.InitializeAuthenticationProviderBeanManagerConfigurer$InitializeAuthenticationProviderManagerConfigurer - Global AuthenticationManager configured with AuthenticationProvider bean with name authenticationProvider
2026-10-09 13:21:53 [restartedMain] WARN  o.s.s.c.a.a.c.InitializeUserDetailsBeanManagerConfigurer$InitializeUserDetailsManagerConfigurer - Global AuthenticationManager configured with an AuthenticationProvider bean. UserDetailsService beans will not be used by Spring Security for automatically configuring username/password login. Consider removing the AuthenticationProvider bean. Alternatively, consider using the UserDetailsService in a manually instantiated DaoAuthenticationProvider. If the current configuration is intentional, to turn off this warning, increase the logging level of 'org.springframework.security.config.annotation.authentication.configuration.InitializeUserDetailsBeanManagerConfigurer' to ERROR
2026-10-09 13:21:53 [restartedMain] WARN  o.s.b.j.a.JpaBaseConfiguration$JpaWebConfiguration - spring.jpa.open-in-view is enabled by default. Therefore, database queries may be performed during view rendering. Explicitly configure spring.jpa.open-in-view to disable this warning
2026-10-09 13:21:54 [restartedMain] INFO  o.s.b.a.e.web.EndpointLinksResolver - Exposing 1 endpoint beneath base path '/actuator'
2026-10-09 13:21:54 [restartedMain] INFO  o.s.boot.tomcat.TomcatWebServer - Tomcat started on port 8080 (http) with context path '/'
2026-10-09 13:21:54 [restartedMain] INFO  c.sisco_e.escola.SiscoEApplication - Started SiscoEApplication in 8.041 seconds (process running for 21851.712)
2026-10-09 13:21:54 [restartedMain] INFO  o.s.b.d.a.ConditionEvaluationDeltaLoggingListener - Condition evaluation unchanged
2026-10-09 13:21:54 [restartedMain] DEBUG c.s.e.s.JwtAuthenticationFilter - Filter 'jwtAuthenticationFilter' configured for use
2026-10-09 13:21:54 [restartedMain] INFO  o.s.s.c.a.a.c.InitializeAuthenticationProviderBeanManagerConfigurer$InitializeAuthenticationProviderManagerConfigurer - Global AuthenticationManager configured with AuthenticationProvider bean with name authenticationProvider
2026-10-09 13:21:54 [restartedMain] WARN  o.s.s.c.a.a.c.InitializeUserDetailsBeanManagerConfigurer$InitializeUserDetailsManagerConfigurer - Global AuthenticationManager configured with an AuthenticationProvider bean. UserDetailsService beans will not be used by Spring Security for automatically configuring username/password login. Consider removing the AuthenticationProvider bean. Alternatively, consider using the UserDetailsService in a manually instantiated DaoAuthenticationProvider. If the current configuration is intentional, to turn off this warning, increase the logging level of 'org.springframework.security.config.annotation.authentication.configuration.InitializeUserDetailsBeanManagerConfigurer' to ERROR
2026-10-09 13:21:55 [restartedMain] WARN  o.s.b.j.a.JpaBaseConfiguration$JpaWebConfiguration - spring.jpa.open-in-view is enabled by default. Therefore, database queries may be performed during view rendering. Explicitly configure spring.jpa.open-in-view to disable this warning
2026-10-09 13:21:55 [restartedMain] INFO  o.s.b.a.e.web.EndpointLinksResolver - Exposing 1 endpoint beneath base path '/actuator'
2026-10-09 13:21:56 [restartedMain] WARN  o.s.b.w.s.s.c.AnnotationConfigServletWebServerApplicationContext - Exception encountered during context initialization - cancelling refresh attempt: org.springframework.context.ApplicationContextException: Failed to start bean 'webServerStartStop'
2026-10-09 13:21:56 [restartedMain] INFO  o.s.o.j.LocalContainerEntityManagerFactoryBean - Closing JPA EntityManagerFactory for persistence unit 'default'
2026-10-09 13:21:56 [restartedMain] INFO  com.zaxxer.hikari.HikariDataSource - HikariPool-1 - Shutdown initiated...
2026-10-09 13:21:56 [restartedMain] INFO  com.zaxxer.hikari.HikariDataSource - HikariPool-1 - Shutdown completed.
2026-10-09 13:21:56 [restartedMain] INFO  o.s.b.a.l.ConditionEvaluationReportLogger - 

Error starting ApplicationContext. To display the condition evaluation report re-run your application with 'debug' enabled.
2026-10-09 13:21:56 [restartedMain] ERROR o.s.boot.SpringApplication - Application run failed
org.springframework.context.ApplicationContextException: Failed to start bean 'webServerStartStop'
	at org.springframework.context.support.DefaultLifecycleProcessor.doStart(DefaultLifecycleProcessor.java:423)
	at org.springframework.context.support.DefaultLifecycleProcessor.doStart(DefaultLifecycleProcessor.java:409)
	at org.springframework.context.support.DefaultLifecycleProcessor$LifecycleGroup.start(DefaultLifecycleProcessor.java:613)
	at java.base/java.lang.Iterable.forEach(Iterable.java:75)
	at org.springframework.context.support.DefaultLifecycleProcessor.startBeans(DefaultLifecycleProcessor.java:379)
	at org.springframework.context.support.DefaultLifecycleProcessor.onRefresh(DefaultLifecycleProcessor.java:306)
	at org.springframework.context.support.AbstractApplicationContext.finishRefresh(AbstractApplicationContext.java:1013)
	at org.springframework.context.support.AbstractApplicationContext.refresh(AbstractApplicationContext.java:624)
	at org.springframework.boot.web.server.servlet.context.ServletWebServerApplicationContext.refresh(ServletWebServerApplicationContext.java:143)
	at org.springframework.boot.SpringApplication.refresh(SpringApplication.java:756)
	at org.springframework.boot.SpringApplication.refreshContext(SpringApplication.java:445)
	at org.springframework.boot.SpringApplication.run(SpringApplication.java:321)
	at org.springframework.boot.SpringApplication.run(SpringApplication.java:1365)
	at org.springframework.boot.SpringApplication.run(SpringApplication.java:1354)
	at com.sisco_e.escola.SiscoEApplication.main(SiscoEApplication.java:12)
	at java.base/jdk.internal.reflect.DirectMethodHandleAccessor.invoke(DirectMethodHandleAccessor.java:103)
	at java.base/java.lang.reflect.Method.invoke(Method.java:580)
	at org.springframework.boot.devtools.restart.RestartLauncher.run(RestartLauncher.java:52)
Caused by: org.springframework.boot.web.server.WebServerException: Unable to start embedded Tomcat server
	at org.springframework.boot.tomcat.TomcatWebServer.start(TomcatWebServer.java:248)
	at org.springframework.boot.web.server.servlet.context.WebServerStartStopLifecycle.start(WebServerStartStopLifecycle.java:44)
	at org.springframework.context.support.DefaultLifecycleProcessor.doStart(DefaultLifecycleProcessor.java:420)
	... 17 common frames omitted
Caused by: java.lang.IllegalArgumentException: standardService.connector.startFailed
	at org.apache.catalina.core.StandardService.addConnector(StandardService.java:220)
	at org.springframework.boot.tomcat.TomcatWebServer.addPreviouslyRemovedConnectors(TomcatWebServer.java:307)
	at org.springframework.boot.tomcat.TomcatWebServer.start(TomcatWebServer.java:233)
	... 19 common frames omitted
Caused by: org.apache.catalina.LifecycleException: Protocol handler start failed
	at org.apache.catalina.connector.Connector.startInternal(Connector.java:1119)
	at org.apache.catalina.util.LifecycleBase.start(LifecycleBase.java:164)
	at org.apache.catalina.core.StandardService.addConnector(StandardService.java:217)
	... 21 common frames omitted
Caused by: java.net.BindException: Endereço já em uso
	at java.base/sun.nio.ch.Net.bind0(Native Method)
	at java.base/sun.nio.ch.Net.bind(Net.java:577)
	at java.base/sun.nio.ch.ServerSocketChannelImpl.netBind(ServerSocketChannelImpl.java:344)
	at java.base/sun.nio.ch.ServerSocketChannelImpl.bind(ServerSocketChannelImpl.java:301)
	at org.apache.tomcat.util.net.NioEndpoint.initServerSocket(NioEndpoint.java:265)
	at org.apache.tomcat.util.net.NioEndpoint.bind(NioEndpoint.java:220)
	at org.apache.tomcat.util.net.AbstractEndpoint.bindWithCleanup(AbstractEndpoint.java:1642)
	at org.apache.tomcat.util.net.AbstractEndpoint.start(AbstractEndpoint.java:1725)
	at org.apache.coyote.AbstractProtocol.start(AbstractProtocol.java:948)
	at org.apache.catalina.connector.Connector.startInternal(Connector.java:1116)
	... 23 common frames omitted
2026-10-09 13:22:43 [File Watcher] INFO  o.s.b.d.a.LocalDevToolsAutoConfiguration$RestartingClassPathChangeChangedEventListener - Restarting due to 97 class path changes (0 additions, 97 deletions, 0 modifications)
2026-10-09 13:22:43 [Thread-81] INFO  o.s.boot.tomcat.GracefulShutdown - Commencing graceful shutdown. Waiting for active requests to complete
2026-10-09 13:22:43 [tomcat-shutdown] INFO  o.s.boot.tomcat.GracefulShutdown - Graceful shutdown complete
2026-10-09 13:22:43 [Thread-81] INFO  o.s.o.j.LocalContainerEntityManagerFactoryBean - Closing JPA EntityManagerFactory for persistence unit 'default'
2026-10-09 13:22:43 [Thread-81] INFO  com.zaxxer.hikari.HikariDataSource - HikariPool-21 - Shutdown initiated...
2026-10-09 13:22:43 [Thread-81] INFO  com.zaxxer.hikari.HikariDataSource - HikariPool-21 - Shutdown completed.
2026-10-09 13:22:57 [restartedMain] INFO  c.sisco_e.escola.SiscoEApplication - Starting SiscoEApplication using Java 21.0.12.1 with PID 272194 (/home/cleber/desv/2-doing/sisco-project/sisco-e/target/classes started by cleber in /home/cleber/desv/2-doing/sisco-project/sisco-e)
2026-10-09 13:22:57 [restartedMain] DEBUG c.sisco_e.escola.SiscoEApplication - Running with Spring Boot v4.0.7, Spring v7.0.8
2026-10-09 13:22:57 [restartedMain] INFO  c.sisco_e.escola.SiscoEApplication - No active profile set, falling back to 1 default profile: "default"
2026-10-09 13:22:57 [restartedMain] INFO  o.s.d.r.c.RepositoryConfigurationDelegate - Multiple Spring Data modules found, entering strict repository configuration mode
2026-10-09 13:22:57 [restartedMain] INFO  o.s.d.r.c.RepositoryConfigurationDelegate - Bootstrapping Spring Data JPA repositories in DEFAULT mode.
2026-10-09 13:22:57 [restartedMain] INFO  o.s.d.r.c.RepositoryConfigurationDelegate - Finished Spring Data repository scanning in 0 ms. Found 0 JPA repository interfaces.
2026-10-09 13:22:57 [restartedMain] INFO  o.s.d.r.c.RepositoryConfigurationDelegate - Multiple Spring Data modules found, entering strict repository configuration mode
2026-10-09 13:22:57 [restartedMain] INFO  o.s.d.r.c.RepositoryConfigurationDelegate - Bootstrapping Spring Data Redis repositories in DEFAULT mode.
2026-10-09 13:22:57 [restartedMain] INFO  o.s.d.r.c.RepositoryConfigurationDelegate - Finished Spring Data repository scanning in 0 ms. Found 0 Redis repository interfaces.
2026-10-09 13:22:57 [restartedMain] INFO  o.s.boot.tomcat.TomcatWebServer - Tomcat initialized with port 8080 (http)
2026-10-09 13:22:57 [restartedMain] INFO  o.a.catalina.core.StandardService - Starting service [Tomcat]
2026-10-09 13:22:57 [restartedMain] INFO  o.a.catalina.core.StandardEngine - Starting Servlet engine: [Apache Tomcat/11.0.22]
2026-10-09 13:22:57 [restartedMain] INFO  o.s.b.w.c.s.WebApplicationContextInitializer - Root WebApplicationContext: initialization completed in 395 ms
2026-10-09 13:22:57 [restartedMain] INFO  org.hibernate.orm.jpa - HHH008540: Processing PersistenceUnitInfo [name: default]
2026-10-09 13:22:57 [restartedMain] INFO  o.h.e.b.internal.EnversServiceImpl - Envers integration enabled? : true
2026-10-09 13:22:57 [restartedMain] INFO  o.s.o.j.p.SpringPersistenceUnitInfo - No LoadTimeWeaver setup: ignoring JPA class transformer
2026-10-09 13:22:57 [restartedMain] INFO  com.zaxxer.hikari.HikariDataSource - HikariPool-22 - Starting...
2026-10-09 13:22:57 [restartedMain] INFO  com.zaxxer.hikari.pool.HikariPool - HikariPool-22 - Added connection org.postgresql.jdbc.PgConnection@c2e487c
2026-10-09 13:22:57 [restartedMain] INFO  com.zaxxer.hikari.HikariDataSource - HikariPool-22 - Start completed.
2026-10-09 13:22:57 [restartedMain] INFO  o.hibernate.orm.connections.pooling - HHH10001005: Database info:
	Database JDBC URL [jdbc:postgresql://localhost:5432/sisco]
	Database driver: PostgreSQL JDBC Driver
	Database dialect: PostgreSQLDialect
	Database version: 18.6
	Default catalog/schema: sisco/public
	Autocommit mode: undefined/unknown
	Isolation level: READ_COMMITTED [default READ_COMMITTED]
	JDBC fetch size: none
	Pool: DataSourceConnectionProvider
	Minimum pool size: undefined/unknown
	Maximum pool size: undefined/unknown
2026-10-09 13:22:57 [restartedMain] INFO  org.hibernate.orm.core - HHH000489: No JTA platform available (set 'hibernate.transaction.jta.platform' to enable JTA platform integration)
2026-10-09 13:22:57 [restartedMain] INFO  o.s.o.j.LocalContainerEntityManagerFactoryBean - Initialized JPA EntityManagerFactory for persistence unit 'default'
2026-10-09 13:22:57 [restartedMain] WARN  o.s.b.j.a.JpaBaseConfiguration$JpaWebConfiguration - spring.jpa.open-in-view is enabled by default. Therefore, database queries may be performed during view rendering. Explicitly configure spring.jpa.open-in-view to disable this warning
2026-10-09 13:22:57 [restartedMain] WARN  o.s.b.s.a.UserDetailsServiceAutoConfiguration - 

Using generated security password: 4b804a4f-e710-4cee-b7ac-cb566ed26560

This generated password is for development use only. Your security configuration must be updated before running your application in production.

2026-10-09 13:22:57 [restartedMain] INFO  o.s.s.c.a.a.c.InitializeUserDetailsBeanManagerConfigurer$InitializeUserDetailsManagerConfigurer - Global AuthenticationManager configured with UserDetailsService bean with name inMemoryUserDetailsManager
2026-10-09 13:22:59 [restartedMain] INFO  o.s.b.a.e.web.EndpointLinksResolver - Exposing 1 endpoint beneath base path '/actuator'
2026-10-09 13:22:59 [restartedMain] INFO  o.s.boot.tomcat.TomcatWebServer - Tomcat started on port 8080 (http) with context path '/'
2026-10-09 13:22:59 [restartedMain] INFO  c.sisco_e.escola.SiscoEApplication - Started SiscoEApplication in 2.565 seconds (process running for 21916.993)
2026-10-09 13:22:59 [restartedMain] INFO  o.s.b.d.a.ConditionEvaluationDeltaLoggingListener - Condition evaluation delta:


==========================
CONDITION EVALUATION DELTA
==========================


Positive matches:
-----------------

   DataRedisAutoConfiguration#redisTemplate matched:
      - @ConditionalOnSingleCandidate (types: org.springframework.data.redis.connection.RedisConnectionFactory; SearchStrategy: all) found a single bean 'redisConnectionFactory'; @ConditionalOnMissingBean (names: redisTemplate; SearchStrategy: all) did not find any beans (OnBeanCondition)

   DataRedisRepositoriesAutoConfiguration matched:
      - @ConditionalOnClass found required class 'org.springframework.data.redis.repository.configuration.EnableRedisRepositories' (OnClassCondition)
      - @ConditionalOnBooleanProperty (spring.data.redis.repositories.enabled=true) matched (OnPropertyCondition)
      - @ConditionalOnBean (types: org.springframework.data.redis.connection.RedisConnectionFactory; SearchStrategy: all) found bean 'redisConnectionFactory'; @ConditionalOnMissingBean (types: org.springframework.data.redis.repository.support.RedisRepositoryFactoryBean; SearchStrategy: all) did not find any beans (OnBeanCondition)

   ManagementWebSecurityAutoConfiguration matched:
      - @ConditionalOnClass found required classes 'org.springframework.security.web.util.matcher.RequestMatcher', 'org.springframework.boot.actuate.autoconfigure.endpoint.web.WebEndpointAutoConfiguration' (OnClassCondition)
      - found 'session' scope (OnWebApplicationCondition)
      - AllNestedConditions 2 matched 0 did not; NestedCondition on DefaultWebSecurityCondition.Beans @ConditionalOnMissingBean (types: org.springframework.security.web.SecurityFilterChain; SearchStrategy: all) did not find any beans; NestedCondition on DefaultWebSecurityCondition.Classes @ConditionalOnClass found required classes 'org.springframework.security.web.SecurityFilterChain', 'org.springframework.security.config.annotation.web.builders.HttpSecurity' (DefaultWebSecurityCondition)

   ServletWebSecurityAutoConfiguration.EnableWebSecurityConfiguration matched:
      - @ConditionalOnClass found required class 'org.springframework.security.config.annotation.web.configuration.EnableWebSecurity' (OnClassCondition)
      - @ConditionalOnMissingBean (names: springSecurityFilterChain; SearchStrategy: all) did not find any beans (OnBeanCondition)

   UserDetailsServiceAutoConfiguration matched:
      - @ConditionalOnClass found required class 'org.springframework.security.authentication.AuthenticationManager' (OnClassCondition)
      - found 'session' scope (OnWebApplicationCondition)
      - AnyNestedCondition 1 matched 2 did not; NestedCondition on MissingAlternativeUserDetailsManagerOrUserPropertiesConfigured.PasswordConfigured @ConditionalOnProperty (spring.security.user.password) did not find property 'spring.security.user.password'; NestedCondition on MissingAlternativeUserDetailsManagerOrUserPropertiesConfigured.NameConfigured @ConditionalOnProperty (spring.security.user.name) did not find property 'spring.security.user.name'; NestedCondition on MissingAlternativeUserDetailsManagerOrUserPropertiesConfigured.MissingAlternative @ConditionalOnMissingClass did not find unwanted classes 'org.springframework.security.oauth2.client.registration.ClientRegistrationRepository', 'org.springframework.security.oauth2.server.resource.introspection.OpaqueTokenIntrospector', 'org.springframework.security.saml2.provider.service.registration.RelyingPartyRegistrationRepository' (MissingAlternativeUserDetailsManagerOrUserPropertiesConfigured)
      - @ConditionalOnMissingBean (types: org.springframework.security.authentication.AuthenticationManager,org.springframework.security.authentication.AuthenticationProvider,org.springframework.security.core.userdetails.UserDetailsService,org.springframework.security.authentication.AuthenticationManagerResolver,org.springframework.security.oauth2.jwt.JwtDecoder; SearchStrategy: all) did not find any beans (OnBeanCondition)


Negative matches:
-----------------

    None


Exclusions:
-----------

    None


Unconditional classes:
----------------------

    None



2026-10-09 13:23:07 [File Watcher] INFO  o.s.b.d.a.LocalDevToolsAutoConfiguration$RestartingClassPathChangeChangedEventListener - Restarting due to 85 class path changes (85 additions, 0 deletions, 0 modifications)
2026-10-09 13:23:07 [Thread-85] INFO  o.s.boot.tomcat.GracefulShutdown - Commencing graceful shutdown. Waiting for active requests to complete
2026-10-09 13:23:07 [tomcat-shutdown] INFO  o.s.boot.tomcat.GracefulShutdown - Graceful shutdown complete
2026-10-09 13:23:07 [Thread-85] INFO  o.s.o.j.LocalContainerEntityManagerFactoryBean - Closing JPA EntityManagerFactory for persistence unit 'default'
2026-10-09 13:23:07 [Thread-85] INFO  com.zaxxer.hikari.HikariDataSource - HikariPool-22 - Shutdown initiated...
2026-10-09 13:23:07 [Thread-85] INFO  com.zaxxer.hikari.HikariDataSource - HikariPool-22 - Shutdown completed.
2026-10-09 13:23:07 [restartedMain] INFO  c.sisco_e.escola.SiscoEApplication - Starting SiscoEApplication using Java 21.0.12.1 with PID 272194 (/home/cleber/desv/2-doing/sisco-project/sisco-e/target/classes started by cleber in /home/cleber/desv/2-doing/sisco-project/sisco-e)
2026-10-09 13:23:07 [restartedMain] DEBUG c.sisco_e.escola.SiscoEApplication - Running with Spring Boot v4.0.7, Spring v7.0.8
2026-10-09 13:23:07 [restartedMain] INFO  c.sisco_e.escola.SiscoEApplication - No active profile set, falling back to 1 default profile: "default"
2026-10-09 13:23:07 [restartedMain] INFO  o.s.d.r.c.RepositoryConfigurationDelegate - Multiple Spring Data modules found, entering strict repository configuration mode
2026-10-09 13:23:07 [restartedMain] INFO  o.s.d.r.c.RepositoryConfigurationDelegate - Bootstrapping Spring Data Redis repositories in DEFAULT mode.
2026-10-09 13:23:07 [restartedMain] INFO  o.s.d.r.c.RepositoryConfigurationExtensionSupport - Spring Data Redis - Could not safely identify store assignment for repository candidate interface com.sisco_e.escola.model.repository.ContratoInternetRepository; If you want this repository to be a Redis repository, consider annotating your entities with one of these annotations: org.springframework.data.redis.core.RedisHash (preferred), or consider extending one of the following types with your repository: org.springframework.data.keyvalue.repository.KeyValueRepository
2026-10-09 13:23:07 [restartedMain] INFO  o.s.d.r.c.RepositoryConfigurationExtensionSupport - Spring Data Redis - Could not safely identify store assignment for repository candidate interface com.sisco_e.escola.model.repository.DiretorRepository; If you want this repository to be a Redis repository, consider annotating your entities with one of these annotations: org.springframework.data.redis.core.RedisHash (preferred), or consider extending one of the following types with your repository: org.springframework.data.keyvalue.repository.KeyValueRepository
2026-10-09 13:23:07 [restartedMain] INFO  o.s.d.r.c.RepositoryConfigurationExtensionSupport - Spring Data Redis - Could not safely identify store assignment for repository candidate interface com.sisco_e.escola.model.repository.EscolaRepository; If you want this repository to be a Redis repository, consider annotating your entities with one of these annotations: org.springframework.data.redis.core.RedisHash (preferred), or consider extending one of the following types with your repository: org.springframework.data.keyvalue.repository.KeyValueRepository
2026-10-09 13:23:07 [restartedMain] INFO  o.s.d.r.c.RepositoryConfigurationExtensionSupport - Spring Data Redis - Could not safely identify store assignment for repository candidate interface com.sisco_e.escola.model.repository.LinkInternetRepository; If you want this repository to be a Redis repository, consider annotating your entities with one of these annotations: org.springframework.data.redis.core.RedisHash (preferred), or consider extending one of the following types with your repository: org.springframework.data.keyvalue.repository.KeyValueRepository
2026-10-09 13:23:07 [restartedMain] INFO  o.s.d.r.c.RepositoryConfigurationExtensionSupport - Spring Data Redis - Could not safely identify store assignment for repository candidate interface com.sisco_e.escola.model.repository.ProvedorInternetRepository; If you want this repository to be a Redis repository, consider annotating your entities with one of these annotations: org.springframework.data.redis.core.RedisHash (preferred), or consider extending one of the following types with your repository: org.springframework.data.keyvalue.repository.KeyValueRepository
2026-10-09 13:23:07 [restartedMain] INFO  o.s.d.r.c.RepositoryConfigurationExtensionSupport - Spring Data Redis - Could not safely identify store assignment for repository candidate interface com.sisco_e.escola.model.repository.UsuarioRepository; If you want this repository to be a Redis repository, consider annotating your entities with one of these annotations: org.springframework.data.redis.core.RedisHash (preferred), or consider extending one of the following types with your repository: org.springframework.data.keyvalue.repository.KeyValueRepository
2026-10-09 13:23:07 [restartedMain] INFO  o.s.d.r.c.RepositoryConfigurationDelegate - Finished Spring Data repository scanning in 13 ms. Found 1 Redis repository interface.
2026-10-09 13:23:07 [restartedMain] INFO  o.s.d.r.c.RepositoryConfigurationDelegate - Multiple Spring Data modules found, entering strict repository configuration mode
2026-10-09 13:23:07 [restartedMain] INFO  o.s.d.r.c.RepositoryConfigurationDelegate - Bootstrapping Spring Data JPA repositories in DEFAULT mode.
2026-10-09 13:23:07 [restartedMain] INFO  o.s.d.r.c.RepositoryConfigurationExtensionSupport - Spring Data JPA - Could not safely identify store assignment for repository candidate interface com.sisco_e.escola.model.repository.RefreshTokenRepository; If you want this repository to be a JPA repository, consider annotating your entities with one of these annotations: jakarta.persistence.Entity, jakarta.persistence.MappedSuperclass (preferred), or consider extending one of the following types with your repository: org.springframework.data.jpa.repository.JpaRepository
2026-10-09 13:23:07 [restartedMain] INFO  o.s.d.r.c.RepositoryConfigurationDelegate - Finished Spring Data repository scanning in 23 ms. Found 6 JPA repository interfaces.
2026-10-09 13:23:08 [restartedMain] INFO  o.s.boot.tomcat.TomcatWebServer - Tomcat initialized with port 8080 (http)
2026-10-09 13:23:08 [restartedMain] INFO  o.a.catalina.core.StandardService - Starting service [Tomcat]
2026-10-09 13:23:08 [restartedMain] INFO  o.a.catalina.core.StandardEngine - Starting Servlet engine: [Apache Tomcat/11.0.22]
2026-10-09 13:23:08 [restartedMain] INFO  o.s.b.w.c.s.WebApplicationContextInitializer - Root WebApplicationContext: initialization completed in 727 ms
2026-10-09 13:23:08 [restartedMain] INFO  org.hibernate.orm.jpa - HHH008540: Processing PersistenceUnitInfo [name: default]
2026-10-09 13:23:08 [restartedMain] INFO  o.h.e.b.internal.EnversServiceImpl - Envers integration enabled? : true
2026-10-09 13:23:08 [restartedMain] INFO  o.s.o.j.p.SpringPersistenceUnitInfo - No LoadTimeWeaver setup: ignoring JPA class transformer
2026-10-09 13:23:08 [restartedMain] INFO  com.zaxxer.hikari.HikariDataSource - HikariPool-23 - Starting...
2026-10-09 13:23:08 [restartedMain] INFO  com.zaxxer.hikari.pool.HikariPool - HikariPool-23 - Added connection org.postgresql.jdbc.PgConnection@b82e85f
2026-10-09 13:23:08 [restartedMain] INFO  com.zaxxer.hikari.HikariDataSource - HikariPool-23 - Start completed.
2026-10-09 13:23:08 [restartedMain] INFO  o.hibernate.orm.connections.pooling - HHH10001005: Database info:
	Database JDBC URL [jdbc:postgresql://localhost:5432/sisco]
	Database driver: PostgreSQL JDBC Driver
	Database dialect: PostgreSQLDialect
	Database version: 18.6
	Default catalog/schema: sisco/public
	Autocommit mode: undefined/unknown
	Isolation level: READ_COMMITTED [default READ_COMMITTED]
	JDBC fetch size: none
	Pool: DataSourceConnectionProvider
	Minimum pool size: undefined/unknown
	Maximum pool size: undefined/unknown
2026-10-09 13:23:08 [restartedMain] INFO  o.h.e.c.i.m.AuditMetadataGenerator - Adding properties for entity: com.sisco_e.escola.model.entity.Escola
2026-10-09 13:23:08 [restartedMain] INFO  o.h.e.c.i.m.AuditMetadataGenerator - Adding properties for entity: com.sisco_e.escola.model.entity.Diretor
2026-10-09 13:23:08 [restartedMain] INFO  o.h.e.c.i.m.AuditMetadataGenerator - Adding properties for entity: com.sisco_e.escola.model.entity.Usuario
2026-10-09 13:23:08 [restartedMain] INFO  org.hibernate.orm.core - HHH000489: No JTA platform available (set 'hibernate.transaction.jta.platform' to enable JTA platform integration)
2026-10-09 13:23:11 [restartedMain] WARN  o.h.t.s.i.ExceptionHandlerLoggedImpl - GenerationTarget encountered exception accepting command : Error executing DDL "
    create table siscoescola.tb_contrato_net (
        data_contratacao date not null,
        data_fim_contrato date,
        valor_mensal NUMERIC(10,2) not null,
        data_atualizacao timestamp(6) with time zone not null,
        data_cadastro timestamp(6) with time zone not null,
        uuid_contrato_net uuid not null,
        uuid_escola uuid not null,
        uuid_provedor uuid not null,
        status CHARACTER VARYING(20) not null check ((status in ('ATIVO','CANCELADO','SUSPENSO'))),
        velocidade varchar(255) not null,
        primary key (uuid_contrato_net),
        constraint uk_contratos_internet_escola_provedor_data unique (uuid_escola, uuid_provedor, data_contratacao)
    )" via JDBC [ERRO: relação "uk_contratos_internet_escola_provedor_data" já existe]
org.hibernate.tool.schema.spi.CommandAcceptanceException: Error executing DDL "
    create table siscoescola.tb_contrato_net (
        data_contratacao date not null,
        data_fim_contrato date,
        valor_mensal NUMERIC(10,2) not null,
        data_atualizacao timestamp(6) with time zone not null,
        data_cadastro timestamp(6) with time zone not null,
        uuid_contrato_net uuid not null,
        uuid_escola uuid not null,
        uuid_provedor uuid not null,
        status CHARACTER VARYING(20) not null check ((status in ('ATIVO','CANCELADO','SUSPENSO'))),
        velocidade varchar(255) not null,
        primary key (uuid_contrato_net),
        constraint uk_contratos_internet_escola_provedor_data unique (uuid_escola, uuid_provedor, data_contratacao)
    )" via JDBC [ERRO: relação "uk_contratos_internet_escola_provedor_data" já existe]
	at org.hibernate.tool.schema.internal.exec.GenerationTargetToDatabase.accept(GenerationTargetToDatabase.java:81) ~[hibernate-core-7.2.19.Final.jar:7.2.19.Final]
	at org.hibernate.tool.schema.internal.Helper.applySqlString(Helper.java:218) ~[hibernate-core-7.2.19.Final.jar:7.2.19.Final]
	at org.hibernate.tool.schema.internal.Helper.applySqlStrings(Helper.java:204) ~[hibernate-core-7.2.19.Final.jar:7.2.19.Final]
	at org.hibernate.tool.schema.internal.SchemaCreatorImpl.createTables(SchemaCreatorImpl.java:404) ~[hibernate-core-7.2.19.Final.jar:7.2.19.Final]
	at org.hibernate.tool.schema.internal.SchemaCreatorImpl.createSequencesTablesConstraints(SchemaCreatorImpl.java:320) ~[hibernate-core-7.2.19.Final.jar:7.2.19.Final]
	at org.hibernate.tool.schema.internal.SchemaCreatorImpl.createFromMetadata(SchemaCreatorImpl.java:215) ~[hibernate-core-7.2.19.Final.jar:7.2.19.Final]
	at org.hibernate.tool.schema.internal.SchemaCreatorImpl.performCreation(SchemaCreatorImpl.java:151) ~[hibernate-core-7.2.19.Final.jar:7.2.19.Final]
	at org.hibernate.tool.schema.internal.SchemaCreatorImpl.doCreation(SchemaCreatorImpl.java:121) ~[hibernate-core-7.2.19.Final.jar:7.2.19.Final]
	at org.hibernate.tool.schema.internal.SchemaCreatorImpl.doCreation(SchemaCreatorImpl.java:97) ~[hibernate-core-7.2.19.Final.jar:7.2.19.Final]
	at org.hibernate.tool.schema.spi.SchemaManagementToolCoordinator.performDatabaseAction(SchemaManagementToolCoordinator.java:239) ~[hibernate-core-7.2.19.Final.jar:7.2.19.Final]
	at org.hibernate.tool.schema.spi.SchemaManagementToolCoordinator.lambda$process$1(SchemaManagementToolCoordinator.java:101) ~[hibernate-core-7.2.19.Final.jar:7.2.19.Final]
	at java.base/java.util.HashMap.forEach(HashMap.java:1429) ~[na:na]
	at org.hibernate.tool.schema.spi.SchemaManagementToolCoordinator.process(SchemaManagementToolCoordinator.java:100) ~[hibernate-core-7.2.19.Final.jar:7.2.19.Final]
	at org.hibernate.boot.internal.SessionFactoryObserverForSchemaExport.sessionFactoryCreated(SessionFactoryObserverForSchemaExport.java:35) ~[hibernate-core-7.2.19.Final.jar:7.2.19.Final]
	at org.hibernate.internal.SessionFactoryObserverChain.sessionFactoryCreated(SessionFactoryObserverChain.java:33) ~[hibernate-core-7.2.19.Final.jar:7.2.19.Final]
	at org.hibernate.internal.SessionFactoryImpl.<init>(SessionFactoryImpl.java:323) ~[hibernate-core-7.2.19.Final.jar:7.2.19.Final]
	at org.hibernate.internal.SessionFactoryRegistry.instantiateSessionFactory(SessionFactoryRegistry.java:64) ~[hibernate-core-7.2.19.Final.jar:7.2.19.Final]
	at org.hibernate.boot.internal.SessionFactoryBuilderImpl.build(SessionFactoryBuilderImpl.java:437) ~[hibernate-core-7.2.19.Final.jar:7.2.19.Final]
	at org.hibernate.jpa.boot.internal.EntityManagerFactoryBuilderImpl.build(EntityManagerFactoryBuilderImpl.java:1456) ~[hibernate-core-7.2.19.Final.jar:7.2.19.Final]
	at org.springframework.orm.jpa.vendor.SpringHibernateJpaPersistenceProvider.createContainerEntityManagerFactory(SpringHibernateJpaPersistenceProvider.java:93) ~[spring-orm-7.0.8.jar:7.0.8]
	at org.springframework.orm.jpa.LocalContainerEntityManagerFactoryBean.createNativeEntityManagerFactory(LocalContainerEntityManagerFactoryBean.java:443) ~[spring-orm-7.0.8.jar:7.0.8]
	at org.springframework.orm.jpa.AbstractEntityManagerFactoryBean.buildNativeEntityManagerFactory(AbstractEntityManagerFactoryBean.java:436) ~[spring-orm-7.0.8.jar:7.0.8]
	at org.springframework.orm.jpa.AbstractEntityManagerFactoryBean.afterPropertiesSet(AbstractEntityManagerFactoryBean.java:411) ~[spring-orm-7.0.8.jar:7.0.8]
	at org.springframework.orm.jpa.LocalContainerEntityManagerFactoryBean.afterPropertiesSet(LocalContainerEntityManagerFactoryBean.java:419) ~[spring-orm-7.0.8.jar:7.0.8]
	at org.springframework.beans.factory.support.AbstractAutowireCapableBeanFactory.invokeInitMethods(AbstractAutowireCapableBeanFactory.java:1862) ~[spring-beans-7.0.8.jar:7.0.8]
	at org.springframework.beans.factory.support.AbstractAutowireCapableBeanFactory.initializeBean(AbstractAutowireCapableBeanFactory.java:1811) ~[spring-beans-7.0.8.jar:7.0.8]
	at org.springframework.beans.factory.support.AbstractAutowireCapableBeanFactory.doCreateBean(AbstractAutowireCapableBeanFactory.java:603) ~[spring-beans-7.0.8.jar:7.0.8]
	at org.springframework.beans.factory.support.AbstractAutowireCapableBeanFactory.createBean(AbstractAutowireCapableBeanFactory.java:525) ~[spring-beans-7.0.8.jar:7.0.8]
	at org.springframework.beans.factory.support.AbstractBeanFactory.lambda$doGetBean$0(AbstractBeanFactory.java:333) ~[spring-beans-7.0.8.jar:7.0.8]
	at org.springframework.beans.factory.support.DefaultSingletonBeanRegistry.getSingleton(DefaultSingletonBeanRegistry.java:371) ~[spring-beans-7.0.8.jar:7.0.8]
	at org.springframework.beans.factory.support.AbstractBeanFactory.doGetBean(AbstractBeanFactory.java:331) ~[spring-beans-7.0.8.jar:7.0.8]
	at org.springframework.beans.factory.support.AbstractBeanFactory.getBean(AbstractBeanFactory.java:196) ~[spring-beans-7.0.8.jar:7.0.8]
	at org.springframework.beans.factory.support.BeanDefinitionValueResolver.resolveReference(BeanDefinitionValueResolver.java:365) ~[spring-beans-7.0.8.jar:7.0.8]
	at org.springframework.beans.factory.support.BeanDefinitionValueResolver.resolveValueIfNecessary(BeanDefinitionValueResolver.java:135) ~[spring-beans-7.0.8.jar:7.0.8]
	at org.springframework.beans.factory.support.ConstructorResolver.resolveConstructorArguments(ConstructorResolver.java:691) ~[spring-beans-7.0.8.jar:7.0.8]
	at org.springframework.beans.factory.support.ConstructorResolver.instantiateUsingFactoryMethod(ConstructorResolver.java:513) ~[spring-beans-7.0.8.jar:7.0.8]
	at org.springframework.beans.factory.support.AbstractAutowireCapableBeanFactory.instantiateUsingFactoryMethod(AbstractAutowireCapableBeanFactory.java:1360) ~[spring-beans-7.0.8.jar:7.0.8]
	at org.springframework.beans.factory.support.AbstractAutowireCapableBeanFactory.createBeanInstance(AbstractAutowireCapableBeanFactory.java:1192) ~[spring-beans-7.0.8.jar:7.0.8]
	at org.springframework.beans.factory.support.AbstractAutowireCapableBeanFactory.doCreateBean(AbstractAutowireCapableBeanFactory.java:565) ~[spring-beans-7.0.8.jar:7.0.8]
	at org.springframework.beans.factory.support.AbstractAutowireCapableBeanFactory.createBean(AbstractAutowireCapableBeanFactory.java:525) ~[spring-beans-7.0.8.jar:7.0.8]
	at org.springframework.beans.factory.support.AbstractBeanFactory.lambda$doGetBean$0(AbstractBeanFactory.java:333) ~[spring-beans-7.0.8.jar:7.0.8]
	at org.springframework.beans.factory.support.DefaultSingletonBeanRegistry.getSingleton(DefaultSingletonBeanRegistry.java:371) ~[spring-beans-7.0.8.jar:7.0.8]
	at org.springframework.beans.factory.support.AbstractBeanFactory.doGetBean(AbstractBeanFactory.java:331) ~[spring-beans-7.0.8.jar:7.0.8]
	at org.springframework.beans.factory.support.AbstractBeanFactory.getBean(AbstractBeanFactory.java:201) ~[spring-beans-7.0.8.jar:7.0.8]
	at org.springframework.beans.factory.support.BeanDefinitionValueResolver.resolveReference(BeanDefinitionValueResolver.java:356) ~[spring-beans-7.0.8.jar:7.0.8]
	at org.springframework.beans.factory.support.BeanDefinitionValueResolver.resolveValueIfNecessary(BeanDefinitionValueResolver.java:135) ~[spring-beans-7.0.8.jar:7.0.8]
	at org.springframework.beans.factory.support.AbstractAutowireCapableBeanFactory.applyPropertyValues(AbstractAutowireCapableBeanFactory.java:1710) ~[spring-beans-7.0.8.jar:7.0.8]
	at org.springframework.beans.factory.support.AbstractAutowireCapableBeanFactory.populateBean(AbstractAutowireCapableBeanFactory.java:1459) ~[spring-beans-7.0.8.jar:7.0.8]
	at org.springframework.beans.factory.support.AbstractAutowireCapableBeanFactory.doCreateBean(AbstractAutowireCapableBeanFactory.java:602) ~[spring-beans-7.0.8.jar:7.0.8]
	at org.springframework.beans.factory.support.AbstractAutowireCapableBeanFactory.createBean(AbstractAutowireCapableBeanFactory.java:525) ~[spring-beans-7.0.8.jar:7.0.8]
	at org.springframework.beans.factory.support.AbstractBeanFactory.lambda$doGetBean$0(AbstractBeanFactory.java:333) ~[spring-beans-7.0.8.jar:7.0.8]
	at org.springframework.beans.factory.support.DefaultSingletonBeanRegistry.getSingleton(DefaultSingletonBeanRegistry.java:371) ~[spring-beans-7.0.8.jar:7.0.8]
	at org.springframework.beans.factory.support.AbstractBeanFactory.doGetBean(AbstractBeanFactory.java:331) ~[spring-beans-7.0.8.jar:7.0.8]
	at org.springframework.beans.factory.support.AbstractBeanFactory.getBean(AbstractBeanFactory.java:201) ~[spring-beans-7.0.8.jar:7.0.8]
	at org.springframework.beans.factory.support.DefaultListableBeanFactory.resolveBean(DefaultListableBeanFactory.java:1232) ~[spring-beans-7.0.8.jar:7.0.8]
	at org.springframework.beans.factory.support.DefaultListableBeanFactory.doResolveDependency(DefaultListableBeanFactory.java:1711) ~[spring-beans-7.0.8.jar:7.0.8]
	at org.springframework.beans.factory.support.DefaultListableBeanFactory.resolveDependency(DefaultListableBeanFactory.java:1658) ~[spring-beans-7.0.8.jar:7.0.8]
	at org.springframework.beans.factory.support.ConstructorResolver.resolveAutowiredArgument(ConstructorResolver.java:912) ~[spring-beans-7.0.8.jar:7.0.8]
	at org.springframework.beans.factory.support.ConstructorResolver.createArgumentArray(ConstructorResolver.java:791) ~[spring-beans-7.0.8.jar:7.0.8]
	at org.springframework.beans.factory.support.ConstructorResolver.autowireConstructor(ConstructorResolver.java:240) ~[spring-beans-7.0.8.jar:7.0.8]
	at org.springframework.beans.factory.support.AbstractAutowireCapableBeanFactory.autowireConstructor(AbstractAutowireCapableBeanFactory.java:1380) ~[spring-beans-7.0.8.jar:7.0.8]
	at org.springframework.beans.factory.support.AbstractAutowireCapableBeanFactory.createBeanInstance(AbstractAutowireCapableBeanFactory.java:1219) ~[spring-beans-7.0.8.jar:7.0.8]
	at org.springframework.beans.factory.support.AbstractAutowireCapableBeanFactory.doCreateBean(AbstractAutowireCapableBeanFactory.java:565) ~[spring-beans-7.0.8.jar:7.0.8]
	at org.springframework.beans.factory.support.AbstractAutowireCapableBeanFactory.createBean(AbstractAutowireCapableBeanFactory.java:525) ~[spring-beans-7.0.8.jar:7.0.8]
	at org.springframework.beans.factory.support.AbstractBeanFactory.lambda$doGetBean$0(AbstractBeanFactory.java:333) ~[spring-beans-7.0.8.jar:7.0.8]
	at org.springframework.beans.factory.support.DefaultSingletonBeanRegistry.getSingleton(DefaultSingletonBeanRegistry.java:371) ~[spring-beans-7.0.8.jar:7.0.8]
	at org.springframework.beans.factory.support.AbstractBeanFactory.doGetBean(AbstractBeanFactory.java:331) ~[spring-beans-7.0.8.jar:7.0.8]
	at org.springframework.beans.factory.support.AbstractBeanFactory.getBean(AbstractBeanFactory.java:201) ~[spring-beans-7.0.8.jar:7.0.8]
	at org.springframework.beans.factory.config.DependencyDescriptor.resolveCandidate(DependencyDescriptor.java:229) ~[spring-beans-7.0.8.jar:7.0.8]
	at org.springframework.beans.factory.support.DefaultListableBeanFactory.doResolveDependency(DefaultListableBeanFactory.java:1769) ~[spring-beans-7.0.8.jar:7.0.8]
	at org.springframework.beans.factory.support.DefaultListableBeanFactory.resolveDependency(DefaultListableBeanFactory.java:1658) ~[spring-beans-7.0.8.jar:7.0.8]
	at org.springframework.beans.factory.support.ConstructorResolver.resolveAutowiredArgument(ConstructorResolver.java:912) ~[spring-beans-7.0.8.jar:7.0.8]
	at org.springframework.beans.factory.support.ConstructorResolver.createArgumentArray(ConstructorResolver.java:791) ~[spring-beans-7.0.8.jar:7.0.8]
	at org.springframework.beans.factory.support.ConstructorResolver.autowireConstructor(ConstructorResolver.java:240) ~[spring-beans-7.0.8.jar:7.0.8]
	at org.springframework.beans.factory.support.AbstractAutowireCapableBeanFactory.autowireConstructor(AbstractAutowireCapableBeanFactory.java:1380) ~[spring-beans-7.0.8.jar:7.0.8]
	at org.springframework.beans.factory.support.AbstractAutowireCapableBeanFactory.createBeanInstance(AbstractAutowireCapableBeanFactory.java:1219) ~[spring-beans-7.0.8.jar:7.0.8]
	at org.springframework.beans.factory.support.AbstractAutowireCapableBeanFactory.doCreateBean(AbstractAutowireCapableBeanFactory.java:565) ~[spring-beans-7.0.8.jar:7.0.8]
	at org.springframework.beans.factory.support.AbstractAutowireCapableBeanFactory.createBean(AbstractAutowireCapableBeanFactory.java:525) ~[spring-beans-7.0.8.jar:7.0.8]
	at org.springframework.beans.factory.support.AbstractBeanFactory.lambda$doGetBean$0(AbstractBeanFactory.java:333) ~[spring-beans-7.0.8.jar:7.0.8]
	at org.springframework.beans.factory.support.DefaultSingletonBeanRegistry.getSingleton(DefaultSingletonBeanRegistry.java:371) ~[spring-beans-7.0.8.jar:7.0.8]
	at org.springframework.beans.factory.support.AbstractBeanFactory.doGetBean(AbstractBeanFactory.java:331) ~[spring-beans-7.0.8.jar:7.0.8]
	at org.springframework.beans.factory.support.AbstractBeanFactory.getBean(AbstractBeanFactory.java:201) ~[spring-beans-7.0.8.jar:7.0.8]
	at org.springframework.boot.web.servlet.ServletContextInitializerBeans.getOrderedBeansOfType(ServletContextInitializerBeans.java:231) ~[spring-boot-4.0.7.jar:4.0.7]
	at org.springframework.boot.web.servlet.ServletContextInitializerBeans.addAsRegistrationBean(ServletContextInitializerBeans.java:185) ~[spring-boot-4.0.7.jar:4.0.7]
	at org.springframework.boot.web.servlet.ServletContextInitializerBeans.addAsRegistrationBean(ServletContextInitializerBeans.java:180) ~[spring-boot-4.0.7.jar:4.0.7]
	at org.springframework.boot.web.servlet.ServletContextInitializerBeans.addAdaptableBeans(ServletContextInitializerBeans.java:165) ~[spring-boot-4.0.7.jar:4.0.7]
	at org.springframework.boot.web.servlet.ServletContextInitializerBeans.<init>(ServletContextInitializerBeans.java:97) ~[spring-boot-4.0.7.jar:4.0.7]
	at org.springframework.boot.web.context.servlet.WebApplicationContextInitializer.initialize(WebApplicationContextInitializer.java:53) ~[spring-boot-4.0.7.jar:4.0.7]
	at org.springframework.boot.tomcat.servlet.DeferredServletContainerInitializers.onStartup(DeferredServletContainerInitializers.java:55) ~[spring-boot-tomcat-4.0.7.jar:4.0.7]
	at org.apache.catalina.core.StandardContext.startInternal(StandardContext.java:4420) ~[tomcat-embed-core-11.0.22.jar:11.0.22]
	at org.apache.catalina.util.LifecycleBase.start(LifecycleBase.java:164) ~[tomcat-embed-core-11.0.22.jar:11.0.22]
	at org.apache.catalina.core.ContainerBase$StartChild.call(ContainerBase.java:1162) ~[tomcat-embed-core-11.0.22.jar:11.0.22]
	at org.apache.catalina.core.ContainerBase$StartChild.call(ContainerBase.java:1158) ~[tomcat-embed-core-11.0.22.jar:11.0.22]
	at java.base/java.util.concurrent.FutureTask.run(FutureTask.java:317) ~[na:na]
	at org.apache.tomcat.util.threads.InlineExecutorService.execute(InlineExecutorService.java:81) ~[tomcat-embed-core-11.0.22.jar:11.0.22]
	at java.base/java.util.concurrent.AbstractExecutorService.submit(AbstractExecutorService.java:145) ~[na:na]
	at org.apache.catalina.core.ContainerBase.startInternal(ContainerBase.java:714) ~[tomcat-embed-core-11.0.22.jar:11.0.22]
	at org.apache.catalina.core.StandardHost.startInternal(StandardHost.java:780) ~[tomcat-embed-core-11.0.22.jar:11.0.22]
	at org.apache.catalina.util.LifecycleBase.start(LifecycleBase.java:164) ~[tomcat-embed-core-11.0.22.jar:11.0.22]
	at org.apache.catalina.core.ContainerBase$StartChild.call(ContainerBase.java:1162) ~[tomcat-embed-core-11.0.22.jar:11.0.22]
	at org.apache.catalina.core.ContainerBase$StartChild.call(ContainerBase.java:1158) ~[tomcat-embed-core-11.0.22.jar:11.0.22]
	at java.base/java.util.concurrent.FutureTask.run(FutureTask.java:317) ~[na:na]
	at org.apache.tomcat.util.threads.InlineExecutorService.execute(InlineExecutorService.java:81) ~[tomcat-embed-core-11.0.22.jar:11.0.22]
	at java.base/java.util.concurrent.AbstractExecutorService.submit(AbstractExecutorService.java:145) ~[na:na]
	at org.apache.catalina.core.ContainerBase.startInternal(ContainerBase.java:714) ~[tomcat-embed-core-11.0.22.jar:11.0.22]
	at org.apache.catalina.core.StandardEngine.startInternal(StandardEngine.java:201) ~[tomcat-embed-core-11.0.22.jar:11.0.22]
	at org.apache.catalina.util.LifecycleBase.start(LifecycleBase.java:164) ~[tomcat-embed-core-11.0.22.jar:11.0.22]
	at org.apache.catalina.core.StandardService.startInternal(StandardService.java:410) ~[tomcat-embed-core-11.0.22.jar:11.0.22]
	at org.apache.catalina.util.LifecycleBase.start(LifecycleBase.java:164) ~[tomcat-embed-core-11.0.22.jar:11.0.22]
	at org.apache.catalina.core.StandardServer.startInternal(StandardServer.java:864) ~[tomcat-embed-core-11.0.22.jar:11.0.22]
	at org.apache.catalina.util.LifecycleBase.start(LifecycleBase.java:164) ~[tomcat-embed-core-11.0.22.jar:11.0.22]
	at org.apache.catalina.startup.Tomcat.start(Tomcat.java:435) ~[tomcat-embed-core-11.0.22.jar:11.0.22]
	at org.springframework.boot.tomcat.TomcatWebServer.initialize(TomcatWebServer.java:131) ~[spring-boot-tomcat-4.0.7.jar:4.0.7]
	at org.springframework.boot.tomcat.TomcatWebServer.<init>(TomcatWebServer.java:110) ~[spring-boot-tomcat-4.0.7.jar:4.0.7]
	at org.springframework.boot.tomcat.servlet.TomcatServletWebServerFactory.getTomcatWebServer(TomcatServletWebServerFactory.java:408) ~[spring-boot-tomcat-4.0.7.jar:4.0.7]
	at org.springframework.boot.tomcat.servlet.TomcatServletWebServerFactory.getWebServer(TomcatServletWebServerFactory.java:166) ~[spring-boot-tomcat-4.0.7.jar:4.0.7]
	at org.springframework.boot.web.server.servlet.context.ServletWebServerApplicationContext.createWebServer(ServletWebServerApplicationContext.java:190) ~[spring-boot-web-server-4.0.7.jar:4.0.7]
	at org.springframework.boot.web.server.servlet.context.ServletWebServerApplicationContext.onRefresh(ServletWebServerApplicationContext.java:164) ~[spring-boot-web-server-4.0.7.jar:4.0.7]
	at org.springframework.context.support.AbstractApplicationContext.refresh(AbstractApplicationContext.java:615) ~[spring-context-7.0.8.jar:7.0.8]
	at org.springframework.boot.web.server.servlet.context.ServletWebServerApplicationContext.refresh(ServletWebServerApplicationContext.java:143) ~[spring-boot-web-server-4.0.7.jar:4.0.7]
	at org.springframework.boot.SpringApplication.refresh(SpringApplication.java:756) ~[spring-boot-4.0.7.jar:4.0.7]
	at org.springframework.boot.SpringApplication.refreshContext(SpringApplication.java:445) ~[spring-boot-4.0.7.jar:4.0.7]
	at org.springframework.boot.SpringApplication.run(SpringApplication.java:321) ~[spring-boot-4.0.7.jar:4.0.7]
	at org.springframework.boot.SpringApplication.run(SpringApplication.java:1365) ~[spring-boot-4.0.7.jar:4.0.7]
	at org.springframework.boot.SpringApplication.run(SpringApplication.java:1354) ~[spring-boot-4.0.7.jar:4.0.7]
	at com.sisco_e.escola.SiscoEApplication.main(SiscoEApplication.java:12) ~[classes/:na]
	at java.base/jdk.internal.reflect.DirectMethodHandleAccessor.invoke(DirectMethodHandleAccessor.java:103) ~[na:na]
	at java.base/java.lang.reflect.Method.invoke(Method.java:580) ~[na:na]
	at org.springframework.boot.devtools.restart.RestartLauncher.run(RestartLauncher.java:52) ~[spring-boot-devtools-4.0.7.jar:4.0.7]
Caused by: org.postgresql.util.PSQLException: ERRO: relação "uk_contratos_internet_escola_provedor_data" já existe
	at org.postgresql.core.v3.QueryExecutorImpl.receiveErrorResponse(QueryExecutorImpl.java:2904) ~[postgresql-42.7.11.jar:42.7.11]
	at org.postgresql.core.v3.QueryExecutorImpl.processResults(QueryExecutorImpl.java:2589) ~[postgresql-42.7.11.jar:42.7.11]
	at org.postgresql.core.v3.QueryExecutorImpl.execute(QueryExecutorImpl.java:431) ~[postgresql-42.7.11.jar:42.7.11]
	at org.postgresql.jdbc.PgStatement.executeInternal(PgStatement.java:534) ~[postgresql-42.7.11.jar:42.7.11]
	at org.postgresql.jdbc.PgStatement.execute(PgStatement.java:437) ~[postgresql-42.7.11.jar:42.7.11]
	at org.postgresql.jdbc.PgStatement.executeWithFlags(PgStatement.java:359) ~[postgresql-42.7.11.jar:42.7.11]
	at org.postgresql.jdbc.PgStatement.executeCachedSql(PgStatement.java:344) ~[postgresql-42.7.11.jar:42.7.11]
	at org.postgresql.jdbc.PgStatement.executeWithFlags(PgStatement.java:320) ~[postgresql-42.7.11.jar:42.7.11]
	at org.postgresql.jdbc.PgStatement.execute(PgStatement.java:315) ~[postgresql-42.7.11.jar:42.7.11]
	at com.zaxxer.hikari.pool.ProxyStatement.execute(ProxyStatement.java:95) ~[HikariCP-7.0.2.jar:na]
	at com.zaxxer.hikari.pool.HikariProxyStatement.execute(HikariProxyStatement.java) ~[HikariCP-7.0.2.jar:na]
	at org.hibernate.tool.schema.internal.exec.GenerationTargetToDatabase.accept(GenerationTargetToDatabase.java:76) ~[hibernate-core-7.2.19.Final.jar:7.2.19.Final]
	... 128 common frames omitted
2026-10-09 13:23:13 [restartedMain] WARN  o.h.t.s.i.ExceptionHandlerLoggedImpl - GenerationTarget encountered exception accepting command : Error executing DDL "
    alter table if exists siscoescola.tb_link_internet 
       add constraint FKbpujcjql7m3e4biq28wtq5lte 
       foreign key (uuid_contrato_net) 
       references siscoescola.tb_contrato_net" via JDBC [ERRO: relação "siscoescola.tb_contrato_net" não existe]
org.hibernate.tool.schema.spi.CommandAcceptanceException: Error executing DDL "
    alter table if exists siscoescola.tb_link_internet 
       add constraint FKbpujcjql7m3e4biq28wtq5lte 
       foreign key (uuid_contrato_net) 
       references siscoescola.tb_contrato_net" via JDBC [ERRO: relação "siscoescola.tb_contrato_net" não existe]
	at org.hibernate.tool.schema.internal.exec.GenerationTargetToDatabase.accept(GenerationTargetToDatabase.java:81) ~[hibernate-core-7.2.19.Final.jar:7.2.19.Final]
	at org.hibernate.tool.schema.internal.Helper.applySqlString(Helper.java:218) ~[hibernate-core-7.2.19.Final.jar:7.2.19.Final]
	at org.hibernate.tool.schema.internal.Helper.applySqlStrings(Helper.java:204) ~[hibernate-core-7.2.19.Final.jar:7.2.19.Final]
	at org.hibernate.tool.schema.internal.SchemaCreatorImpl.createForeignKeys(SchemaCreatorImpl.java:281) ~[hibernate-core-7.2.19.Final.jar:7.2.19.Final]
	at org.hibernate.tool.schema.internal.SchemaCreatorImpl.createFromMetadata(SchemaCreatorImpl.java:227) ~[hibernate-core-7.2.19.Final.jar:7.2.19.Final]
	at org.hibernate.tool.schema.internal.SchemaCreatorImpl.performCreation(SchemaCreatorImpl.java:151) ~[hibernate-core-7.2.19.Final.jar:7.2.19.Final]
	at org.hibernate.tool.schema.internal.SchemaCreatorImpl.doCreation(SchemaCreatorImpl.java:121) ~[hibernate-core-7.2.19.Final.jar:7.2.19.Final]
	at org.hibernate.tool.schema.internal.SchemaCreatorImpl.doCreation(SchemaCreatorImpl.java:97) ~[hibernate-core-7.2.19.Final.jar:7.2.19.Final]
	at org.hibernate.tool.schema.spi.SchemaManagementToolCoordinator.performDatabaseAction(SchemaManagementToolCoordinator.java:239) ~[hibernate-core-7.2.19.Final.jar:7.2.19.Final]
	at org.hibernate.tool.schema.spi.SchemaManagementToolCoordinator.lambda$process$1(SchemaManagementToolCoordinator.java:101) ~[hibernate-core-7.2.19.Final.jar:7.2.19.Final]
	at java.base/java.util.HashMap.forEach(HashMap.java:1429) ~[na:na]
	at org.hibernate.tool.schema.spi.SchemaManagementToolCoordinator.process(SchemaManagementToolCoordinator.java:100) ~[hibernate-core-7.2.19.Final.jar:7.2.19.Final]
	at org.hibernate.boot.internal.SessionFactoryObserverForSchemaExport.sessionFactoryCreated(SessionFactoryObserverForSchemaExport.java:35) ~[hibernate-core-7.2.19.Final.jar:7.2.19.Final]
	at org.hibernate.internal.SessionFactoryObserverChain.sessionFactoryCreated(SessionFactoryObserverChain.java:33) ~[hibernate-core-7.2.19.Final.jar:7.2.19.Final]
	at org.hibernate.internal.SessionFactoryImpl.<init>(SessionFactoryImpl.java:323) ~[hibernate-core-7.2.19.Final.jar:7.2.19.Final]
	at org.hibernate.internal.SessionFactoryRegistry.instantiateSessionFactory(SessionFactoryRegistry.java:64) ~[hibernate-core-7.2.19.Final.jar:7.2.19.Final]
	at org.hibernate.boot.internal.SessionFactoryBuilderImpl.build(SessionFactoryBuilderImpl.java:437) ~[hibernate-core-7.2.19.Final.jar:7.2.19.Final]
	at org.hibernate.jpa.boot.internal.EntityManagerFactoryBuilderImpl.build(EntityManagerFactoryBuilderImpl.java:1456) ~[hibernate-core-7.2.19.Final.jar:7.2.19.Final]
	at org.springframework.orm.jpa.vendor.SpringHibernateJpaPersistenceProvider.createContainerEntityManagerFactory(SpringHibernateJpaPersistenceProvider.java:93) ~[spring-orm-7.0.8.jar:7.0.8]
	at org.springframework.orm.jpa.LocalContainerEntityManagerFactoryBean.createNativeEntityManagerFactory(LocalContainerEntityManagerFactoryBean.java:443) ~[spring-orm-7.0.8.jar:7.0.8]
	at org.springframework.orm.jpa.AbstractEntityManagerFactoryBean.buildNativeEntityManagerFactory(AbstractEntityManagerFactoryBean.java:436) ~[spring-orm-7.0.8.jar:7.0.8]
	at org.springframework.orm.jpa.AbstractEntityManagerFactoryBean.afterPropertiesSet(AbstractEntityManagerFactoryBean.java:411) ~[spring-orm-7.0.8.jar:7.0.8]
	at org.springframework.orm.jpa.LocalContainerEntityManagerFactoryBean.afterPropertiesSet(LocalContainerEntityManagerFactoryBean.java:419) ~[spring-orm-7.0.8.jar:7.0.8]
	at org.springframework.beans.factory.support.AbstractAutowireCapableBeanFactory.invokeInitMethods(AbstractAutowireCapableBeanFactory.java:1862) ~[spring-beans-7.0.8.jar:7.0.8]
	at org.springframework.beans.factory.support.AbstractAutowireCapableBeanFactory.initializeBean(AbstractAutowireCapableBeanFactory.java:1811) ~[spring-beans-7.0.8.jar:7.0.8]
	at org.springframework.beans.factory.support.AbstractAutowireCapableBeanFactory.doCreateBean(AbstractAutowireCapableBeanFactory.java:603) ~[spring-beans-7.0.8.jar:7.0.8]
	at org.springframework.beans.factory.support.AbstractAutowireCapableBeanFactory.createBean(AbstractAutowireCapableBeanFactory.java:525) ~[spring-beans-7.0.8.jar:7.0.8]
	at org.springframework.beans.factory.support.AbstractBeanFactory.lambda$doGetBean$0(AbstractBeanFactory.java:333) ~[spring-beans-7.0.8.jar:7.0.8]
	at org.springframework.beans.factory.support.DefaultSingletonBeanRegistry.getSingleton(DefaultSingletonBeanRegistry.java:371) ~[spring-beans-7.0.8.jar:7.0.8]
	at org.springframework.beans.factory.support.AbstractBeanFactory.doGetBean(AbstractBeanFactory.java:331) ~[spring-beans-7.0.8.jar:7.0.8]
	at org.springframework.beans.factory.support.AbstractBeanFactory.getBean(AbstractBeanFactory.java:196) ~[spring-beans-7.0.8.jar:7.0.8]
	at org.springframework.beans.factory.support.BeanDefinitionValueResolver.resolveReference(BeanDefinitionValueResolver.java:365) ~[spring-beans-7.0.8.jar:7.0.8]
	at org.springframework.beans.factory.support.BeanDefinitionValueResolver.resolveValueIfNecessary(BeanDefinitionValueResolver.java:135) ~[spring-beans-7.0.8.jar:7.0.8]
	at org.springframework.beans.factory.support.ConstructorResolver.resolveConstructorArguments(ConstructorResolver.java:691) ~[spring-beans-7.0.8.jar:7.0.8]
	at org.springframework.beans.factory.support.ConstructorResolver.instantiateUsingFactoryMethod(ConstructorResolver.java:513) ~[spring-beans-7.0.8.jar:7.0.8]
	at org.springframework.beans.factory.support.AbstractAutowireCapableBeanFactory.instantiateUsingFactoryMethod(AbstractAutowireCapableBeanFactory.java:1360) ~[spring-beans-7.0.8.jar:7.0.8]
	at org.springframework.beans.factory.support.AbstractAutowireCapableBeanFactory.createBeanInstance(AbstractAutowireCapableBeanFactory.java:1192) ~[spring-beans-7.0.8.jar:7.0.8]
	at org.springframework.beans.factory.support.AbstractAutowireCapableBeanFactory.doCreateBean(AbstractAutowireCapableBeanFactory.java:565) ~[spring-beans-7.0.8.jar:7.0.8]
	at org.springframework.beans.factory.support.AbstractAutowireCapableBeanFactory.createBean(AbstractAutowireCapableBeanFactory.java:525) ~[spring-beans-7.0.8.jar:7.0.8]
	at org.springframework.beans.factory.support.AbstractBeanFactory.lambda$doGetBean$0(AbstractBeanFactory.java:333) ~[spring-beans-7.0.8.jar:7.0.8]
	at org.springframework.beans.factory.support.DefaultSingletonBeanRegistry.getSingleton(DefaultSingletonBeanRegistry.java:371) ~[spring-beans-7.0.8.jar:7.0.8]
	at org.springframework.beans.factory.support.AbstractBeanFactory.doGetBean(AbstractBeanFactory.java:331) ~[spring-beans-7.0.8.jar:7.0.8]
	at org.springframework.beans.factory.support.AbstractBeanFactory.getBean(AbstractBeanFactory.java:201) ~[spring-beans-7.0.8.jar:7.0.8]
	at org.springframework.beans.factory.support.BeanDefinitionValueResolver.resolveReference(BeanDefinitionValueResolver.java:356) ~[spring-beans-7.0.8.jar:7.0.8]
	at org.springframework.beans.factory.support.BeanDefinitionValueResolver.resolveValueIfNecessary(BeanDefinitionValueResolver.java:135) ~[spring-beans-7.0.8.jar:7.0.8]
	at org.springframework.beans.factory.support.AbstractAutowireCapableBeanFactory.applyPropertyValues(AbstractAutowireCapableBeanFactory.java:1710) ~[spring-beans-7.0.8.jar:7.0.8]
	at org.springframework.beans.factory.support.AbstractAutowireCapableBeanFactory.populateBean(AbstractAutowireCapableBeanFactory.java:1459) ~[spring-beans-7.0.8.jar:7.0.8]
	at org.springframework.beans.factory.support.AbstractAutowireCapableBeanFactory.doCreateBean(AbstractAutowireCapableBeanFactory.java:602) ~[spring-beans-7.0.8.jar:7.0.8]
	at org.springframework.beans.factory.support.AbstractAutowireCapableBeanFactory.createBean(AbstractAutowireCapableBeanFactory.java:525) ~[spring-beans-7.0.8.jar:7.0.8]
	at org.springframework.beans.factory.support.AbstractBeanFactory.lambda$doGetBean$0(AbstractBeanFactory.java:333) ~[spring-beans-7.0.8.jar:7.0.8]
	at org.springframework.beans.factory.support.DefaultSingletonBeanRegistry.getSingleton(DefaultSingletonBeanRegistry.java:371) ~[spring-beans-7.0.8.jar:7.0.8]
	at org.springframework.beans.factory.support.AbstractBeanFactory.doGetBean(AbstractBeanFactory.java:331) ~[spring-beans-7.0.8.jar:7.0.8]
	at org.springframework.beans.factory.support.AbstractBeanFactory.getBean(AbstractBeanFactory.java:201) ~[spring-beans-7.0.8.jar:7.0.8]
	at org.springframework.beans.factory.support.DefaultListableBeanFactory.resolveBean(DefaultListableBeanFactory.java:1232) ~[spring-beans-7.0.8.jar:7.0.8]
	at org.springframework.beans.factory.support.DefaultListableBeanFactory.doResolveDependency(DefaultListableBeanFactory.java:1711) ~[spring-beans-7.0.8.jar:7.0.8]
	at org.springframework.beans.factory.support.DefaultListableBeanFactory.resolveDependency(DefaultListableBeanFactory.java:1658) ~[spring-beans-7.0.8.jar:7.0.8]
	at org.springframework.beans.factory.support.ConstructorResolver.resolveAutowiredArgument(ConstructorResolver.java:912) ~[spring-beans-7.0.8.jar:7.0.8]
	at org.springframework.beans.factory.support.ConstructorResolver.createArgumentArray(ConstructorResolver.java:791) ~[spring-beans-7.0.8.jar:7.0.8]
	at org.springframework.beans.factory.support.ConstructorResolver.autowireConstructor(ConstructorResolver.java:240) ~[spring-beans-7.0.8.jar:7.0.8]
	at org.springframework.beans.factory.support.AbstractAutowireCapableBeanFactory.autowireConstructor(AbstractAutowireCapableBeanFactory.java:1380) ~[spring-beans-7.0.8.jar:7.0.8]
	at org.springframework.beans.factory.support.AbstractAutowireCapableBeanFactory.createBeanInstance(AbstractAutowireCapableBeanFactory.java:1219) ~[spring-beans-7.0.8.jar:7.0.8]
	at org.springframework.beans.factory.support.AbstractAutowireCapableBeanFactory.doCreateBean(AbstractAutowireCapableBeanFactory.java:565) ~[spring-beans-7.0.8.jar:7.0.8]
	at org.springframework.beans.factory.support.AbstractAutowireCapableBeanFactory.createBean(AbstractAutowireCapableBeanFactory.java:525) ~[spring-beans-7.0.8.jar:7.0.8]
	at org.springframework.beans.factory.support.AbstractBeanFactory.lambda$doGetBean$0(AbstractBeanFactory.java:333) ~[spring-beans-7.0.8.jar:7.0.8]
	at org.springframework.beans.factory.support.DefaultSingletonBeanRegistry.getSingleton(DefaultSingletonBeanRegistry.java:371) ~[spring-beans-7.0.8.jar:7.0.8]
	at org.springframework.beans.factory.support.AbstractBeanFactory.doGetBean(AbstractBeanFactory.java:331) ~[spring-beans-7.0.8.jar:7.0.8]
	at org.springframework.beans.factory.support.AbstractBeanFactory.getBean(AbstractBeanFactory.java:201) ~[spring-beans-7.0.8.jar:7.0.8]
	at org.springframework.beans.factory.config.DependencyDescriptor.resolveCandidate(DependencyDescriptor.java:229) ~[spring-beans-7.0.8.jar:7.0.8]
	at org.springframework.beans.factory.support.DefaultListableBeanFactory.doResolveDependency(DefaultListableBeanFactory.java:1769) ~[spring-beans-7.0.8.jar:7.0.8]
	at org.springframework.beans.factory.support.DefaultListableBeanFactory.resolveDependency(DefaultListableBeanFactory.java:1658) ~[spring-beans-7.0.8.jar:7.0.8]
	at org.springframework.beans.factory.support.ConstructorResolver.resolveAutowiredArgument(ConstructorResolver.java:912) ~[spring-beans-7.0.8.jar:7.0.8]
	at org.springframework.beans.factory.support.ConstructorResolver.createArgumentArray(ConstructorResolver.java:791) ~[spring-beans-7.0.8.jar:7.0.8]
	at org.springframework.beans.factory.support.ConstructorResolver.autowireConstructor(ConstructorResolver.java:240) ~[spring-beans-7.0.8.jar:7.0.8]
	at org.springframework.beans.factory.support.AbstractAutowireCapableBeanFactory.autowireConstructor(AbstractAutowireCapableBeanFactory.java:1380) ~[spring-beans-7.0.8.jar:7.0.8]
	at org.springframework.beans.factory.support.AbstractAutowireCapableBeanFactory.createBeanInstance(AbstractAutowireCapableBeanFactory.java:1219) ~[spring-beans-7.0.8.jar:7.0.8]
	at org.springframework.beans.factory.support.AbstractAutowireCapableBeanFactory.doCreateBean(AbstractAutowireCapableBeanFactory.java:565) ~[spring-beans-7.0.8.jar:7.0.8]
	at org.springframework.beans.factory.support.AbstractAutowireCapableBeanFactory.createBean(AbstractAutowireCapableBeanFactory.java:525) ~[spring-beans-7.0.8.jar:7.0.8]
	at org.springframework.beans.factory.support.AbstractBeanFactory.lambda$doGetBean$0(AbstractBeanFactory.java:333) ~[spring-beans-7.0.8.jar:7.0.8]
	at org.springframework.beans.factory.support.DefaultSingletonBeanRegistry.getSingleton(DefaultSingletonBeanRegistry.java:371) ~[spring-beans-7.0.8.jar:7.0.8]
	at org.springframework.beans.factory.support.AbstractBeanFactory.doGetBean(AbstractBeanFactory.java:331) ~[spring-beans-7.0.8.jar:7.0.8]
	at org.springframework.beans.factory.support.AbstractBeanFactory.getBean(AbstractBeanFactory.java:201) ~[spring-beans-7.0.8.jar:7.0.8]
	at org.springframework.boot.web.servlet.ServletContextInitializerBeans.getOrderedBeansOfType(ServletContextInitializerBeans.java:231) ~[spring-boot-4.0.7.jar:4.0.7]
	at org.springframework.boot.web.servlet.ServletContextInitializerBeans.addAsRegistrationBean(ServletContextInitializerBeans.java:185) ~[spring-boot-4.0.7.jar:4.0.7]
	at org.springframework.boot.web.servlet.ServletContextInitializerBeans.addAsRegistrationBean(ServletContextInitializerBeans.java:180) ~[spring-boot-4.0.7.jar:4.0.7]
	at org.springframework.boot.web.servlet.ServletContextInitializerBeans.addAdaptableBeans(ServletContextInitializerBeans.java:165) ~[spring-boot-4.0.7.jar:4.0.7]
	at org.springframework.boot.web.servlet.ServletContextInitializerBeans.<init>(ServletContextInitializerBeans.java:97) ~[spring-boot-4.0.7.jar:4.0.7]
	at org.springframework.boot.web.context.servlet.WebApplicationContextInitializer.initialize(WebApplicationContextInitializer.java:53) ~[spring-boot-4.0.7.jar:4.0.7]
	at org.springframework.boot.tomcat.servlet.DeferredServletContainerInitializers.onStartup(DeferredServletContainerInitializers.java:55) ~[spring-boot-tomcat-4.0.7.jar:4.0.7]
	at org.apache.catalina.core.StandardContext.startInternal(StandardContext.java:4420) ~[tomcat-embed-core-11.0.22.jar:11.0.22]
	at org.apache.catalina.util.LifecycleBase.start(LifecycleBase.java:164) ~[tomcat-embed-core-11.0.22.jar:11.0.22]
	at org.apache.catalina.core.ContainerBase$StartChild.call(ContainerBase.java:1162) ~[tomcat-embed-core-11.0.22.jar:11.0.22]
	at org.apache.catalina.core.ContainerBase$StartChild.call(ContainerBase.java:1158) ~[tomcat-embed-core-11.0.22.jar:11.0.22]
	at java.base/java.util.concurrent.FutureTask.run(FutureTask.java:317) ~[na:na]
	at org.apache.tomcat.util.threads.InlineExecutorService.execute(InlineExecutorService.java:81) ~[tomcat-embed-core-11.0.22.jar:11.0.22]
	at java.base/java.util.concurrent.AbstractExecutorService.submit(AbstractExecutorService.java:145) ~[na:na]
	at org.apache.catalina.core.ContainerBase.startInternal(ContainerBase.java:714) ~[tomcat-embed-core-11.0.22.jar:11.0.22]
	at org.apache.catalina.core.StandardHost.startInternal(StandardHost.java:780) ~[tomcat-embed-core-11.0.22.jar:11.0.22]
	at org.apache.catalina.util.LifecycleBase.start(LifecycleBase.java:164) ~[tomcat-embed-core-11.0.22.jar:11.0.22]
	at org.apache.catalina.core.ContainerBase$StartChild.call(ContainerBase.java:1162) ~[tomcat-embed-core-11.0.22.jar:11.0.22]
	at org.apache.catalina.core.ContainerBase$StartChild.call(ContainerBase.java:1158) ~[tomcat-embed-core-11.0.22.jar:11.0.22]
	at java.base/java.util.concurrent.FutureTask.run(FutureTask.java:317) ~[na:na]
	at org.apache.tomcat.util.threads.InlineExecutorService.execute(InlineExecutorService.java:81) ~[tomcat-embed-core-11.0.22.jar:11.0.22]
	at java.base/java.util.concurrent.AbstractExecutorService.submit(AbstractExecutorService.java:145) ~[na:na]
	at org.apache.catalina.core.ContainerBase.startInternal(ContainerBase.java:714) ~[tomcat-embed-core-11.0.22.jar:11.0.22]
	at org.apache.catalina.core.StandardEngine.startInternal(StandardEngine.java:201) ~[tomcat-embed-core-11.0.22.jar:11.0.22]
	at org.apache.catalina.util.LifecycleBase.start(LifecycleBase.java:164) ~[tomcat-embed-core-11.0.22.jar:11.0.22]
	at org.apache.catalina.core.StandardService.startInternal(StandardService.java:410) ~[tomcat-embed-core-11.0.22.jar:11.0.22]
	at org.apache.catalina.util.LifecycleBase.start(LifecycleBase.java:164) ~[tomcat-embed-core-11.0.22.jar:11.0.22]
	at org.apache.catalina.core.StandardServer.startInternal(StandardServer.java:864) ~[tomcat-embed-core-11.0.22.jar:11.0.22]
	at org.apache.catalina.util.LifecycleBase.start(LifecycleBase.java:164) ~[tomcat-embed-core-11.0.22.jar:11.0.22]
	at org.apache.catalina.startup.Tomcat.start(Tomcat.java:435) ~[tomcat-embed-core-11.0.22.jar:11.0.22]
	at org.springframework.boot.tomcat.TomcatWebServer.initialize(TomcatWebServer.java:131) ~[spring-boot-tomcat-4.0.7.jar:4.0.7]
	at org.springframework.boot.tomcat.TomcatWebServer.<init>(TomcatWebServer.java:110) ~[spring-boot-tomcat-4.0.7.jar:4.0.7]
	at org.springframework.boot.tomcat.servlet.TomcatServletWebServerFactory.getTomcatWebServer(TomcatServletWebServerFactory.java:408) ~[spring-boot-tomcat-4.0.7.jar:4.0.7]
	at org.springframework.boot.tomcat.servlet.TomcatServletWebServerFactory.getWebServer(TomcatServletWebServerFactory.java:166) ~[spring-boot-tomcat-4.0.7.jar:4.0.7]
	at org.springframework.boot.web.server.servlet.context.ServletWebServerApplicationContext.createWebServer(ServletWebServerApplicationContext.java:190) ~[spring-boot-web-server-4.0.7.jar:4.0.7]
	at org.springframework.boot.web.server.servlet.context.ServletWebServerApplicationContext.onRefresh(ServletWebServerApplicationContext.java:164) ~[spring-boot-web-server-4.0.7.jar:4.0.7]
	at org.springframework.context.support.AbstractApplicationContext.refresh(AbstractApplicationContext.java:615) ~[spring-context-7.0.8.jar:7.0.8]
	at org.springframework.boot.web.server.servlet.context.ServletWebServerApplicationContext.refresh(ServletWebServerApplicationContext.java:143) ~[spring-boot-web-server-4.0.7.jar:4.0.7]
	at org.springframework.boot.SpringApplication.refresh(SpringApplication.java:756) ~[spring-boot-4.0.7.jar:4.0.7]
	at org.springframework.boot.SpringApplication.refreshContext(SpringApplication.java:445) ~[spring-boot-4.0.7.jar:4.0.7]
	at org.springframework.boot.SpringApplication.run(SpringApplication.java:321) ~[spring-boot-4.0.7.jar:4.0.7]
	at org.springframework.boot.SpringApplication.run(SpringApplication.java:1365) ~[spring-boot-4.0.7.jar:4.0.7]
	at org.springframework.boot.SpringApplication.run(SpringApplication.java:1354) ~[spring-boot-4.0.7.jar:4.0.7]
	at com.sisco_e.escola.SiscoEApplication.main(SiscoEApplication.java:12) ~[classes/:na]
	at java.base/jdk.internal.reflect.DirectMethodHandleAccessor.invoke(DirectMethodHandleAccessor.java:103) ~[na:na]
	at java.base/java.lang.reflect.Method.invoke(Method.java:580) ~[na:na]
	at org.springframework.boot.devtools.restart.RestartLauncher.run(RestartLauncher.java:52) ~[spring-boot-devtools-4.0.7.jar:4.0.7]
Caused by: org.postgresql.util.PSQLException: ERRO: relação "siscoescola.tb_contrato_net" não existe
	at org.postgresql.core.v3.QueryExecutorImpl.receiveErrorResponse(QueryExecutorImpl.java:2904) ~[postgresql-42.7.11.jar:42.7.11]
	at org.postgresql.core.v3.QueryExecutorImpl.processResults(QueryExecutorImpl.java:2589) ~[postgresql-42.7.11.jar:42.7.11]
	at org.postgresql.core.v3.QueryExecutorImpl.execute(QueryExecutorImpl.java:431) ~[postgresql-42.7.11.jar:42.7.11]
	at org.postgresql.jdbc.PgStatement.executeInternal(PgStatement.java:534) ~[postgresql-42.7.11.jar:42.7.11]
	at org.postgresql.jdbc.PgStatement.execute(PgStatement.java:437) ~[postgresql-42.7.11.jar:42.7.11]
	at org.postgresql.jdbc.PgStatement.executeWithFlags(PgStatement.java:359) ~[postgresql-42.7.11.jar:42.7.11]
	at org.postgresql.jdbc.PgStatement.executeCachedSql(PgStatement.java:344) ~[postgresql-42.7.11.jar:42.7.11]
	at org.postgresql.jdbc.PgStatement.executeWithFlags(PgStatement.java:320) ~[postgresql-42.7.11.jar:42.7.11]
	at org.postgresql.jdbc.PgStatement.execute(PgStatement.java:315) ~[postgresql-42.7.11.jar:42.7.11]
	at com.zaxxer.hikari.pool.ProxyStatement.execute(ProxyStatement.java:95) ~[HikariCP-7.0.2.jar:na]
	at com.zaxxer.hikari.pool.HikariProxyStatement.execute(HikariProxyStatement.java) ~[HikariCP-7.0.2.jar:na]
	at org.hibernate.tool.schema.internal.exec.GenerationTargetToDatabase.accept(GenerationTargetToDatabase.java:76) ~[hibernate-core-7.2.19.Final.jar:7.2.19.Final]
	... 127 common frames omitted
2026-10-09 13:23:14 [restartedMain] INFO  o.s.o.j.LocalContainerEntityManagerFactoryBean - Initialized JPA EntityManagerFactory for persistence unit 'default'
2026-10-09 13:23:16 [restartedMain] INFO  c.sisco_e.escola.SiscoEApplication - Starting SiscoEApplication using Java 21.0.12.1 with PID 439262 (/home/cleber/desv/2-doing/sisco-project/sisco-e/target/classes started by cleber in /home/cleber/desv/2-doing/sisco-project/sisco-e)
2026-10-09 13:23:16 [restartedMain] DEBUG c.sisco_e.escola.SiscoEApplication - Running with Spring Boot v4.0.7, Spring v7.0.8
2026-10-09 13:23:16 [restartedMain] INFO  c.sisco_e.escola.SiscoEApplication - No active profile set, falling back to 1 default profile: "default"
2026-10-09 13:23:16 [restartedMain] INFO  o.s.b.d.e.DevToolsPropertyDefaultsPostProcessor - Devtools property defaults active! Set 'spring.devtools.add-properties' to 'false' to disable
2026-10-09 13:23:16 [restartedMain] INFO  o.s.b.d.e.DevToolsPropertyDefaultsPostProcessor - For additional web related logging consider setting the 'logging.level.web' property to 'DEBUG'
2026-10-09 13:23:17 [restartedMain] DEBUG c.s.e.s.JwtAuthenticationFilter - Filter 'jwtAuthenticationFilter' configured for use
2026-10-09 13:23:17 [restartedMain] INFO  o.s.s.c.a.a.c.InitializeAuthenticationProviderBeanManagerConfigurer$InitializeAuthenticationProviderManagerConfigurer - Global AuthenticationManager configured with AuthenticationProvider bean with name authenticationProvider
2026-10-09 13:23:17 [restartedMain] WARN  o.s.s.c.a.a.c.InitializeUserDetailsBeanManagerConfigurer$InitializeUserDetailsManagerConfigurer - Global AuthenticationManager configured with an AuthenticationProvider bean. UserDetailsService beans will not be used by Spring Security for automatically configuring username/password login. Consider removing the AuthenticationProvider bean. Alternatively, consider using the UserDetailsService in a manually instantiated DaoAuthenticationProvider. If the current configuration is intentional, to turn off this warning, increase the logging level of 'org.springframework.security.config.annotation.authentication.configuration.InitializeUserDetailsBeanManagerConfigurer' to ERROR
2026-10-09 13:23:17 [restartedMain] WARN  o.s.b.j.a.JpaBaseConfiguration$JpaWebConfiguration - spring.jpa.open-in-view is enabled by default. Therefore, database queries may be performed during view rendering. Explicitly configure spring.jpa.open-in-view to disable this warning
2026-10-09 13:23:17 [restartedMain] INFO  o.s.d.r.c.RepositoryConfigurationDelegate - Multiple Spring Data modules found, entering strict repository configuration mode
2026-10-09 13:23:17 [restartedMain] INFO  o.s.d.r.c.RepositoryConfigurationDelegate - Bootstrapping Spring Data Redis repositories in DEFAULT mode.
2026-10-09 13:23:17 [restartedMain] INFO  o.s.d.r.c.RepositoryConfigurationExtensionSupport - Spring Data Redis - Could not safely identify store assignment for repository candidate interface com.sisco_e.escola.model.repository.ContratoInternetRepository; If you want this repository to be a Redis repository, consider annotating your entities with one of these annotations: org.springframework.data.redis.core.RedisHash (preferred), or consider extending one of the following types with your repository: org.springframework.data.keyvalue.repository.KeyValueRepository
2026-10-09 13:23:17 [restartedMain] INFO  o.s.d.r.c.RepositoryConfigurationExtensionSupport - Spring Data Redis - Could not safely identify store assignment for repository candidate interface com.sisco_e.escola.model.repository.DiretorRepository; If you want this repository to be a Redis repository, consider annotating your entities with one of these annotations: org.springframework.data.redis.core.RedisHash (preferred), or consider extending one of the following types with your repository: org.springframework.data.keyvalue.repository.KeyValueRepository
2026-10-09 13:23:17 [restartedMain] INFO  o.s.d.r.c.RepositoryConfigurationExtensionSupport - Spring Data Redis - Could not safely identify store assignment for repository candidate interface com.sisco_e.escola.model.repository.EscolaRepository; If you want this repository to be a Redis repository, consider annotating your entities with one of these annotations: org.springframework.data.redis.core.RedisHash (preferred), or consider extending one of the following types with your repository: org.springframework.data.keyvalue.repository.KeyValueRepository
2026-10-09 13:23:17 [restartedMain] INFO  o.s.d.r.c.RepositoryConfigurationExtensionSupport - Spring Data Redis - Could not safely identify store assignment for repository candidate interface com.sisco_e.escola.model.repository.LinkInternetRepository; If you want this repository to be a Redis repository, consider annotating your entities with one of these annotations: org.springframework.data.redis.core.RedisHash (preferred), or consider extending one of the following types with your repository: org.springframework.data.keyvalue.repository.KeyValueRepository
2026-10-09 13:23:17 [restartedMain] INFO  o.s.d.r.c.RepositoryConfigurationExtensionSupport - Spring Data Redis - Could not safely identify store assignment for repository candidate interface com.sisco_e.escola.model.repository.ProvedorInternetRepository; If you want this repository to be a Redis repository, consider annotating your entities with one of these annotations: org.springframework.data.redis.core.RedisHash (preferred), or consider extending one of the following types with your repository: org.springframework.data.keyvalue.repository.KeyValueRepository
2026-10-09 13:23:17 [restartedMain] INFO  o.s.d.r.c.RepositoryConfigurationExtensionSupport - Spring Data Redis - Could not safely identify store assignment for repository candidate interface com.sisco_e.escola.model.repository.UsuarioRepository; If you want this repository to be a Redis repository, consider annotating your entities with one of these annotations: org.springframework.data.redis.core.RedisHash (preferred), or consider extending one of the following types with your repository: org.springframework.data.keyvalue.repository.KeyValueRepository
2026-10-09 13:23:17 [restartedMain] INFO  o.s.d.r.c.RepositoryConfigurationDelegate - Finished Spring Data repository scanning in 127 ms. Found 1 Redis repository interface.
2026-10-09 13:23:17 [restartedMain] INFO  o.s.b.a.e.web.EndpointLinksResolver - Exposing 1 endpoint beneath base path '/actuator'
2026-10-09 13:23:17 [restartedMain] INFO  o.s.boot.tomcat.TomcatWebServer - Tomcat started on port 8080 (http) with context path '/'
2026-10-09 13:23:17 [restartedMain] INFO  c.sisco_e.escola.SiscoEApplication - Started SiscoEApplication in 10.536 seconds (process running for 21935.314)
2026-10-09 13:23:17 [restartedMain] INFO  o.s.d.r.c.RepositoryConfigurationDelegate - Multiple Spring Data modules found, entering strict repository configuration mode
2026-10-09 13:23:17 [restartedMain] INFO  o.s.d.r.c.RepositoryConfigurationDelegate - Bootstrapping Spring Data JPA repositories in DEFAULT mode.
2026-10-09 13:23:17 [restartedMain] INFO  o.s.b.d.a.ConditionEvaluationDeltaLoggingListener - Condition evaluation delta:


==========================
CONDITION EVALUATION DELTA
==========================


Positive matches:
-----------------

    None


Negative matches:
-----------------

   DataRedisAutoConfiguration#redisTemplate:
      Did not match:
         - @ConditionalOnMissingBean (names: redisTemplate; SearchStrategy: all) found beans named redisTemplate (OnBeanCondition)

   DataRedisRepositoriesAutoConfiguration:
      Did not match:
         - @ConditionalOnMissingBean (types: org.springframework.data.redis.repository.support.RedisRepositoryFactoryBean; SearchStrategy: all) found beans of type 'org.springframework.data.redis.repository.support.RedisRepositoryFactoryBean' &refreshTokenRepository (OnBeanCondition)
      Matched:
         - @ConditionalOnClass found required class 'org.springframework.data.redis.repository.configuration.EnableRedisRepositories' (OnClassCondition)
         - @ConditionalOnBooleanProperty (spring.data.redis.repositories.enabled=true) matched (OnPropertyCondition)

   ManagementWebSecurityAutoConfiguration:
      Did not match:
         - AllNestedConditions 1 matched 1 did not; NestedCondition on DefaultWebSecurityCondition.Beans @ConditionalOnMissingBean (types: org.springframework.security.web.SecurityFilterChain; SearchStrategy: all) found beans of type 'org.springframework.security.web.SecurityFilterChain' securityFilterChain; NestedCondition on DefaultWebSecurityCondition.Classes @ConditionalOnClass found required classes 'org.springframework.security.web.SecurityFilterChain', 'org.springframework.security.config.annotation.web.builders.HttpSecurity' (DefaultWebSecurityCondition)
      Matched:
         - @ConditionalOnClass found required classes 'org.springframework.security.web.util.matcher.RequestMatcher', 'org.springframework.boot.actuate.autoconfigure.endpoint.web.WebEndpointAutoConfiguration' (OnClassCondition)
         - found 'session' scope (OnWebApplicationCondition)

   ServletWebSecurityAutoConfiguration.EnableWebSecurityConfiguration:
      Did not match:
         - @ConditionalOnMissingBean (names: springSecurityFilterChain; SearchStrategy: all) found beans named springSecurityFilterChain (OnBeanCondition)
      Matched:
         - @ConditionalOnClass found required class 'org.springframework.security.config.annotation.web.configuration.EnableWebSecurity' (OnClassCondition)

   UserDetailsServiceAutoConfiguration:
      Did not match:
         - @ConditionalOnMissingBean (types: org.springframework.security.authentication.AuthenticationManager,org.springframework.security.authentication.AuthenticationProvider,org.springframework.security.core.userdetails.UserDetailsService,org.springframework.security.authentication.AuthenticationManagerResolver,org.springframework.security.oauth2.jwt.JwtDecoder; SearchStrategy: all) found beans of type 'org.springframework.security.authentication.AuthenticationManager' authenticationManager and found beans of type 'org.springframework.security.core.userdetails.UserDetailsService' usuarioDetailsService and found beans of type 'org.springframework.security.authentication.AuthenticationProvider' authenticationProvider (OnBeanCondition)
      Matched:
         - @ConditionalOnClass found required class 'org.springframework.security.authentication.AuthenticationManager' (OnClassCondition)
         - found 'session' scope (OnWebApplicationCondition)
         - AnyNestedCondition 1 matched 2 did not; NestedCondition on MissingAlternativeUserDetailsManagerOrUserPropertiesConfigured.PasswordConfigured @ConditionalOnProperty (spring.security.user.password) did not find property 'spring.security.user.password'; NestedCondition on MissingAlternativeUserDetailsManagerOrUserPropertiesConfigured.NameConfigured @ConditionalOnProperty (spring.security.user.name) did not find property 'spring.security.user.name'; NestedCondition on MissingAlternativeUserDetailsManagerOrUserPropertiesConfigured.MissingAlternative @ConditionalOnMissingClass did not find unwanted classes 'org.springframework.security.oauth2.client.registration.ClientRegistrationRepository', 'org.springframework.security.oauth2.server.resource.introspection.OpaqueTokenIntrospector', 'org.springframework.security.saml2.provider.service.registration.RelyingPartyRegistrationRepository' (MissingAlternativeUserDetailsManagerOrUserPropertiesConfigured)


Exclusions:
-----------

    None


Unconditional classes:
----------------------

    None



2026-10-09 13:23:17 [restartedMain] INFO  o.s.d.r.c.RepositoryConfigurationExtensionSupport - Spring Data JPA - Could not safely identify store assignment for repository candidate interface com.sisco_e.escola.model.repository.RefreshTokenRepository; If you want this repository to be a JPA repository, consider annotating your entities with one of these annotations: jakarta.persistence.Entity, jakarta.persistence.MappedSuperclass (preferred), or consider extending one of the following types with your repository: org.springframework.data.jpa.repository.JpaRepository
2026-10-09 13:23:17 [restartedMain] INFO  o.s.d.r.c.RepositoryConfigurationDelegate - Finished Spring Data repository scanning in 40 ms. Found 6 JPA repository interfaces.
2026-10-09 13:23:18 [restartedMain] INFO  o.s.boot.tomcat.TomcatWebServer - Tomcat initialized with port 8080 (http)
2026-10-09 13:23:18 [restartedMain] INFO  o.a.catalina.core.StandardService - Starting service [Tomcat]
2026-10-09 13:23:18 [restartedMain] INFO  o.a.catalina.core.StandardEngine - Starting Servlet engine: [Apache Tomcat/11.0.22]
2026-10-09 13:23:18 [restartedMain] INFO  o.s.b.w.c.s.WebApplicationContextInitializer - Root WebApplicationContext: initialization completed in 2055 ms
2026-10-09 13:23:19 [restartedMain] INFO  org.hibernate.orm.jpa - HHH008540: Processing PersistenceUnitInfo [name: default]
2026-10-09 13:23:19 [restartedMain] INFO  org.hibernate.orm.core - HHH000001: Hibernate ORM core version 7.2.19.Final
2026-10-09 13:23:19 [restartedMain] INFO  o.h.e.b.internal.EnversServiceImpl - Envers integration enabled? : true
2026-10-09 13:23:19 [restartedMain] INFO  o.s.o.j.p.SpringPersistenceUnitInfo - No LoadTimeWeaver setup: ignoring JPA class transformer
2026-10-09 13:23:19 [restartedMain] INFO  com.zaxxer.hikari.HikariDataSource - HikariPool-1 - Starting...
2026-10-09 13:23:20 [restartedMain] INFO  com.zaxxer.hikari.pool.HikariPool - HikariPool-1 - Added connection org.postgresql.jdbc.PgConnection@3227db6
2026-10-09 13:23:20 [restartedMain] INFO  com.zaxxer.hikari.HikariDataSource - HikariPool-1 - Start completed.
2026-10-09 13:23:20 [restartedMain] INFO  o.hibernate.orm.connections.pooling - HHH10001005: Database info:
	Database JDBC URL [jdbc:postgresql://localhost:5432/sisco]
	Database driver: PostgreSQL JDBC Driver
	Database dialect: PostgreSQLDialect
	Database version: 18.6
	Default catalog/schema: sisco/public
	Autocommit mode: undefined/unknown
	Isolation level: READ_COMMITTED [default READ_COMMITTED]
	JDBC fetch size: none
	Pool: DataSourceConnectionProvider
	Minimum pool size: undefined/unknown
	Maximum pool size: undefined/unknown
2026-10-09 13:23:20 [restartedMain] INFO  o.h.e.c.i.m.AuditMetadataGenerator - Adding properties for entity: com.sisco_e.escola.model.entity.Escola
2026-10-09 13:23:20 [restartedMain] INFO  o.h.e.c.i.m.AuditMetadataGenerator - Adding properties for entity: com.sisco_e.escola.model.entity.Diretor
2026-10-09 13:23:20 [restartedMain] INFO  o.h.e.c.i.m.AuditMetadataGenerator - Adding properties for entity: com.sisco_e.escola.model.entity.Usuario
2026-10-09 13:23:21 [restartedMain] INFO  org.hibernate.orm.core - HHH000489: No JTA platform available (set 'hibernate.transaction.jta.platform' to enable JTA platform integration)
2026-10-09 13:23:23 [restartedMain] WARN  o.h.t.s.i.ExceptionHandlerLoggedImpl - GenerationTarget encountered exception accepting command : Error executing DDL "
    create table siscoescola.tb_contrato_net (
        data_contratacao date not null,
        data_fim_contrato date,
        valor_mensal NUMERIC(10,2) not null,
        data_atualizacao timestamp(6) with time zone not null,
        data_cadastro timestamp(6) with time zone not null,
        uuid_contrato_net uuid not null,
        uuid_escola uuid not null,
        uuid_provedor uuid not null,
        status CHARACTER VARYING(20) not null check ((status in ('ATIVO','CANCELADO','SUSPENSO'))),
        velocidade varchar(255) not null,
        primary key (uuid_contrato_net),
        constraint uk_contratos_internet_escola_provedor_data unique (uuid_escola, uuid_provedor, data_contratacao)
    )" via JDBC [ERRO: relação "uk_contratos_internet_escola_provedor_data" já existe]
org.hibernate.tool.schema.spi.CommandAcceptanceException: Error executing DDL "
    create table siscoescola.tb_contrato_net (
        data_contratacao date not null,
        data_fim_contrato date,
        valor_mensal NUMERIC(10,2) not null,
        data_atualizacao timestamp(6) with time zone not null,
        data_cadastro timestamp(6) with time zone not null,
        uuid_contrato_net uuid not null,
        uuid_escola uuid not null,
        uuid_provedor uuid not null,
        status CHARACTER VARYING(20) not null check ((status in ('ATIVO','CANCELADO','SUSPENSO'))),
        velocidade varchar(255) not null,
        primary key (uuid_contrato_net),
        constraint uk_contratos_internet_escola_provedor_data unique (uuid_escola, uuid_provedor, data_contratacao)
    )" via JDBC [ERRO: relação "uk_contratos_internet_escola_provedor_data" já existe]
	at org.hibernate.tool.schema.internal.exec.GenerationTargetToDatabase.accept(GenerationTargetToDatabase.java:81)
	at org.hibernate.tool.schema.internal.Helper.applySqlString(Helper.java:218)
	at org.hibernate.tool.schema.internal.Helper.applySqlStrings(Helper.java:204)
	at org.hibernate.tool.schema.internal.SchemaCreatorImpl.createTables(SchemaCreatorImpl.java:404)
	at org.hibernate.tool.schema.internal.SchemaCreatorImpl.createSequencesTablesConstraints(SchemaCreatorImpl.java:320)
	at org.hibernate.tool.schema.internal.SchemaCreatorImpl.createFromMetadata(SchemaCreatorImpl.java:215)
	at org.hibernate.tool.schema.internal.SchemaCreatorImpl.performCreation(SchemaCreatorImpl.java:151)
	at org.hibernate.tool.schema.internal.SchemaCreatorImpl.doCreation(SchemaCreatorImpl.java:121)
	at org.hibernate.tool.schema.internal.SchemaCreatorImpl.doCreation(SchemaCreatorImpl.java:97)
	at org.hibernate.tool.schema.spi.SchemaManagementToolCoordinator.performDatabaseAction(SchemaManagementToolCoordinator.java:239)
	at org.hibernate.tool.schema.spi.SchemaManagementToolCoordinator.lambda$process$1(SchemaManagementToolCoordinator.java:101)
	at java.base/java.util.HashMap.forEach(HashMap.java:1429)
	at org.hibernate.tool.schema.spi.SchemaManagementToolCoordinator.process(SchemaManagementToolCoordinator.java:100)
	at org.hibernate.boot.internal.SessionFactoryObserverForSchemaExport.sessionFactoryCreated(SessionFactoryObserverForSchemaExport.java:35)
	at org.hibernate.internal.SessionFactoryObserverChain.sessionFactoryCreated(SessionFactoryObserverChain.java:33)
	at org.hibernate.internal.SessionFactoryImpl.<init>(SessionFactoryImpl.java:323)
	at org.hibernate.internal.SessionFactoryRegistry.instantiateSessionFactory(SessionFactoryRegistry.java:64)
	at org.hibernate.boot.internal.SessionFactoryBuilderImpl.build(SessionFactoryBuilderImpl.java:437)
	at org.hibernate.jpa.boot.internal.EntityManagerFactoryBuilderImpl.build(EntityManagerFactoryBuilderImpl.java:1456)
	at org.springframework.orm.jpa.vendor.SpringHibernateJpaPersistenceProvider.createContainerEntityManagerFactory(SpringHibernateJpaPersistenceProvider.java:93)
	at org.springframework.orm.jpa.LocalContainerEntityManagerFactoryBean.createNativeEntityManagerFactory(LocalContainerEntityManagerFactoryBean.java:443)
	at org.springframework.orm.jpa.AbstractEntityManagerFactoryBean.buildNativeEntityManagerFactory(AbstractEntityManagerFactoryBean.java:436)
	at org.springframework.orm.jpa.AbstractEntityManagerFactoryBean.afterPropertiesSet(AbstractEntityManagerFactoryBean.java:411)
	at org.springframework.orm.jpa.LocalContainerEntityManagerFactoryBean.afterPropertiesSet(LocalContainerEntityManagerFactoryBean.java:419)
	at org.springframework.beans.factory.support.AbstractAutowireCapableBeanFactory.invokeInitMethods(AbstractAutowireCapableBeanFactory.java:1862)
	at org.springframework.beans.factory.support.AbstractAutowireCapableBeanFactory.initializeBean(AbstractAutowireCapableBeanFactory.java:1811)
	at org.springframework.beans.factory.support.AbstractAutowireCapableBeanFactory.doCreateBean(AbstractAutowireCapableBeanFactory.java:603)
	at org.springframework.beans.factory.support.AbstractAutowireCapableBeanFactory.createBean(AbstractAutowireCapableBeanFactory.java:525)
	at org.springframework.beans.factory.support.AbstractBeanFactory.lambda$doGetBean$0(AbstractBeanFactory.java:333)
	at org.springframework.beans.factory.support.DefaultSingletonBeanRegistry.getSingleton(DefaultSingletonBeanRegistry.java:371)
	at org.springframework.beans.factory.support.AbstractBeanFactory.doGetBean(AbstractBeanFactory.java:331)
	at org.springframework.beans.factory.support.AbstractBeanFactory.getBean(AbstractBeanFactory.java:196)
	at org.springframework.beans.factory.support.BeanDefinitionValueResolver.resolveReference(BeanDefinitionValueResolver.java:365)
	at org.springframework.beans.factory.support.BeanDefinitionValueResolver.resolveValueIfNecessary(BeanDefinitionValueResolver.java:135)
	at org.springframework.beans.factory.support.ConstructorResolver.resolveConstructorArguments(ConstructorResolver.java:691)
	at org.springframework.beans.factory.support.ConstructorResolver.instantiateUsingFactoryMethod(ConstructorResolver.java:513)
	at org.springframework.beans.factory.support.AbstractAutowireCapableBeanFactory.instantiateUsingFactoryMethod(AbstractAutowireCapableBeanFactory.java:1360)
	at org.springframework.beans.factory.support.AbstractAutowireCapableBeanFactory.createBeanInstance(AbstractAutowireCapableBeanFactory.java:1192)
	at org.springframework.beans.factory.support.AbstractAutowireCapableBeanFactory.doCreateBean(AbstractAutowireCapableBeanFactory.java:565)
	at org.springframework.beans.factory.support.AbstractAutowireCapableBeanFactory.createBean(AbstractAutowireCapableBeanFactory.java:525)
	at org.springframework.beans.factory.support.AbstractBeanFactory.lambda$doGetBean$0(AbstractBeanFactory.java:333)
	at org.springframework.beans.factory.support.DefaultSingletonBeanRegistry.getSingleton(DefaultSingletonBeanRegistry.java:371)
	at org.springframework.beans.factory.support.AbstractBeanFactory.doGetBean(AbstractBeanFactory.java:331)
	at org.springframework.beans.factory.support.AbstractBeanFactory.getBean(AbstractBeanFactory.java:201)
	at org.springframework.beans.factory.support.BeanDefinitionValueResolver.resolveReference(BeanDefinitionValueResolver.java:356)
	at org.springframework.beans.factory.support.BeanDefinitionValueResolver.resolveValueIfNecessary(BeanDefinitionValueResolver.java:135)
	at org.springframework.beans.factory.support.AbstractAutowireCapableBeanFactory.applyPropertyValues(AbstractAutowireCapableBeanFactory.java:1710)
	at org.springframework.beans.factory.support.AbstractAutowireCapableBeanFactory.populateBean(AbstractAutowireCapableBeanFactory.java:1459)
	at org.springframework.beans.factory.support.AbstractAutowireCapableBeanFactory.doCreateBean(AbstractAutowireCapableBeanFactory.java:602)
	at org.springframework.beans.factory.support.AbstractAutowireCapableBeanFactory.createBean(AbstractAutowireCapableBeanFactory.java:525)
	at org.springframework.beans.factory.support.AbstractBeanFactory.lambda$doGetBean$0(AbstractBeanFactory.java:333)
	at org.springframework.beans.factory.support.DefaultSingletonBeanRegistry.getSingleton(DefaultSingletonBeanRegistry.java:371)
	at org.springframework.beans.factory.support.AbstractBeanFactory.doGetBean(AbstractBeanFactory.java:331)
	at org.springframework.beans.factory.support.AbstractBeanFactory.getBean(AbstractBeanFactory.java:201)
	at org.springframework.beans.factory.support.DefaultListableBeanFactory.resolveBean(DefaultListableBeanFactory.java:1232)
	at org.springframework.beans.factory.support.DefaultListableBeanFactory.doResolveDependency(DefaultListableBeanFactory.java:1711)
	at org.springframework.beans.factory.support.DefaultListableBeanFactory.resolveDependency(DefaultListableBeanFactory.java:1658)
	at org.springframework.beans.factory.support.ConstructorResolver.resolveAutowiredArgument(ConstructorResolver.java:912)
	at org.springframework.beans.factory.support.ConstructorResolver.createArgumentArray(ConstructorResolver.java:791)
	at org.springframework.beans.factory.support.ConstructorResolver.autowireConstructor(ConstructorResolver.java:240)
	at org.springframework.beans.factory.support.AbstractAutowireCapableBeanFactory.autowireConstructor(AbstractAutowireCapableBeanFactory.java:1380)
	at org.springframework.beans.factory.support.AbstractAutowireCapableBeanFactory.createBeanInstance(AbstractAutowireCapableBeanFactory.java:1219)
	at org.springframework.beans.factory.support.AbstractAutowireCapableBeanFactory.doCreateBean(AbstractAutowireCapableBeanFactory.java:565)
	at org.springframework.beans.factory.support.AbstractAutowireCapableBeanFactory.createBean(AbstractAutowireCapableBeanFactory.java:525)
	at org.springframework.beans.factory.support.AbstractBeanFactory.lambda$doGetBean$0(AbstractBeanFactory.java:333)
	at org.springframework.beans.factory.support.DefaultSingletonBeanRegistry.getSingleton(DefaultSingletonBeanRegistry.java:371)
	at org.springframework.beans.factory.support.AbstractBeanFactory.doGetBean(AbstractBeanFactory.java:331)
	at org.springframework.beans.factory.support.AbstractBeanFactory.getBean(AbstractBeanFactory.java:201)
	at org.springframework.beans.factory.config.DependencyDescriptor.resolveCandidate(DependencyDescriptor.java:229)
	at org.springframework.beans.factory.support.DefaultListableBeanFactory.doResolveDependency(DefaultListableBeanFactory.java:1769)
	at org.springframework.beans.factory.support.DefaultListableBeanFactory.resolveDependency(DefaultListableBeanFactory.java:1658)
	at org.springframework.beans.factory.support.ConstructorResolver.resolveAutowiredArgument(ConstructorResolver.java:912)
	at org.springframework.beans.factory.support.ConstructorResolver.createArgumentArray(ConstructorResolver.java:791)
	at org.springframework.beans.factory.support.ConstructorResolver.autowireConstructor(ConstructorResolver.java:240)
	at org.springframework.beans.factory.support.AbstractAutowireCapableBeanFactory.autowireConstructor(AbstractAutowireCapableBeanFactory.java:1380)
	at org.springframework.beans.factory.support.AbstractAutowireCapableBeanFactory.createBeanInstance(AbstractAutowireCapableBeanFactory.java:1219)
	at org.springframework.beans.factory.support.AbstractAutowireCapableBeanFactory.doCreateBean(AbstractAutowireCapableBeanFactory.java:565)
	at org.springframework.beans.factory.support.AbstractAutowireCapableBeanFactory.createBean(AbstractAutowireCapableBeanFactory.java:525)
	at org.springframework.beans.factory.support.AbstractBeanFactory.lambda$doGetBean$0(AbstractBeanFactory.java:333)
	at org.springframework.beans.factory.support.DefaultSingletonBeanRegistry.getSingleton(DefaultSingletonBeanRegistry.java:371)
	at org.springframework.beans.factory.support.AbstractBeanFactory.doGetBean(AbstractBeanFactory.java:331)
	at org.springframework.beans.factory.support.AbstractBeanFactory.getBean(AbstractBeanFactory.java:201)
	at org.springframework.boot.web.servlet.ServletContextInitializerBeans.getOrderedBeansOfType(ServletContextInitializerBeans.java:231)
	at org.springframework.boot.web.servlet.ServletContextInitializerBeans.addAsRegistrationBean(ServletContextInitializerBeans.java:185)
	at org.springframework.boot.web.servlet.ServletContextInitializerBeans.addAsRegistrationBean(ServletContextInitializerBeans.java:180)
	at org.springframework.boot.web.servlet.ServletContextInitializerBeans.addAdaptableBeans(ServletContextInitializerBeans.java:165)
	at org.springframework.boot.web.servlet.ServletContextInitializerBeans.<init>(ServletContextInitializerBeans.java:97)
	at org.springframework.boot.web.context.servlet.WebApplicationContextInitializer.initialize(WebApplicationContextInitializer.java:53)
	at org.springframework.boot.tomcat.servlet.DeferredServletContainerInitializers.onStartup(DeferredServletContainerInitializers.java:55)
	at org.apache.catalina.core.StandardContext.startInternal(StandardContext.java:4420)
	at org.apache.catalina.util.LifecycleBase.start(LifecycleBase.java:164)
	at org.apache.catalina.core.ContainerBase$StartChild.call(ContainerBase.java:1162)
	at org.apache.catalina.core.ContainerBase$StartChild.call(ContainerBase.java:1158)
	at java.base/java.util.concurrent.FutureTask.run(FutureTask.java:317)
	at org.apache.tomcat.util.threads.InlineExecutorService.execute(InlineExecutorService.java:81)
	at java.base/java.util.concurrent.AbstractExecutorService.submit(AbstractExecutorService.java:145)
	at org.apache.catalina.core.ContainerBase.startInternal(ContainerBase.java:714)
	at org.apache.catalina.core.StandardHost.startInternal(StandardHost.java:780)
	at org.apache.catalina.util.LifecycleBase.start(LifecycleBase.java:164)
	at org.apache.catalina.core.ContainerBase$StartChild.call(ContainerBase.java:1162)
	at org.apache.catalina.core.ContainerBase$StartChild.call(ContainerBase.java:1158)
	at java.base/java.util.concurrent.FutureTask.run(FutureTask.java:317)
	at org.apache.tomcat.util.threads.InlineExecutorService.execute(InlineExecutorService.java:81)
	at java.base/java.util.concurrent.AbstractExecutorService.submit(AbstractExecutorService.java:145)
	at org.apache.catalina.core.ContainerBase.startInternal(ContainerBase.java:714)
	at org.apache.catalina.core.StandardEngine.startInternal(StandardEngine.java:201)
	at org.apache.catalina.util.LifecycleBase.start(LifecycleBase.java:164)
	at org.apache.catalina.core.StandardService.startInternal(StandardService.java:410)
	at org.apache.catalina.util.LifecycleBase.start(LifecycleBase.java:164)
	at org.apache.catalina.core.StandardServer.startInternal(StandardServer.java:864)
	at org.apache.catalina.util.LifecycleBase.start(LifecycleBase.java:164)
	at org.apache.catalina.startup.Tomcat.start(Tomcat.java:435)
	at org.springframework.boot.tomcat.TomcatWebServer.initialize(TomcatWebServer.java:131)
	at org.springframework.boot.tomcat.TomcatWebServer.<init>(TomcatWebServer.java:110)
	at org.springframework.boot.tomcat.servlet.TomcatServletWebServerFactory.getTomcatWebServer(TomcatServletWebServerFactory.java:408)
	at org.springframework.boot.tomcat.servlet.TomcatServletWebServerFactory.getWebServer(TomcatServletWebServerFactory.java:166)
	at org.springframework.boot.web.server.servlet.context.ServletWebServerApplicationContext.createWebServer(ServletWebServerApplicationContext.java:190)
	at org.springframework.boot.web.server.servlet.context.ServletWebServerApplicationContext.onRefresh(ServletWebServerApplicationContext.java:164)
	at org.springframework.context.support.AbstractApplicationContext.refresh(AbstractApplicationContext.java:615)
	at org.springframework.boot.web.server.servlet.context.ServletWebServerApplicationContext.refresh(ServletWebServerApplicationContext.java:143)
	at org.springframework.boot.SpringApplication.refresh(SpringApplication.java:756)
	at org.springframework.boot.SpringApplication.refreshContext(SpringApplication.java:445)
	at org.springframework.boot.SpringApplication.run(SpringApplication.java:321)
	at org.springframework.boot.SpringApplication.run(SpringApplication.java:1365)
	at org.springframework.boot.SpringApplication.run(SpringApplication.java:1354)
	at com.sisco_e.escola.SiscoEApplication.main(SiscoEApplication.java:12)
	at java.base/jdk.internal.reflect.DirectMethodHandleAccessor.invoke(DirectMethodHandleAccessor.java:103)
	at java.base/java.lang.reflect.Method.invoke(Method.java:580)
	at org.springframework.boot.devtools.restart.RestartLauncher.run(RestartLauncher.java:52)
Caused by: org.postgresql.util.PSQLException: ERRO: relação "uk_contratos_internet_escola_provedor_data" já existe
	at org.postgresql.core.v3.QueryExecutorImpl.receiveErrorResponse(QueryExecutorImpl.java:2904)
	at org.postgresql.core.v3.QueryExecutorImpl.processResults(QueryExecutorImpl.java:2589)
	at org.postgresql.core.v3.QueryExecutorImpl.execute(QueryExecutorImpl.java:431)
	at org.postgresql.jdbc.PgStatement.executeInternal(PgStatement.java:534)
	at org.postgresql.jdbc.PgStatement.execute(PgStatement.java:437)
	at org.postgresql.jdbc.PgStatement.executeWithFlags(PgStatement.java:359)
	at org.postgresql.jdbc.PgStatement.executeCachedSql(PgStatement.java:344)
	at org.postgresql.jdbc.PgStatement.executeWithFlags(PgStatement.java:320)
	at org.postgresql.jdbc.PgStatement.execute(PgStatement.java:315)
	at com.zaxxer.hikari.pool.ProxyStatement.execute(ProxyStatement.java:95)
	at com.zaxxer.hikari.pool.HikariProxyStatement.execute(HikariProxyStatement.java)
	at org.hibernate.tool.schema.internal.exec.GenerationTargetToDatabase.accept(GenerationTargetToDatabase.java:76)
	... 128 common frames omitted
2026-10-09 13:23:25 [restartedMain] WARN  o.h.t.s.i.ExceptionHandlerLoggedImpl - GenerationTarget encountered exception accepting command : Error executing DDL "
    alter table if exists siscoescola.tb_link_internet 
       add constraint FKbpujcjql7m3e4biq28wtq5lte 
       foreign key (uuid_contrato_net) 
       references siscoescola.tb_contrato_net" via JDBC [ERRO: relação "siscoescola.tb_contrato_net" não existe]
org.hibernate.tool.schema.spi.CommandAcceptanceException: Error executing DDL "
    alter table if exists siscoescola.tb_link_internet 
       add constraint FKbpujcjql7m3e4biq28wtq5lte 
       foreign key (uuid_contrato_net) 
       references siscoescola.tb_contrato_net" via JDBC [ERRO: relação "siscoescola.tb_contrato_net" não existe]
	at org.hibernate.tool.schema.internal.exec.GenerationTargetToDatabase.accept(GenerationTargetToDatabase.java:81)
	at org.hibernate.tool.schema.internal.Helper.applySqlString(Helper.java:218)
	at org.hibernate.tool.schema.internal.Helper.applySqlStrings(Helper.java:204)
	at org.hibernate.tool.schema.internal.SchemaCreatorImpl.createForeignKeys(SchemaCreatorImpl.java:281)
	at org.hibernate.tool.schema.internal.SchemaCreatorImpl.createFromMetadata(SchemaCreatorImpl.java:227)
	at org.hibernate.tool.schema.internal.SchemaCreatorImpl.performCreation(SchemaCreatorImpl.java:151)
	at org.hibernate.tool.schema.internal.SchemaCreatorImpl.doCreation(SchemaCreatorImpl.java:121)
	at org.hibernate.tool.schema.internal.SchemaCreatorImpl.doCreation(SchemaCreatorImpl.java:97)
	at org.hibernate.tool.schema.spi.SchemaManagementToolCoordinator.performDatabaseAction(SchemaManagementToolCoordinator.java:239)
	at org.hibernate.tool.schema.spi.SchemaManagementToolCoordinator.lambda$process$1(SchemaManagementToolCoordinator.java:101)
	at java.base/java.util.HashMap.forEach(HashMap.java:1429)
	at org.hibernate.tool.schema.spi.SchemaManagementToolCoordinator.process(SchemaManagementToolCoordinator.java:100)
	at org.hibernate.boot.internal.SessionFactoryObserverForSchemaExport.sessionFactoryCreated(SessionFactoryObserverForSchemaExport.java:35)
	at org.hibernate.internal.SessionFactoryObserverChain.sessionFactoryCreated(SessionFactoryObserverChain.java:33)
	at org.hibernate.internal.SessionFactoryImpl.<init>(SessionFactoryImpl.java:323)
	at org.hibernate.internal.SessionFactoryRegistry.instantiateSessionFactory(SessionFactoryRegistry.java:64)
	at org.hibernate.boot.internal.SessionFactoryBuilderImpl.build(SessionFactoryBuilderImpl.java:437)
	at org.hibernate.jpa.boot.internal.EntityManagerFactoryBuilderImpl.build(EntityManagerFactoryBuilderImpl.java:1456)
	at org.springframework.orm.jpa.vendor.SpringHibernateJpaPersistenceProvider.createContainerEntityManagerFactory(SpringHibernateJpaPersistenceProvider.java:93)
	at org.springframework.orm.jpa.LocalContainerEntityManagerFactoryBean.createNativeEntityManagerFactory(LocalContainerEntityManagerFactoryBean.java:443)
	at org.springframework.orm.jpa.AbstractEntityManagerFactoryBean.buildNativeEntityManagerFactory(AbstractEntityManagerFactoryBean.java:436)
	at org.springframework.orm.jpa.AbstractEntityManagerFactoryBean.afterPropertiesSet(AbstractEntityManagerFactoryBean.java:411)
	at org.springframework.orm.jpa.LocalContainerEntityManagerFactoryBean.afterPropertiesSet(LocalContainerEntityManagerFactoryBean.java:419)
	at org.springframework.beans.factory.support.AbstractAutowireCapableBeanFactory.invokeInitMethods(AbstractAutowireCapableBeanFactory.java:1862)
	at org.springframework.beans.factory.support.AbstractAutowireCapableBeanFactory.initializeBean(AbstractAutowireCapableBeanFactory.java:1811)
	at org.springframework.beans.factory.support.AbstractAutowireCapableBeanFactory.doCreateBean(AbstractAutowireCapableBeanFactory.java:603)
	at org.springframework.beans.factory.support.AbstractAutowireCapableBeanFactory.createBean(AbstractAutowireCapableBeanFactory.java:525)
	at org.springframework.beans.factory.support.AbstractBeanFactory.lambda$doGetBean$0(AbstractBeanFactory.java:333)
	at org.springframework.beans.factory.support.DefaultSingletonBeanRegistry.getSingleton(DefaultSingletonBeanRegistry.java:371)
	at org.springframework.beans.factory.support.AbstractBeanFactory.doGetBean(AbstractBeanFactory.java:331)
	at org.springframework.beans.factory.support.AbstractBeanFactory.getBean(AbstractBeanFactory.java:196)
	at org.springframework.beans.factory.support.BeanDefinitionValueResolver.resolveReference(BeanDefinitionValueResolver.java:365)
	at org.springframework.beans.factory.support.BeanDefinitionValueResolver.resolveValueIfNecessary(BeanDefinitionValueResolver.java:135)
	at org.springframework.beans.factory.support.ConstructorResolver.resolveConstructorArguments(ConstructorResolver.java:691)
	at org.springframework.beans.factory.support.ConstructorResolver.instantiateUsingFactoryMethod(ConstructorResolver.java:513)
	at org.springframework.beans.factory.support.AbstractAutowireCapableBeanFactory.instantiateUsingFactoryMethod(AbstractAutowireCapableBeanFactory.java:1360)
	at org.springframework.beans.factory.support.AbstractAutowireCapableBeanFactory.createBeanInstance(AbstractAutowireCapableBeanFactory.java:1192)
	at org.springframework.beans.factory.support.AbstractAutowireCapableBeanFactory.doCreateBean(AbstractAutowireCapableBeanFactory.java:565)
	at org.springframework.beans.factory.support.AbstractAutowireCapableBeanFactory.createBean(AbstractAutowireCapableBeanFactory.java:525)
	at org.springframework.beans.factory.support.AbstractBeanFactory.lambda$doGetBean$0(AbstractBeanFactory.java:333)
	at org.springframework.beans.factory.support.DefaultSingletonBeanRegistry.getSingleton(DefaultSingletonBeanRegistry.java:371)
	at org.springframework.beans.factory.support.AbstractBeanFactory.doGetBean(AbstractBeanFactory.java:331)
	at org.springframework.beans.factory.support.AbstractBeanFactory.getBean(AbstractBeanFactory.java:201)
	at org.springframework.beans.factory.support.BeanDefinitionValueResolver.resolveReference(BeanDefinitionValueResolver.java:356)
	at org.springframework.beans.factory.support.BeanDefinitionValueResolver.resolveValueIfNecessary(BeanDefinitionValueResolver.java:135)
	at org.springframework.beans.factory.support.AbstractAutowireCapableBeanFactory.applyPropertyValues(AbstractAutowireCapableBeanFactory.java:1710)
	at org.springframework.beans.factory.support.AbstractAutowireCapableBeanFactory.populateBean(AbstractAutowireCapableBeanFactory.java:1459)
	at org.springframework.beans.factory.support.AbstractAutowireCapableBeanFactory.doCreateBean(AbstractAutowireCapableBeanFactory.java:602)
	at org.springframework.beans.factory.support.AbstractAutowireCapableBeanFactory.createBean(AbstractAutowireCapableBeanFactory.java:525)
	at org.springframework.beans.factory.support.AbstractBeanFactory.lambda$doGetBean$0(AbstractBeanFactory.java:333)
	at org.springframework.beans.factory.support.DefaultSingletonBeanRegistry.getSingleton(DefaultSingletonBeanRegistry.java:371)
	at org.springframework.beans.factory.support.AbstractBeanFactory.doGetBean(AbstractBeanFactory.java:331)
	at org.springframework.beans.factory.support.AbstractBeanFactory.getBean(AbstractBeanFactory.java:201)
	at org.springframework.beans.factory.support.DefaultListableBeanFactory.resolveBean(DefaultListableBeanFactory.java:1232)
	at org.springframework.beans.factory.support.DefaultListableBeanFactory.doResolveDependency(DefaultListableBeanFactory.java:1711)
	at org.springframework.beans.factory.support.DefaultListableBeanFactory.resolveDependency(DefaultListableBeanFactory.java:1658)
	at org.springframework.beans.factory.support.ConstructorResolver.resolveAutowiredArgument(ConstructorResolver.java:912)
	at org.springframework.beans.factory.support.ConstructorResolver.createArgumentArray(ConstructorResolver.java:791)
	at org.springframework.beans.factory.support.ConstructorResolver.autowireConstructor(ConstructorResolver.java:240)
	at org.springframework.beans.factory.support.AbstractAutowireCapableBeanFactory.autowireConstructor(AbstractAutowireCapableBeanFactory.java:1380)
	at org.springframework.beans.factory.support.AbstractAutowireCapableBeanFactory.createBeanInstance(AbstractAutowireCapableBeanFactory.java:1219)
	at org.springframework.beans.factory.support.AbstractAutowireCapableBeanFactory.doCreateBean(AbstractAutowireCapableBeanFactory.java:565)
	at org.springframework.beans.factory.support.AbstractAutowireCapableBeanFactory.createBean(AbstractAutowireCapableBeanFactory.java:525)
	at org.springframework.beans.factory.support.AbstractBeanFactory.lambda$doGetBean$0(AbstractBeanFactory.java:333)
	at org.springframework.beans.factory.support.DefaultSingletonBeanRegistry.getSingleton(DefaultSingletonBeanRegistry.java:371)
	at org.springframework.beans.factory.support.AbstractBeanFactory.doGetBean(AbstractBeanFactory.java:331)
	at org.springframework.beans.factory.support.AbstractBeanFactory.getBean(AbstractBeanFactory.java:201)
	at org.springframework.beans.factory.config.DependencyDescriptor.resolveCandidate(DependencyDescriptor.java:229)
	at org.springframework.beans.factory.support.DefaultListableBeanFactory.doResolveDependency(DefaultListableBeanFactory.java:1769)
	at org.springframework.beans.factory.support.DefaultListableBeanFactory.resolveDependency(DefaultListableBeanFactory.java:1658)
	at org.springframework.beans.factory.support.ConstructorResolver.resolveAutowiredArgument(ConstructorResolver.java:912)
	at org.springframework.beans.factory.support.ConstructorResolver.createArgumentArray(ConstructorResolver.java:791)
	at org.springframework.beans.factory.support.ConstructorResolver.autowireConstructor(ConstructorResolver.java:240)
	at org.springframework.beans.factory.support.AbstractAutowireCapableBeanFactory.autowireConstructor(AbstractAutowireCapableBeanFactory.java:1380)
	at org.springframework.beans.factory.support.AbstractAutowireCapableBeanFactory.createBeanInstance(AbstractAutowireCapableBeanFactory.java:1219)
	at org.springframework.beans.factory.support.AbstractAutowireCapableBeanFactory.doCreateBean(AbstractAutowireCapableBeanFactory.java:565)
	at org.springframework.beans.factory.support.AbstractAutowireCapableBeanFactory.createBean(AbstractAutowireCapableBeanFactory.java:525)
	at org.springframework.beans.factory.support.AbstractBeanFactory.lambda$doGetBean$0(AbstractBeanFactory.java:333)
	at org.springframework.beans.factory.support.DefaultSingletonBeanRegistry.getSingleton(DefaultSingletonBeanRegistry.java:371)
	at org.springframework.beans.factory.support.AbstractBeanFactory.doGetBean(AbstractBeanFactory.java:331)
	at org.springframework.beans.factory.support.AbstractBeanFactory.getBean(AbstractBeanFactory.java:201)
	at org.springframework.boot.web.servlet.ServletContextInitializerBeans.getOrderedBeansOfType(ServletContextInitializerBeans.java:231)
	at org.springframework.boot.web.servlet.ServletContextInitializerBeans.addAsRegistrationBean(ServletContextInitializerBeans.java:185)
	at org.springframework.boot.web.servlet.ServletContextInitializerBeans.addAsRegistrationBean(ServletContextInitializerBeans.java:180)
	at org.springframework.boot.web.servlet.ServletContextInitializerBeans.addAdaptableBeans(ServletContextInitializerBeans.java:165)
	at org.springframework.boot.web.servlet.ServletContextInitializerBeans.<init>(ServletContextInitializerBeans.java:97)
	at org.springframework.boot.web.context.servlet.WebApplicationContextInitializer.initialize(WebApplicationContextInitializer.java:53)
	at org.springframework.boot.tomcat.servlet.DeferredServletContainerInitializers.onStartup(DeferredServletContainerInitializers.java:55)
	at org.apache.catalina.core.StandardContext.startInternal(StandardContext.java:4420)
	at org.apache.catalina.util.LifecycleBase.start(LifecycleBase.java:164)
	at org.apache.catalina.core.ContainerBase$StartChild.call(ContainerBase.java:1162)
	at org.apache.catalina.core.ContainerBase$StartChild.call(ContainerBase.java:1158)
	at java.base/java.util.concurrent.FutureTask.run(FutureTask.java:317)
	at org.apache.tomcat.util.threads.InlineExecutorService.execute(InlineExecutorService.java:81)
	at java.base/java.util.concurrent.AbstractExecutorService.submit(AbstractExecutorService.java:145)
	at org.apache.catalina.core.ContainerBase.startInternal(ContainerBase.java:714)
	at org.apache.catalina.core.StandardHost.startInternal(StandardHost.java:780)
	at org.apache.catalina.util.LifecycleBase.start(LifecycleBase.java:164)
	at org.apache.catalina.core.ContainerBase$StartChild.call(ContainerBase.java:1162)
	at org.apache.catalina.core.ContainerBase$StartChild.call(ContainerBase.java:1158)
	at java.base/java.util.concurrent.FutureTask.run(FutureTask.java:317)
	at org.apache.tomcat.util.threads.InlineExecutorService.execute(InlineExecutorService.java:81)
	at java.base/java.util.concurrent.AbstractExecutorService.submit(AbstractExecutorService.java:145)
	at org.apache.catalina.core.ContainerBase.startInternal(ContainerBase.java:714)
	at org.apache.catalina.core.StandardEngine.startInternal(StandardEngine.java:201)
	at org.apache.catalina.util.LifecycleBase.start(LifecycleBase.java:164)
	at org.apache.catalina.core.StandardService.startInternal(StandardService.java:410)
	at org.apache.catalina.util.LifecycleBase.start(LifecycleBase.java:164)
	at org.apache.catalina.core.StandardServer.startInternal(StandardServer.java:864)
	at org.apache.catalina.util.LifecycleBase.start(LifecycleBase.java:164)
	at org.apache.catalina.startup.Tomcat.start(Tomcat.java:435)
	at org.springframework.boot.tomcat.TomcatWebServer.initialize(TomcatWebServer.java:131)
	at org.springframework.boot.tomcat.TomcatWebServer.<init>(TomcatWebServer.java:110)
	at org.springframework.boot.tomcat.servlet.TomcatServletWebServerFactory.getTomcatWebServer(TomcatServletWebServerFactory.java:408)
	at org.springframework.boot.tomcat.servlet.TomcatServletWebServerFactory.getWebServer(TomcatServletWebServerFactory.java:166)
	at org.springframework.boot.web.server.servlet.context.ServletWebServerApplicationContext.createWebServer(ServletWebServerApplicationContext.java:190)
	at org.springframework.boot.web.server.servlet.context.ServletWebServerApplicationContext.onRefresh(ServletWebServerApplicationContext.java:164)
	at org.springframework.context.support.AbstractApplicationContext.refresh(AbstractApplicationContext.java:615)
	at org.springframework.boot.web.server.servlet.context.ServletWebServerApplicationContext.refresh(ServletWebServerApplicationContext.java:143)
	at org.springframework.boot.SpringApplication.refresh(SpringApplication.java:756)
	at org.springframework.boot.SpringApplication.refreshContext(SpringApplication.java:445)
	at org.springframework.boot.SpringApplication.run(SpringApplication.java:321)
	at org.springframework.boot.SpringApplication.run(SpringApplication.java:1365)
	at org.springframework.boot.SpringApplication.run(SpringApplication.java:1354)
	at com.sisco_e.escola.SiscoEApplication.main(SiscoEApplication.java:12)
	at java.base/jdk.internal.reflect.DirectMethodHandleAccessor.invoke(DirectMethodHandleAccessor.java:103)
	at java.base/java.lang.reflect.Method.invoke(Method.java:580)
	at org.springframework.boot.devtools.restart.RestartLauncher.run(RestartLauncher.java:52)
Caused by: org.postgresql.util.PSQLException: ERRO: relação "siscoescola.tb_contrato_net" não existe
	at org.postgresql.core.v3.QueryExecutorImpl.receiveErrorResponse(QueryExecutorImpl.java:2904)
	at org.postgresql.core.v3.QueryExecutorImpl.processResults(QueryExecutorImpl.java:2589)
	at org.postgresql.core.v3.QueryExecutorImpl.execute(QueryExecutorImpl.java:431)
	at org.postgresql.jdbc.PgStatement.executeInternal(PgStatement.java:534)
	at org.postgresql.jdbc.PgStatement.execute(PgStatement.java:437)
	at org.postgresql.jdbc.PgStatement.executeWithFlags(PgStatement.java:359)
	at org.postgresql.jdbc.PgStatement.executeCachedSql(PgStatement.java:344)
	at org.postgresql.jdbc.PgStatement.executeWithFlags(PgStatement.java:320)
	at org.postgresql.jdbc.PgStatement.execute(PgStatement.java:315)
	at com.zaxxer.hikari.pool.ProxyStatement.execute(ProxyStatement.java:95)
	at com.zaxxer.hikari.pool.HikariProxyStatement.execute(HikariProxyStatement.java)
	at org.hibernate.tool.schema.internal.exec.GenerationTargetToDatabase.accept(GenerationTargetToDatabase.java:76)
	... 127 common frames omitted
2026-10-09 13:23:25 [restartedMain] INFO  o.s.o.j.LocalContainerEntityManagerFactoryBean - Initialized JPA EntityManagerFactory for persistence unit 'default'
2026-10-09 13:23:25 [restartedMain] INFO  o.s.d.j.r.q.QueryEnhancerFactories - Hibernate is in classpath; If applicable, HQL parser will be used.
2026-10-09 13:23:26 [restartedMain] DEBUG c.s.e.s.JwtAuthenticationFilter - Filter 'jwtAuthenticationFilter' configured for use
2026-10-09 13:23:26 [restartedMain] INFO  o.s.s.c.a.a.c.InitializeAuthenticationProviderBeanManagerConfigurer$InitializeAuthenticationProviderManagerConfigurer - Global AuthenticationManager configured with AuthenticationProvider bean with name authenticationProvider
2026-10-09 13:23:26 [restartedMain] WARN  o.s.s.c.a.a.c.InitializeUserDetailsBeanManagerConfigurer$InitializeUserDetailsManagerConfigurer - Global AuthenticationManager configured with an AuthenticationProvider bean. UserDetailsService beans will not be used by Spring Security for automatically configuring username/password login. Consider removing the AuthenticationProvider bean. Alternatively, consider using the UserDetailsService in a manually instantiated DaoAuthenticationProvider. If the current configuration is intentional, to turn off this warning, increase the logging level of 'org.springframework.security.config.annotation.authentication.configuration.InitializeUserDetailsBeanManagerConfigurer' to ERROR
2026-10-09 13:23:27 [restartedMain] WARN  o.s.b.j.a.JpaBaseConfiguration$JpaWebConfiguration - spring.jpa.open-in-view is enabled by default. Therefore, database queries may be performed during view rendering. Explicitly configure spring.jpa.open-in-view to disable this warning
2026-10-09 13:23:27 [restartedMain] INFO  o.s.b.a.e.web.EndpointLinksResolver - Exposing 1 endpoint beneath base path '/actuator'
2026-10-09 13:23:27 [restartedMain] WARN  o.s.b.w.s.s.c.AnnotationConfigServletWebServerApplicationContext - Exception encountered during context initialization - cancelling refresh attempt: org.springframework.context.ApplicationContextException: Failed to start bean 'webServerStartStop'
2026-10-09 13:23:27 [restartedMain] INFO  o.s.o.j.LocalContainerEntityManagerFactoryBean - Closing JPA EntityManagerFactory for persistence unit 'default'
2026-10-09 13:23:27 [restartedMain] INFO  com.zaxxer.hikari.HikariDataSource - HikariPool-1 - Shutdown initiated...
2026-10-09 13:23:27 [restartedMain] INFO  com.zaxxer.hikari.HikariDataSource - HikariPool-1 - Shutdown completed.
2026-10-09 13:23:27 [restartedMain] INFO  o.s.b.a.l.ConditionEvaluationReportLogger - 

Error starting ApplicationContext. To display the condition evaluation report re-run your application with 'debug' enabled.
2026-10-09 13:23:27 [restartedMain] ERROR o.s.boot.SpringApplication - Application run failed
org.springframework.context.ApplicationContextException: Failed to start bean 'webServerStartStop'
	at org.springframework.context.support.DefaultLifecycleProcessor.doStart(DefaultLifecycleProcessor.java:423)
	at org.springframework.context.support.DefaultLifecycleProcessor.doStart(DefaultLifecycleProcessor.java:409)
	at org.springframework.context.support.DefaultLifecycleProcessor$LifecycleGroup.start(DefaultLifecycleProcessor.java:613)
	at java.base/java.lang.Iterable.forEach(Iterable.java:75)
	at org.springframework.context.support.DefaultLifecycleProcessor.startBeans(DefaultLifecycleProcessor.java:379)
	at org.springframework.context.support.DefaultLifecycleProcessor.onRefresh(DefaultLifecycleProcessor.java:306)
	at org.springframework.context.support.AbstractApplicationContext.finishRefresh(AbstractApplicationContext.java:1013)
	at org.springframework.context.support.AbstractApplicationContext.refresh(AbstractApplicationContext.java:624)
	at org.springframework.boot.web.server.servlet.context.ServletWebServerApplicationContext.refresh(ServletWebServerApplicationContext.java:143)
	at org.springframework.boot.SpringApplication.refresh(SpringApplication.java:756)
	at org.springframework.boot.SpringApplication.refreshContext(SpringApplication.java:445)
	at org.springframework.boot.SpringApplication.run(SpringApplication.java:321)
	at org.springframework.boot.SpringApplication.run(SpringApplication.java:1365)
	at org.springframework.boot.SpringApplication.run(SpringApplication.java:1354)
	at com.sisco_e.escola.SiscoEApplication.main(SiscoEApplication.java:12)
	at java.base/jdk.internal.reflect.DirectMethodHandleAccessor.invoke(DirectMethodHandleAccessor.java:103)
	at java.base/java.lang.reflect.Method.invoke(Method.java:580)
	at org.springframework.boot.devtools.restart.RestartLauncher.run(RestartLauncher.java:52)
Caused by: org.springframework.boot.web.server.WebServerException: Unable to start embedded Tomcat server
	at org.springframework.boot.tomcat.TomcatWebServer.start(TomcatWebServer.java:248)
	at org.springframework.boot.web.server.servlet.context.WebServerStartStopLifecycle.start(WebServerStartStopLifecycle.java:44)
	at org.springframework.context.support.DefaultLifecycleProcessor.doStart(DefaultLifecycleProcessor.java:420)
	... 17 common frames omitted
Caused by: java.lang.IllegalArgumentException: standardService.connector.startFailed
	at org.apache.catalina.core.StandardService.addConnector(StandardService.java:220)
	at org.springframework.boot.tomcat.TomcatWebServer.addPreviouslyRemovedConnectors(TomcatWebServer.java:307)
	at org.springframework.boot.tomcat.TomcatWebServer.start(TomcatWebServer.java:233)
	... 19 common frames omitted
Caused by: org.apache.catalina.LifecycleException: Protocol handler start failed
	at org.apache.catalina.connector.Connector.startInternal(Connector.java:1119)
	at org.apache.catalina.util.LifecycleBase.start(LifecycleBase.java:164)
	at org.apache.catalina.core.StandardService.addConnector(StandardService.java:217)
	... 21 common frames omitted
Caused by: java.net.BindException: Endereço já em uso
	at java.base/sun.nio.ch.Net.bind0(Native Method)
	at java.base/sun.nio.ch.Net.bind(Net.java:577)
	at java.base/sun.nio.ch.ServerSocketChannelImpl.netBind(ServerSocketChannelImpl.java:344)
	at java.base/sun.nio.ch.ServerSocketChannelImpl.bind(ServerSocketChannelImpl.java:301)
	at org.apache.tomcat.util.net.NioEndpoint.initServerSocket(NioEndpoint.java:265)
	at org.apache.tomcat.util.net.NioEndpoint.bind(NioEndpoint.java:220)
	at org.apache.tomcat.util.net.AbstractEndpoint.bindWithCleanup(AbstractEndpoint.java:1642)
	at org.apache.tomcat.util.net.AbstractEndpoint.start(AbstractEndpoint.java:1725)
	at org.apache.coyote.AbstractProtocol.start(AbstractProtocol.java:948)
	at org.apache.catalina.connector.Connector.startInternal(Connector.java:1116)
	... 23 common frames omitted
2026-10-09 13:27:05 [restartedMain] INFO  c.sisco_e.escola.SiscoEApplication - Starting SiscoEApplication using Java 21.0.12.1 with PID 441374 (/home/cleber/desv/2-doing/sisco-project/sisco-e/target/classes started by cleber in /home/cleber/desv/2-doing/sisco-project/sisco-e)
2026-10-09 13:27:05 [restartedMain] DEBUG c.sisco_e.escola.SiscoEApplication - Running with Spring Boot v4.0.7, Spring v7.0.8
2026-10-09 13:27:05 [restartedMain] INFO  c.sisco_e.escola.SiscoEApplication - No active profile set, falling back to 1 default profile: "default"
2026-10-09 13:27:05 [restartedMain] INFO  o.s.b.d.e.DevToolsPropertyDefaultsPostProcessor - Devtools property defaults active! Set 'spring.devtools.add-properties' to 'false' to disable
2026-10-09 13:27:05 [restartedMain] INFO  o.s.b.d.e.DevToolsPropertyDefaultsPostProcessor - For additional web related logging consider setting the 'logging.level.web' property to 'DEBUG'
2026-10-09 13:27:06 [restartedMain] INFO  o.s.d.r.c.RepositoryConfigurationDelegate - Multiple Spring Data modules found, entering strict repository configuration mode
2026-10-09 13:27:06 [restartedMain] INFO  o.s.d.r.c.RepositoryConfigurationDelegate - Bootstrapping Spring Data Redis repositories in DEFAULT mode.
2026-10-09 13:27:06 [restartedMain] INFO  o.s.d.r.c.RepositoryConfigurationExtensionSupport - Spring Data Redis - Could not safely identify store assignment for repository candidate interface com.sisco_e.escola.model.repository.ContratoInternetRepository; If you want this repository to be a Redis repository, consider annotating your entities with one of these annotations: org.springframework.data.redis.core.RedisHash (preferred), or consider extending one of the following types with your repository: org.springframework.data.keyvalue.repository.KeyValueRepository
2026-10-09 13:27:06 [restartedMain] INFO  o.s.d.r.c.RepositoryConfigurationExtensionSupport - Spring Data Redis - Could not safely identify store assignment for repository candidate interface com.sisco_e.escola.model.repository.DiretorRepository; If you want this repository to be a Redis repository, consider annotating your entities with one of these annotations: org.springframework.data.redis.core.RedisHash (preferred), or consider extending one of the following types with your repository: org.springframework.data.keyvalue.repository.KeyValueRepository
2026-10-09 13:27:06 [restartedMain] INFO  o.s.d.r.c.RepositoryConfigurationExtensionSupport - Spring Data Redis - Could not safely identify store assignment for repository candidate interface com.sisco_e.escola.model.repository.EscolaRepository; If you want this repository to be a Redis repository, consider annotating your entities with one of these annotations: org.springframework.data.redis.core.RedisHash (preferred), or consider extending one of the following types with your repository: org.springframework.data.keyvalue.repository.KeyValueRepository
2026-10-09 13:27:06 [restartedMain] INFO  o.s.d.r.c.RepositoryConfigurationExtensionSupport - Spring Data Redis - Could not safely identify store assignment for repository candidate interface com.sisco_e.escola.model.repository.LinkInternetRepository; If you want this repository to be a Redis repository, consider annotating your entities with one of these annotations: org.springframework.data.redis.core.RedisHash (preferred), or consider extending one of the following types with your repository: org.springframework.data.keyvalue.repository.KeyValueRepository
2026-10-09 13:27:06 [restartedMain] INFO  o.s.d.r.c.RepositoryConfigurationExtensionSupport - Spring Data Redis - Could not safely identify store assignment for repository candidate interface com.sisco_e.escola.model.repository.ProvedorInternetRepository; If you want this repository to be a Redis repository, consider annotating your entities with one of these annotations: org.springframework.data.redis.core.RedisHash (preferred), or consider extending one of the following types with your repository: org.springframework.data.keyvalue.repository.KeyValueRepository
2026-10-09 13:27:06 [restartedMain] INFO  o.s.d.r.c.RepositoryConfigurationExtensionSupport - Spring Data Redis - Could not safely identify store assignment for repository candidate interface com.sisco_e.escola.model.repository.UsuarioRepository; If you want this repository to be a Redis repository, consider annotating your entities with one of these annotations: org.springframework.data.redis.core.RedisHash (preferred), or consider extending one of the following types with your repository: org.springframework.data.keyvalue.repository.KeyValueRepository
2026-10-09 13:27:06 [restartedMain] INFO  o.s.d.r.c.RepositoryConfigurationDelegate - Finished Spring Data repository scanning in 121 ms. Found 1 Redis repository interface.
2026-10-09 13:27:07 [restartedMain] INFO  o.s.d.r.c.RepositoryConfigurationDelegate - Multiple Spring Data modules found, entering strict repository configuration mode
2026-10-09 13:27:07 [restartedMain] INFO  o.s.d.r.c.RepositoryConfigurationDelegate - Bootstrapping Spring Data JPA repositories in DEFAULT mode.
2026-10-09 13:27:07 [restartedMain] INFO  o.s.d.r.c.RepositoryConfigurationExtensionSupport - Spring Data JPA - Could not safely identify store assignment for repository candidate interface com.sisco_e.escola.model.repository.RefreshTokenRepository; If you want this repository to be a JPA repository, consider annotating your entities with one of these annotations: jakarta.persistence.Entity, jakarta.persistence.MappedSuperclass (preferred), or consider extending one of the following types with your repository: org.springframework.data.jpa.repository.JpaRepository
2026-10-09 13:27:07 [restartedMain] INFO  o.s.d.r.c.RepositoryConfigurationDelegate - Finished Spring Data repository scanning in 33 ms. Found 6 JPA repository interfaces.
2026-10-09 13:27:08 [restartedMain] INFO  o.s.boot.tomcat.TomcatWebServer - Tomcat initialized with port 8080 (http)
2026-10-09 13:27:08 [restartedMain] INFO  o.a.catalina.core.StandardService - Starting service [Tomcat]
2026-10-09 13:27:08 [restartedMain] INFO  o.a.catalina.core.StandardEngine - Starting Servlet engine: [Apache Tomcat/11.0.22]
2026-10-09 13:27:08 [restartedMain] INFO  o.s.b.w.c.s.WebApplicationContextInitializer - Root WebApplicationContext: initialization completed in 3197 ms
2026-10-09 13:27:09 [restartedMain] INFO  org.hibernate.orm.jpa - HHH008540: Processing PersistenceUnitInfo [name: default]
2026-10-09 13:27:09 [restartedMain] INFO  org.hibernate.orm.core - HHH000001: Hibernate ORM core version 7.2.19.Final
2026-10-09 13:27:09 [restartedMain] INFO  o.h.e.b.internal.EnversServiceImpl - Envers integration enabled? : true
2026-10-09 13:27:09 [restartedMain] INFO  o.s.o.j.p.SpringPersistenceUnitInfo - No LoadTimeWeaver setup: ignoring JPA class transformer
2026-10-09 13:27:10 [restartedMain] INFO  com.zaxxer.hikari.HikariDataSource - HikariPool-1 - Starting...
2026-10-09 13:27:11 [restartedMain] INFO  com.zaxxer.hikari.pool.HikariPool - HikariPool-1 - Added connection org.postgresql.jdbc.PgConnection@4f54067
2026-10-09 13:27:11 [restartedMain] INFO  com.zaxxer.hikari.HikariDataSource - HikariPool-1 - Start completed.
2026-10-09 13:27:11 [restartedMain] INFO  o.hibernate.orm.connections.pooling - HHH10001005: Database info:
	Database JDBC URL [jdbc:postgresql://localhost:5432/sisco]
	Database driver: PostgreSQL JDBC Driver
	Database dialect: PostgreSQLDialect
	Database version: 18.6
	Default catalog/schema: sisco/public
	Autocommit mode: undefined/unknown
	Isolation level: READ_COMMITTED [default READ_COMMITTED]
	JDBC fetch size: none
	Pool: DataSourceConnectionProvider
	Minimum pool size: undefined/unknown
	Maximum pool size: undefined/unknown
2026-10-09 13:27:11 [restartedMain] INFO  o.h.e.c.i.m.AuditMetadataGenerator - Adding properties for entity: com.sisco_e.escola.model.entity.Escola
2026-10-09 13:27:11 [restartedMain] INFO  o.h.e.c.i.m.AuditMetadataGenerator - Adding properties for entity: com.sisco_e.escola.model.entity.Diretor
2026-10-09 13:27:11 [restartedMain] INFO  o.h.e.c.i.m.AuditMetadataGenerator - Adding properties for entity: com.sisco_e.escola.model.entity.Usuario
2026-10-09 13:27:13 [restartedMain] INFO  org.hibernate.orm.core - HHH000489: No JTA platform available (set 'hibernate.transaction.jta.platform' to enable JTA platform integration)
2026-10-09 13:27:14 [restartedMain] WARN  o.h.t.s.i.ExceptionHandlerLoggedImpl - GenerationTarget encountered exception accepting command : Error executing DDL "
    create table siscoescola.tb_contrato_net (
        data_contratacao date not null,
        data_fim_contrato date,
        valor_mensal NUMERIC(10,2) not null,
        data_atualizacao timestamp(6) with time zone not null,
        data_cadastro timestamp(6) with time zone not null,
        uuid_contrato_net uuid not null,
        uuid_escola uuid not null,
        uuid_provedor uuid not null,
        status CHARACTER VARYING(20) not null check ((status in ('ATIVO','CANCELADO','SUSPENSO'))),
        velocidade varchar(255) not null,
        primary key (uuid_contrato_net),
        constraint uk_contratos_internet_escola_provedor_data unique (uuid_escola, uuid_provedor, data_contratacao)
    )" via JDBC [ERRO: relação "uk_contratos_internet_escola_provedor_data" já existe]
org.hibernate.tool.schema.spi.CommandAcceptanceException: Error executing DDL "
    create table siscoescola.tb_contrato_net (
        data_contratacao date not null,
        data_fim_contrato date,
        valor_mensal NUMERIC(10,2) not null,
        data_atualizacao timestamp(6) with time zone not null,
        data_cadastro timestamp(6) with time zone not null,
        uuid_contrato_net uuid not null,
        uuid_escola uuid not null,
        uuid_provedor uuid not null,
        status CHARACTER VARYING(20) not null check ((status in ('ATIVO','CANCELADO','SUSPENSO'))),
        velocidade varchar(255) not null,
        primary key (uuid_contrato_net),
        constraint uk_contratos_internet_escola_provedor_data unique (uuid_escola, uuid_provedor, data_contratacao)
    )" via JDBC [ERRO: relação "uk_contratos_internet_escola_provedor_data" já existe]
	at org.hibernate.tool.schema.internal.exec.GenerationTargetToDatabase.accept(GenerationTargetToDatabase.java:81)
	at org.hibernate.tool.schema.internal.Helper.applySqlString(Helper.java:218)
	at org.hibernate.tool.schema.internal.Helper.applySqlStrings(Helper.java:204)
	at org.hibernate.tool.schema.internal.SchemaCreatorImpl.createTables(SchemaCreatorImpl.java:404)
	at org.hibernate.tool.schema.internal.SchemaCreatorImpl.createSequencesTablesConstraints(SchemaCreatorImpl.java:320)
	at org.hibernate.tool.schema.internal.SchemaCreatorImpl.createFromMetadata(SchemaCreatorImpl.java:215)
	at org.hibernate.tool.schema.internal.SchemaCreatorImpl.performCreation(SchemaCreatorImpl.java:151)
	at org.hibernate.tool.schema.internal.SchemaCreatorImpl.doCreation(SchemaCreatorImpl.java:121)
	at org.hibernate.tool.schema.internal.SchemaCreatorImpl.doCreation(SchemaCreatorImpl.java:97)
	at org.hibernate.tool.schema.spi.SchemaManagementToolCoordinator.performDatabaseAction(SchemaManagementToolCoordinator.java:239)
	at org.hibernate.tool.schema.spi.SchemaManagementToolCoordinator.lambda$process$1(SchemaManagementToolCoordinator.java:101)
	at java.base/java.util.HashMap.forEach(HashMap.java:1429)
	at org.hibernate.tool.schema.spi.SchemaManagementToolCoordinator.process(SchemaManagementToolCoordinator.java:100)
	at org.hibernate.boot.internal.SessionFactoryObserverForSchemaExport.sessionFactoryCreated(SessionFactoryObserverForSchemaExport.java:35)
	at org.hibernate.internal.SessionFactoryObserverChain.sessionFactoryCreated(SessionFactoryObserverChain.java:33)
	at org.hibernate.internal.SessionFactoryImpl.<init>(SessionFactoryImpl.java:323)
	at org.hibernate.internal.SessionFactoryRegistry.instantiateSessionFactory(SessionFactoryRegistry.java:64)
	at org.hibernate.boot.internal.SessionFactoryBuilderImpl.build(SessionFactoryBuilderImpl.java:437)
	at org.hibernate.jpa.boot.internal.EntityManagerFactoryBuilderImpl.build(EntityManagerFactoryBuilderImpl.java:1456)
	at org.springframework.orm.jpa.vendor.SpringHibernateJpaPersistenceProvider.createContainerEntityManagerFactory(SpringHibernateJpaPersistenceProvider.java:93)
	at org.springframework.orm.jpa.LocalContainerEntityManagerFactoryBean.createNativeEntityManagerFactory(LocalContainerEntityManagerFactoryBean.java:443)
	at org.springframework.orm.jpa.AbstractEntityManagerFactoryBean.buildNativeEntityManagerFactory(AbstractEntityManagerFactoryBean.java:436)
	at org.springframework.orm.jpa.AbstractEntityManagerFactoryBean.afterPropertiesSet(AbstractEntityManagerFactoryBean.java:411)
	at org.springframework.orm.jpa.LocalContainerEntityManagerFactoryBean.afterPropertiesSet(LocalContainerEntityManagerFactoryBean.java:419)
	at org.springframework.beans.factory.support.AbstractAutowireCapableBeanFactory.invokeInitMethods(AbstractAutowireCapableBeanFactory.java:1862)
	at org.springframework.beans.factory.support.AbstractAutowireCapableBeanFactory.initializeBean(AbstractAutowireCapableBeanFactory.java:1811)
	at org.springframework.beans.factory.support.AbstractAutowireCapableBeanFactory.doCreateBean(AbstractAutowireCapableBeanFactory.java:603)
	at org.springframework.beans.factory.support.AbstractAutowireCapableBeanFactory.createBean(AbstractAutowireCapableBeanFactory.java:525)
	at org.springframework.beans.factory.support.AbstractBeanFactory.lambda$doGetBean$0(AbstractBeanFactory.java:333)
	at org.springframework.beans.factory.support.DefaultSingletonBeanRegistry.getSingleton(DefaultSingletonBeanRegistry.java:371)
	at org.springframework.beans.factory.support.AbstractBeanFactory.doGetBean(AbstractBeanFactory.java:331)
	at org.springframework.beans.factory.support.AbstractBeanFactory.getBean(AbstractBeanFactory.java:196)
	at org.springframework.beans.factory.support.BeanDefinitionValueResolver.resolveReference(BeanDefinitionValueResolver.java:365)
	at org.springframework.beans.factory.support.BeanDefinitionValueResolver.resolveValueIfNecessary(BeanDefinitionValueResolver.java:135)
	at org.springframework.beans.factory.support.ConstructorResolver.resolveConstructorArguments(ConstructorResolver.java:691)
	at org.springframework.beans.factory.support.ConstructorResolver.instantiateUsingFactoryMethod(ConstructorResolver.java:513)
	at org.springframework.beans.factory.support.AbstractAutowireCapableBeanFactory.instantiateUsingFactoryMethod(AbstractAutowireCapableBeanFactory.java:1360)
	at org.springframework.beans.factory.support.AbstractAutowireCapableBeanFactory.createBeanInstance(AbstractAutowireCapableBeanFactory.java:1192)
	at org.springframework.beans.factory.support.AbstractAutowireCapableBeanFactory.doCreateBean(AbstractAutowireCapableBeanFactory.java:565)
	at org.springframework.beans.factory.support.AbstractAutowireCapableBeanFactory.createBean(AbstractAutowireCapableBeanFactory.java:525)
	at org.springframework.beans.factory.support.AbstractBeanFactory.lambda$doGetBean$0(AbstractBeanFactory.java:333)
	at org.springframework.beans.factory.support.DefaultSingletonBeanRegistry.getSingleton(DefaultSingletonBeanRegistry.java:371)
	at org.springframework.beans.factory.support.AbstractBeanFactory.doGetBean(AbstractBeanFactory.java:331)
	at org.springframework.beans.factory.support.AbstractBeanFactory.getBean(AbstractBeanFactory.java:201)
	at org.springframework.beans.factory.support.BeanDefinitionValueResolver.resolveReference(BeanDefinitionValueResolver.java:356)
	at org.springframework.beans.factory.support.BeanDefinitionValueResolver.resolveValueIfNecessary(BeanDefinitionValueResolver.java:135)
	at org.springframework.beans.factory.support.AbstractAutowireCapableBeanFactory.applyPropertyValues(AbstractAutowireCapableBeanFactory.java:1710)
	at org.springframework.beans.factory.support.AbstractAutowireCapableBeanFactory.populateBean(AbstractAutowireCapableBeanFactory.java:1459)
	at org.springframework.beans.factory.support.AbstractAutowireCapableBeanFactory.doCreateBean(AbstractAutowireCapableBeanFactory.java:602)
	at org.springframework.beans.factory.support.AbstractAutowireCapableBeanFactory.createBean(AbstractAutowireCapableBeanFactory.java:525)
	at org.springframework.beans.factory.support.AbstractBeanFactory.lambda$doGetBean$0(AbstractBeanFactory.java:333)
	at org.springframework.beans.factory.support.DefaultSingletonBeanRegistry.getSingleton(DefaultSingletonBeanRegistry.java:371)
	at org.springframework.beans.factory.support.AbstractBeanFactory.doGetBean(AbstractBeanFactory.java:331)
	at org.springframework.beans.factory.support.AbstractBeanFactory.getBean(AbstractBeanFactory.java:201)
	at org.springframework.beans.factory.support.DefaultListableBeanFactory.resolveBean(DefaultListableBeanFactory.java:1232)
	at org.springframework.beans.factory.support.DefaultListableBeanFactory.doResolveDependency(DefaultListableBeanFactory.java:1711)
	at org.springframework.beans.factory.support.DefaultListableBeanFactory.resolveDependency(DefaultListableBeanFactory.java:1658)
	at org.springframework.beans.factory.support.ConstructorResolver.resolveAutowiredArgument(ConstructorResolver.java:912)
	at org.springframework.beans.factory.support.ConstructorResolver.createArgumentArray(ConstructorResolver.java:791)
	at org.springframework.beans.factory.support.ConstructorResolver.autowireConstructor(ConstructorResolver.java:240)
	at org.springframework.beans.factory.support.AbstractAutowireCapableBeanFactory.autowireConstructor(AbstractAutowireCapableBeanFactory.java:1380)
	at org.springframework.beans.factory.support.AbstractAutowireCapableBeanFactory.createBeanInstance(AbstractAutowireCapableBeanFactory.java:1219)
	at org.springframework.beans.factory.support.AbstractAutowireCapableBeanFactory.doCreateBean(AbstractAutowireCapableBeanFactory.java:565)
	at org.springframework.beans.factory.support.AbstractAutowireCapableBeanFactory.createBean(AbstractAutowireCapableBeanFactory.java:525)
	at org.springframework.beans.factory.support.AbstractBeanFactory.lambda$doGetBean$0(AbstractBeanFactory.java:333)
	at org.springframework.beans.factory.support.DefaultSingletonBeanRegistry.getSingleton(DefaultSingletonBeanRegistry.java:371)
	at org.springframework.beans.factory.support.AbstractBeanFactory.doGetBean(AbstractBeanFactory.java:331)
	at org.springframework.beans.factory.support.AbstractBeanFactory.getBean(AbstractBeanFactory.java:201)
	at org.springframework.beans.factory.config.DependencyDescriptor.resolveCandidate(DependencyDescriptor.java:229)
	at org.springframework.beans.factory.support.DefaultListableBeanFactory.doResolveDependency(DefaultListableBeanFactory.java:1769)
	at org.springframework.beans.factory.support.DefaultListableBeanFactory.resolveDependency(DefaultListableBeanFactory.java:1658)
	at org.springframework.beans.factory.support.ConstructorResolver.resolveAutowiredArgument(ConstructorResolver.java:912)
	at org.springframework.beans.factory.support.ConstructorResolver.createArgumentArray(ConstructorResolver.java:791)
	at org.springframework.beans.factory.support.ConstructorResolver.autowireConstructor(ConstructorResolver.java:240)
	at org.springframework.beans.factory.support.AbstractAutowireCapableBeanFactory.autowireConstructor(AbstractAutowireCapableBeanFactory.java:1380)
	at org.springframework.beans.factory.support.AbstractAutowireCapableBeanFactory.createBeanInstance(AbstractAutowireCapableBeanFactory.java:1219)
	at org.springframework.beans.factory.support.AbstractAutowireCapableBeanFactory.doCreateBean(AbstractAutowireCapableBeanFactory.java:565)
	at org.springframework.beans.factory.support.AbstractAutowireCapableBeanFactory.createBean(AbstractAutowireCapableBeanFactory.java:525)
	at org.springframework.beans.factory.support.AbstractBeanFactory.lambda$doGetBean$0(AbstractBeanFactory.java:333)
	at org.springframework.beans.factory.support.DefaultSingletonBeanRegistry.getSingleton(DefaultSingletonBeanRegistry.java:371)
	at org.springframework.beans.factory.support.AbstractBeanFactory.doGetBean(AbstractBeanFactory.java:331)
	at org.springframework.beans.factory.support.AbstractBeanFactory.getBean(AbstractBeanFactory.java:201)
	at org.springframework.boot.web.servlet.ServletContextInitializerBeans.getOrderedBeansOfType(ServletContextInitializerBeans.java:231)
	at org.springframework.boot.web.servlet.ServletContextInitializerBeans.addAsRegistrationBean(ServletContextInitializerBeans.java:185)
	at org.springframework.boot.web.servlet.ServletContextInitializerBeans.addAsRegistrationBean(ServletContextInitializerBeans.java:180)
	at org.springframework.boot.web.servlet.ServletContextInitializerBeans.addAdaptableBeans(ServletContextInitializerBeans.java:165)
	at org.springframework.boot.web.servlet.ServletContextInitializerBeans.<init>(ServletContextInitializerBeans.java:97)
	at org.springframework.boot.web.context.servlet.WebApplicationContextInitializer.initialize(WebApplicationContextInitializer.java:53)
	at org.springframework.boot.tomcat.servlet.DeferredServletContainerInitializers.onStartup(DeferredServletContainerInitializers.java:55)
	at org.apache.catalina.core.StandardContext.startInternal(StandardContext.java:4420)
	at org.apache.catalina.util.LifecycleBase.start(LifecycleBase.java:164)
	at org.apache.catalina.core.ContainerBase$StartChild.call(ContainerBase.java:1162)
	at org.apache.catalina.core.ContainerBase$StartChild.call(ContainerBase.java:1158)
	at java.base/java.util.concurrent.FutureTask.run$$$capture(FutureTask.java:317)
	at java.base/java.util.concurrent.FutureTask.run(FutureTask.java)
	at org.apache.tomcat.util.threads.InlineExecutorService.execute(InlineExecutorService.java:81)
	at java.base/java.util.concurrent.AbstractExecutorService.submit(AbstractExecutorService.java:145)
	at org.apache.catalina.core.ContainerBase.startInternal(ContainerBase.java:714)
	at org.apache.catalina.core.StandardHost.startInternal(StandardHost.java:780)
	at org.apache.catalina.util.LifecycleBase.start(LifecycleBase.java:164)
	at org.apache.catalina.core.ContainerBase$StartChild.call(ContainerBase.java:1162)
	at org.apache.catalina.core.ContainerBase$StartChild.call(ContainerBase.java:1158)
	at java.base/java.util.concurrent.FutureTask.run$$$capture(FutureTask.java:317)
	at java.base/java.util.concurrent.FutureTask.run(FutureTask.java)
	at org.apache.tomcat.util.threads.InlineExecutorService.execute(InlineExecutorService.java:81)
	at java.base/java.util.concurrent.AbstractExecutorService.submit(AbstractExecutorService.java:145)
	at org.apache.catalina.core.ContainerBase.startInternal(ContainerBase.java:714)
	at org.apache.catalina.core.StandardEngine.startInternal(StandardEngine.java:201)
	at org.apache.catalina.util.LifecycleBase.start(LifecycleBase.java:164)
	at org.apache.catalina.core.StandardService.startInternal(StandardService.java:410)
	at org.apache.catalina.util.LifecycleBase.start(LifecycleBase.java:164)
	at org.apache.catalina.core.StandardServer.startInternal(StandardServer.java:864)
	at org.apache.catalina.util.LifecycleBase.start(LifecycleBase.java:164)
	at org.apache.catalina.startup.Tomcat.start(Tomcat.java:435)
	at org.springframework.boot.tomcat.TomcatWebServer.initialize(TomcatWebServer.java:131)
	at org.springframework.boot.tomcat.TomcatWebServer.<init>(TomcatWebServer.java:110)
	at org.springframework.boot.tomcat.servlet.TomcatServletWebServerFactory.getTomcatWebServer(TomcatServletWebServerFactory.java:408)
	at org.springframework.boot.tomcat.servlet.TomcatServletWebServerFactory.getWebServer(TomcatServletWebServerFactory.java:166)
	at org.springframework.boot.web.server.servlet.context.ServletWebServerApplicationContext.createWebServer(ServletWebServerApplicationContext.java:190)
	at org.springframework.boot.web.server.servlet.context.ServletWebServerApplicationContext.onRefresh(ServletWebServerApplicationContext.java:164)
	at org.springframework.context.support.AbstractApplicationContext.refresh(AbstractApplicationContext.java:615)
	at org.springframework.boot.web.server.servlet.context.ServletWebServerApplicationContext.refresh(ServletWebServerApplicationContext.java:143)
	at org.springframework.boot.SpringApplication.refresh(SpringApplication.java:756)
	at org.springframework.boot.SpringApplication.refreshContext(SpringApplication.java:445)
	at org.springframework.boot.SpringApplication.run(SpringApplication.java:321)
	at org.springframework.boot.SpringApplication.run(SpringApplication.java:1365)
	at org.springframework.boot.SpringApplication.run(SpringApplication.java:1354)
	at com.sisco_e.escola.SiscoEApplication.main(SiscoEApplication.java:12)
	at java.base/jdk.internal.reflect.DirectMethodHandleAccessor.invoke(DirectMethodHandleAccessor.java:103)
	at java.base/java.lang.reflect.Method.invoke(Method.java:580)
	at org.springframework.boot.devtools.restart.RestartLauncher.run(RestartLauncher.java:52)
Caused by: org.postgresql.util.PSQLException: ERRO: relação "uk_contratos_internet_escola_provedor_data" já existe
	at org.postgresql.core.v3.QueryExecutorImpl.receiveErrorResponse(QueryExecutorImpl.java:2904)
	at org.postgresql.core.v3.QueryExecutorImpl.processResults(QueryExecutorImpl.java:2589)
	at org.postgresql.core.v3.QueryExecutorImpl.execute(QueryExecutorImpl.java:431)
	at org.postgresql.jdbc.PgStatement.executeInternal(PgStatement.java:534)
	at org.postgresql.jdbc.PgStatement.execute(PgStatement.java:437)
	at org.postgresql.jdbc.PgStatement.executeWithFlags(PgStatement.java:359)
	at org.postgresql.jdbc.PgStatement.executeCachedSql(PgStatement.java:344)
	at org.postgresql.jdbc.PgStatement.executeWithFlags(PgStatement.java:320)
	at org.postgresql.jdbc.PgStatement.execute(PgStatement.java:315)
	at com.zaxxer.hikari.pool.ProxyStatement.execute(ProxyStatement.java:95)
	at com.zaxxer.hikari.pool.HikariProxyStatement.execute(HikariProxyStatement.java)
	at org.hibernate.tool.schema.internal.exec.GenerationTargetToDatabase.accept(GenerationTargetToDatabase.java:76)
	... 130 common frames omitted
2026-10-09 13:27:14 [restartedMain] WARN  o.h.t.s.i.ExceptionHandlerLoggedImpl - GenerationTarget encountered exception accepting command : Error executing DDL "
    alter table if exists siscoescola.tb_link_internet 
       add constraint FKbpujcjql7m3e4biq28wtq5lte 
       foreign key (uuid_contrato_net) 
       references siscoescola.tb_contrato_net" via JDBC [ERRO: relação "siscoescola.tb_contrato_net" não existe]
org.hibernate.tool.schema.spi.CommandAcceptanceException: Error executing DDL "
    alter table if exists siscoescola.tb_link_internet 
       add constraint FKbpujcjql7m3e4biq28wtq5lte 
       foreign key (uuid_contrato_net) 
       references siscoescola.tb_contrato_net" via JDBC [ERRO: relação "siscoescola.tb_contrato_net" não existe]
	at org.hibernate.tool.schema.internal.exec.GenerationTargetToDatabase.accept(GenerationTargetToDatabase.java:81)
	at org.hibernate.tool.schema.internal.Helper.applySqlString(Helper.java:218)
	at org.hibernate.tool.schema.internal.Helper.applySqlStrings(Helper.java:204)
	at org.hibernate.tool.schema.internal.SchemaCreatorImpl.createForeignKeys(SchemaCreatorImpl.java:281)
	at org.hibernate.tool.schema.internal.SchemaCreatorImpl.createFromMetadata(SchemaCreatorImpl.java:227)
	at org.hibernate.tool.schema.internal.SchemaCreatorImpl.performCreation(SchemaCreatorImpl.java:151)
	at org.hibernate.tool.schema.internal.SchemaCreatorImpl.doCreation(SchemaCreatorImpl.java:121)
	at org.hibernate.tool.schema.internal.SchemaCreatorImpl.doCreation(SchemaCreatorImpl.java:97)
	at org.hibernate.tool.schema.spi.SchemaManagementToolCoordinator.performDatabaseAction(SchemaManagementToolCoordinator.java:239)
	at org.hibernate.tool.schema.spi.SchemaManagementToolCoordinator.lambda$process$1(SchemaManagementToolCoordinator.java:101)
	at java.base/java.util.HashMap.forEach(HashMap.java:1429)
	at org.hibernate.tool.schema.spi.SchemaManagementToolCoordinator.process(SchemaManagementToolCoordinator.java:100)
	at org.hibernate.boot.internal.SessionFactoryObserverForSchemaExport.sessionFactoryCreated(SessionFactoryObserverForSchemaExport.java:35)
	at org.hibernate.internal.SessionFactoryObserverChain.sessionFactoryCreated(SessionFactoryObserverChain.java:33)
	at org.hibernate.internal.SessionFactoryImpl.<init>(SessionFactoryImpl.java:323)
	at org.hibernate.internal.SessionFactoryRegistry.instantiateSessionFactory(SessionFactoryRegistry.java:64)
	at org.hibernate.boot.internal.SessionFactoryBuilderImpl.build(SessionFactoryBuilderImpl.java:437)
	at org.hibernate.jpa.boot.internal.EntityManagerFactoryBuilderImpl.build(EntityManagerFactoryBuilderImpl.java:1456)
	at org.springframework.orm.jpa.vendor.SpringHibernateJpaPersistenceProvider.createContainerEntityManagerFactory(SpringHibernateJpaPersistenceProvider.java:93)
	at org.springframework.orm.jpa.LocalContainerEntityManagerFactoryBean.createNativeEntityManagerFactory(LocalContainerEntityManagerFactoryBean.java:443)
	at org.springframework.orm.jpa.AbstractEntityManagerFactoryBean.buildNativeEntityManagerFactory(AbstractEntityManagerFactoryBean.java:436)
	at org.springframework.orm.jpa.AbstractEntityManagerFactoryBean.afterPropertiesSet(AbstractEntityManagerFactoryBean.java:411)
	at org.springframework.orm.jpa.LocalContainerEntityManagerFactoryBean.afterPropertiesSet(LocalContainerEntityManagerFactoryBean.java:419)
	at org.springframework.beans.factory.support.AbstractAutowireCapableBeanFactory.invokeInitMethods(AbstractAutowireCapableBeanFactory.java:1862)
	at org.springframework.beans.factory.support.AbstractAutowireCapableBeanFactory.initializeBean(AbstractAutowireCapableBeanFactory.java:1811)
	at org.springframework.beans.factory.support.AbstractAutowireCapableBeanFactory.doCreateBean(AbstractAutowireCapableBeanFactory.java:603)
	at org.springframework.beans.factory.support.AbstractAutowireCapableBeanFactory.createBean(AbstractAutowireCapableBeanFactory.java:525)
	at org.springframework.beans.factory.support.AbstractBeanFactory.lambda$doGetBean$0(AbstractBeanFactory.java:333)
	at org.springframework.beans.factory.support.DefaultSingletonBeanRegistry.getSingleton(DefaultSingletonBeanRegistry.java:371)
	at org.springframework.beans.factory.support.AbstractBeanFactory.doGetBean(AbstractBeanFactory.java:331)
	at org.springframework.beans.factory.support.AbstractBeanFactory.getBean(AbstractBeanFactory.java:196)
	at org.springframework.beans.factory.support.BeanDefinitionValueResolver.resolveReference(BeanDefinitionValueResolver.java:365)
	at org.springframework.beans.factory.support.BeanDefinitionValueResolver.resolveValueIfNecessary(BeanDefinitionValueResolver.java:135)
	at org.springframework.beans.factory.support.ConstructorResolver.resolveConstructorArguments(ConstructorResolver.java:691)
	at org.springframework.beans.factory.support.ConstructorResolver.instantiateUsingFactoryMethod(ConstructorResolver.java:513)
	at org.springframework.beans.factory.support.AbstractAutowireCapableBeanFactory.instantiateUsingFactoryMethod(AbstractAutowireCapableBeanFactory.java:1360)
	at org.springframework.beans.factory.support.AbstractAutowireCapableBeanFactory.createBeanInstance(AbstractAutowireCapableBeanFactory.java:1192)
	at org.springframework.beans.factory.support.AbstractAutowireCapableBeanFactory.doCreateBean(AbstractAutowireCapableBeanFactory.java:565)
	at org.springframework.beans.factory.support.AbstractAutowireCapableBeanFactory.createBean(AbstractAutowireCapableBeanFactory.java:525)
	at org.springframework.beans.factory.support.AbstractBeanFactory.lambda$doGetBean$0(AbstractBeanFactory.java:333)
	at org.springframework.beans.factory.support.DefaultSingletonBeanRegistry.getSingleton(DefaultSingletonBeanRegistry.java:371)
	at org.springframework.beans.factory.support.AbstractBeanFactory.doGetBean(AbstractBeanFactory.java:331)
	at org.springframework.beans.factory.support.AbstractBeanFactory.getBean(AbstractBeanFactory.java:201)
	at org.springframework.beans.factory.support.BeanDefinitionValueResolver.resolveReference(BeanDefinitionValueResolver.java:356)
	at org.springframework.beans.factory.support.BeanDefinitionValueResolver.resolveValueIfNecessary(BeanDefinitionValueResolver.java:135)
	at org.springframework.beans.factory.support.AbstractAutowireCapableBeanFactory.applyPropertyValues(AbstractAutowireCapableBeanFactory.java:1710)
	at org.springframework.beans.factory.support.AbstractAutowireCapableBeanFactory.populateBean(AbstractAutowireCapableBeanFactory.java:1459)
	at org.springframework.beans.factory.support.AbstractAutowireCapableBeanFactory.doCreateBean(AbstractAutowireCapableBeanFactory.java:602)
	at org.springframework.beans.factory.support.AbstractAutowireCapableBeanFactory.createBean(AbstractAutowireCapableBeanFactory.java:525)
	at org.springframework.beans.factory.support.AbstractBeanFactory.lambda$doGetBean$0(AbstractBeanFactory.java:333)
	at org.springframework.beans.factory.support.DefaultSingletonBeanRegistry.getSingleton(DefaultSingletonBeanRegistry.java:371)
	at org.springframework.beans.factory.support.AbstractBeanFactory.doGetBean(AbstractBeanFactory.java:331)
	at org.springframework.beans.factory.support.AbstractBeanFactory.getBean(AbstractBeanFactory.java:201)
	at org.springframework.beans.factory.support.DefaultListableBeanFactory.resolveBean(DefaultListableBeanFactory.java:1232)
	at org.springframework.beans.factory.support.DefaultListableBeanFactory.doResolveDependency(DefaultListableBeanFactory.java:1711)
	at org.springframework.beans.factory.support.DefaultListableBeanFactory.resolveDependency(DefaultListableBeanFactory.java:1658)
	at org.springframework.beans.factory.support.ConstructorResolver.resolveAutowiredArgument(ConstructorResolver.java:912)
	at org.springframework.beans.factory.support.ConstructorResolver.createArgumentArray(ConstructorResolver.java:791)
	at org.springframework.beans.factory.support.ConstructorResolver.autowireConstructor(ConstructorResolver.java:240)
	at org.springframework.beans.factory.support.AbstractAutowireCapableBeanFactory.autowireConstructor(AbstractAutowireCapableBeanFactory.java:1380)
	at org.springframework.beans.factory.support.AbstractAutowireCapableBeanFactory.createBeanInstance(AbstractAutowireCapableBeanFactory.java:1219)
	at org.springframework.beans.factory.support.AbstractAutowireCapableBeanFactory.doCreateBean(AbstractAutowireCapableBeanFactory.java:565)
	at org.springframework.beans.factory.support.AbstractAutowireCapableBeanFactory.createBean(AbstractAutowireCapableBeanFactory.java:525)
	at org.springframework.beans.factory.support.AbstractBeanFactory.lambda$doGetBean$0(AbstractBeanFactory.java:333)
	at org.springframework.beans.factory.support.DefaultSingletonBeanRegistry.getSingleton(DefaultSingletonBeanRegistry.java:371)
	at org.springframework.beans.factory.support.AbstractBeanFactory.doGetBean(AbstractBeanFactory.java:331)
	at org.springframework.beans.factory.support.AbstractBeanFactory.getBean(AbstractBeanFactory.java:201)
	at org.springframework.beans.factory.config.DependencyDescriptor.resolveCandidate(DependencyDescriptor.java:229)
	at org.springframework.beans.factory.support.DefaultListableBeanFactory.doResolveDependency(DefaultListableBeanFactory.java:1769)
	at org.springframework.beans.factory.support.DefaultListableBeanFactory.resolveDependency(DefaultListableBeanFactory.java:1658)
	at org.springframework.beans.factory.support.ConstructorResolver.resolveAutowiredArgument(ConstructorResolver.java:912)
	at org.springframework.beans.factory.support.ConstructorResolver.createArgumentArray(ConstructorResolver.java:791)
	at org.springframework.beans.factory.support.ConstructorResolver.autowireConstructor(ConstructorResolver.java:240)
	at org.springframework.beans.factory.support.AbstractAutowireCapableBeanFactory.autowireConstructor(AbstractAutowireCapableBeanFactory.java:1380)
	at org.springframework.beans.factory.support.AbstractAutowireCapableBeanFactory.createBeanInstance(AbstractAutowireCapableBeanFactory.java:1219)
	at org.springframework.beans.factory.support.AbstractAutowireCapableBeanFactory.doCreateBean(AbstractAutowireCapableBeanFactory.java:565)
	at org.springframework.beans.factory.support.AbstractAutowireCapableBeanFactory.createBean(AbstractAutowireCapableBeanFactory.java:525)
	at org.springframework.beans.factory.support.AbstractBeanFactory.lambda$doGetBean$0(AbstractBeanFactory.java:333)
	at org.springframework.beans.factory.support.DefaultSingletonBeanRegistry.getSingleton(DefaultSingletonBeanRegistry.java:371)
	at org.springframework.beans.factory.support.AbstractBeanFactory.doGetBean(AbstractBeanFactory.java:331)
	at org.springframework.beans.factory.support.AbstractBeanFactory.getBean(AbstractBeanFactory.java:201)
	at org.springframework.boot.web.servlet.ServletContextInitializerBeans.getOrderedBeansOfType(ServletContextInitializerBeans.java:231)
	at org.springframework.boot.web.servlet.ServletContextInitializerBeans.addAsRegistrationBean(ServletContextInitializerBeans.java:185)
	at org.springframework.boot.web.servlet.ServletContextInitializerBeans.addAsRegistrationBean(ServletContextInitializerBeans.java:180)
	at org.springframework.boot.web.servlet.ServletContextInitializerBeans.addAdaptableBeans(ServletContextInitializerBeans.java:165)
	at org.springframework.boot.web.servlet.ServletContextInitializerBeans.<init>(ServletContextInitializerBeans.java:97)
	at org.springframework.boot.web.context.servlet.WebApplicationContextInitializer.initialize(WebApplicationContextInitializer.java:53)
	at org.springframework.boot.tomcat.servlet.DeferredServletContainerInitializers.onStartup(DeferredServletContainerInitializers.java:55)
	at org.apache.catalina.core.StandardContext.startInternal(StandardContext.java:4420)
	at org.apache.catalina.util.LifecycleBase.start(LifecycleBase.java:164)
	at org.apache.catalina.core.ContainerBase$StartChild.call(ContainerBase.java:1162)
	at org.apache.catalina.core.ContainerBase$StartChild.call(ContainerBase.java:1158)
	at java.base/java.util.concurrent.FutureTask.run$$$capture(FutureTask.java:317)
	at java.base/java.util.concurrent.FutureTask.run(FutureTask.java)
	at org.apache.tomcat.util.threads.InlineExecutorService.execute(InlineExecutorService.java:81)
	at java.base/java.util.concurrent.AbstractExecutorService.submit(AbstractExecutorService.java:145)
	at org.apache.catalina.core.ContainerBase.startInternal(ContainerBase.java:714)
	at org.apache.catalina.core.StandardHost.startInternal(StandardHost.java:780)
	at org.apache.catalina.util.LifecycleBase.start(LifecycleBase.java:164)
	at org.apache.catalina.core.ContainerBase$StartChild.call(ContainerBase.java:1162)
	at org.apache.catalina.core.ContainerBase$StartChild.call(ContainerBase.java:1158)
	at java.base/java.util.concurrent.FutureTask.run$$$capture(FutureTask.java:317)
	at java.base/java.util.concurrent.FutureTask.run(FutureTask.java)
	at org.apache.tomcat.util.threads.InlineExecutorService.execute(InlineExecutorService.java:81)
	at java.base/java.util.concurrent.AbstractExecutorService.submit(AbstractExecutorService.java:145)
	at org.apache.catalina.core.ContainerBase.startInternal(ContainerBase.java:714)
	at org.apache.catalina.core.StandardEngine.startInternal(StandardEngine.java:201)
	at org.apache.catalina.util.LifecycleBase.start(LifecycleBase.java:164)
	at org.apache.catalina.core.StandardService.startInternal(StandardService.java:410)
	at org.apache.catalina.util.LifecycleBase.start(LifecycleBase.java:164)
	at org.apache.catalina.core.StandardServer.startInternal(StandardServer.java:864)
	at org.apache.catalina.util.LifecycleBase.start(LifecycleBase.java:164)
	at org.apache.catalina.startup.Tomcat.start(Tomcat.java:435)
	at org.springframework.boot.tomcat.TomcatWebServer.initialize(TomcatWebServer.java:131)
	at org.springframework.boot.tomcat.TomcatWebServer.<init>(TomcatWebServer.java:110)
	at org.springframework.boot.tomcat.servlet.TomcatServletWebServerFactory.getTomcatWebServer(TomcatServletWebServerFactory.java:408)
	at org.springframework.boot.tomcat.servlet.TomcatServletWebServerFactory.getWebServer(TomcatServletWebServerFactory.java:166)
	at org.springframework.boot.web.server.servlet.context.ServletWebServerApplicationContext.createWebServer(ServletWebServerApplicationContext.java:190)
	at org.springframework.boot.web.server.servlet.context.ServletWebServerApplicationContext.onRefresh(ServletWebServerApplicationContext.java:164)
	at org.springframework.context.support.AbstractApplicationContext.refresh(AbstractApplicationContext.java:615)
	at org.springframework.boot.web.server.servlet.context.ServletWebServerApplicationContext.refresh(ServletWebServerApplicationContext.java:143)
	at org.springframework.boot.SpringApplication.refresh(SpringApplication.java:756)
	at org.springframework.boot.SpringApplication.refreshContext(SpringApplication.java:445)
	at org.springframework.boot.SpringApplication.run(SpringApplication.java:321)
	at org.springframework.boot.SpringApplication.run(SpringApplication.java:1365)
	at org.springframework.boot.SpringApplication.run(SpringApplication.java:1354)
	at com.sisco_e.escola.SiscoEApplication.main(SiscoEApplication.java:12)
	at java.base/jdk.internal.reflect.DirectMethodHandleAccessor.invoke(DirectMethodHandleAccessor.java:103)
	at java.base/java.lang.reflect.Method.invoke(Method.java:580)
	at org.springframework.boot.devtools.restart.RestartLauncher.run(RestartLauncher.java:52)
Caused by: org.postgresql.util.PSQLException: ERRO: relação "siscoescola.tb_contrato_net" não existe
	at org.postgresql.core.v3.QueryExecutorImpl.receiveErrorResponse(QueryExecutorImpl.java:2904)
	at org.postgresql.core.v3.QueryExecutorImpl.processResults(QueryExecutorImpl.java:2589)
	at org.postgresql.core.v3.QueryExecutorImpl.execute(QueryExecutorImpl.java:431)
	at org.postgresql.jdbc.PgStatement.executeInternal(PgStatement.java:534)
	at org.postgresql.jdbc.PgStatement.execute(PgStatement.java:437)
	at org.postgresql.jdbc.PgStatement.executeWithFlags(PgStatement.java:359)
	at org.postgresql.jdbc.PgStatement.executeCachedSql(PgStatement.java:344)
	at org.postgresql.jdbc.PgStatement.executeWithFlags(PgStatement.java:320)
	at org.postgresql.jdbc.PgStatement.execute(PgStatement.java:315)
	at com.zaxxer.hikari.pool.ProxyStatement.execute(ProxyStatement.java:95)
	at com.zaxxer.hikari.pool.HikariProxyStatement.execute(HikariProxyStatement.java)
	at org.hibernate.tool.schema.internal.exec.GenerationTargetToDatabase.accept(GenerationTargetToDatabase.java:76)
	... 129 common frames omitted
2026-10-09 13:27:14 [restartedMain] INFO  o.s.o.j.LocalContainerEntityManagerFactoryBean - Initialized JPA EntityManagerFactory for persistence unit 'default'
2026-10-09 13:27:14 [restartedMain] INFO  o.s.d.j.r.q.QueryEnhancerFactories - Hibernate is in classpath; If applicable, HQL parser will be used.
2026-10-09 13:27:15 [restartedMain] DEBUG c.s.e.s.JwtAuthenticationFilter - Filter 'jwtAuthenticationFilter' configured for use
2026-10-09 13:27:16 [restartedMain] INFO  o.s.s.c.a.a.c.InitializeAuthenticationProviderBeanManagerConfigurer$InitializeAuthenticationProviderManagerConfigurer - Global AuthenticationManager configured with AuthenticationProvider bean with name authenticationProvider
2026-10-09 13:27:16 [restartedMain] WARN  o.s.s.c.a.a.c.InitializeUserDetailsBeanManagerConfigurer$InitializeUserDetailsManagerConfigurer - Global AuthenticationManager configured with an AuthenticationProvider bean. UserDetailsService beans will not be used by Spring Security for automatically configuring username/password login. Consider removing the AuthenticationProvider bean. Alternatively, consider using the UserDetailsService in a manually instantiated DaoAuthenticationProvider. If the current configuration is intentional, to turn off this warning, increase the logging level of 'org.springframework.security.config.annotation.authentication.configuration.InitializeUserDetailsBeanManagerConfigurer' to ERROR
2026-10-09 13:27:16 [restartedMain] WARN  o.s.b.j.a.JpaBaseConfiguration$JpaWebConfiguration - spring.jpa.open-in-view is enabled by default. Therefore, database queries may be performed during view rendering. Explicitly configure spring.jpa.open-in-view to disable this warning
2026-10-09 13:27:17 [restartedMain] INFO  o.s.b.a.e.web.EndpointLinksResolver - Exposing 1 endpoint beneath base path '/actuator'
2026-10-09 13:27:17 [restartedMain] WARN  o.s.b.w.s.s.c.AnnotationConfigServletWebServerApplicationContext - Exception encountered during context initialization - cancelling refresh attempt: org.springframework.context.ApplicationContextException: Failed to start bean 'webServerStartStop'
2026-10-09 13:27:17 [restartedMain] INFO  o.s.o.j.LocalContainerEntityManagerFactoryBean - Closing JPA EntityManagerFactory for persistence unit 'default'
2026-10-09 13:27:17 [restartedMain] INFO  com.zaxxer.hikari.HikariDataSource - HikariPool-1 - Shutdown initiated...
2026-10-09 13:27:17 [restartedMain] INFO  com.zaxxer.hikari.HikariDataSource - HikariPool-1 - Shutdown completed.
2026-10-09 13:27:17 [restartedMain] INFO  o.s.b.a.l.ConditionEvaluationReportLogger - 

Error starting ApplicationContext. To display the condition evaluation report re-run your application with 'debug' enabled.
2026-10-09 13:27:17 [restartedMain] ERROR o.s.boot.SpringApplication - Application run failed
org.springframework.context.ApplicationContextException: Failed to start bean 'webServerStartStop'
	at org.springframework.context.support.DefaultLifecycleProcessor.doStart(DefaultLifecycleProcessor.java:423)
	at org.springframework.context.support.DefaultLifecycleProcessor.doStart(DefaultLifecycleProcessor.java:409)
	at org.springframework.context.support.DefaultLifecycleProcessor$LifecycleGroup.start(DefaultLifecycleProcessor.java:613)
	at java.base/java.lang.Iterable.forEach(Iterable.java:75)
	at org.springframework.context.support.DefaultLifecycleProcessor.startBeans(DefaultLifecycleProcessor.java:379)
	at org.springframework.context.support.DefaultLifecycleProcessor.onRefresh(DefaultLifecycleProcessor.java:306)
	at org.springframework.context.support.AbstractApplicationContext.finishRefresh(AbstractApplicationContext.java:1013)
	at org.springframework.context.support.AbstractApplicationContext.refresh(AbstractApplicationContext.java:624)
	at org.springframework.boot.web.server.servlet.context.ServletWebServerApplicationContext.refresh(ServletWebServerApplicationContext.java:143)
	at org.springframework.boot.SpringApplication.refresh(SpringApplication.java:756)
	at org.springframework.boot.SpringApplication.refreshContext(SpringApplication.java:445)
	at org.springframework.boot.SpringApplication.run(SpringApplication.java:321)
	at org.springframework.boot.SpringApplication.run(SpringApplication.java:1365)
	at org.springframework.boot.SpringApplication.run(SpringApplication.java:1354)
	at com.sisco_e.escola.SiscoEApplication.main(SiscoEApplication.java:12)
	at java.base/jdk.internal.reflect.DirectMethodHandleAccessor.invoke(DirectMethodHandleAccessor.java:103)
	at java.base/java.lang.reflect.Method.invoke(Method.java:580)
	at org.springframework.boot.devtools.restart.RestartLauncher.run(RestartLauncher.java:52)
Caused by: org.springframework.boot.web.server.WebServerException: Unable to start embedded Tomcat server
	at org.springframework.boot.tomcat.TomcatWebServer.start(TomcatWebServer.java:248)
	at org.springframework.boot.web.server.servlet.context.WebServerStartStopLifecycle.start(WebServerStartStopLifecycle.java:44)
	at org.springframework.context.support.DefaultLifecycleProcessor.doStart(DefaultLifecycleProcessor.java:420)
	... 17 common frames omitted
Caused by: java.lang.IllegalArgumentException: standardService.connector.startFailed
	at org.apache.catalina.core.StandardService.addConnector(StandardService.java:220)
	at org.springframework.boot.tomcat.TomcatWebServer.addPreviouslyRemovedConnectors(TomcatWebServer.java:307)
	at org.springframework.boot.tomcat.TomcatWebServer.start(TomcatWebServer.java:233)
	... 19 common frames omitted
Caused by: org.apache.catalina.LifecycleException: Protocol handler start failed
	at org.apache.catalina.connector.Connector.startInternal(Connector.java:1119)
	at org.apache.catalina.util.LifecycleBase.start(LifecycleBase.java:164)
	at org.apache.catalina.core.StandardService.addConnector(StandardService.java:217)
	... 21 common frames omitted
Caused by: java.net.BindException: Endereço já em uso
	at java.base/sun.nio.ch.Net.bind0(Native Method)
	at java.base/sun.nio.ch.Net.bind(Net.java:577)
	at java.base/sun.nio.ch.ServerSocketChannelImpl.netBind(ServerSocketChannelImpl.java:344)
	at java.base/sun.nio.ch.ServerSocketChannelImpl.bind(ServerSocketChannelImpl.java:301)
	at org.apache.tomcat.util.net.NioEndpoint.initServerSocket(NioEndpoint.java:265)
	at org.apache.tomcat.util.net.NioEndpoint.bind(NioEndpoint.java:220)
	at org.apache.tomcat.util.net.AbstractEndpoint.bindWithCleanup(AbstractEndpoint.java:1642)
	at org.apache.tomcat.util.net.AbstractEndpoint.start(AbstractEndpoint.java:1725)
	at org.apache.coyote.AbstractProtocol.start(AbstractProtocol.java:948)
	at org.apache.catalina.connector.Connector.startInternal(Connector.java:1116)
	... 23 common frames omitted
2026-10-09 14:24:28 [File Watcher] INFO  o.s.b.d.a.LocalDevToolsAutoConfiguration$RestartingClassPathChangeChangedEventListener - Restarting due to 3 class path changes (0 additions, 0 deletions, 3 modifications)
2026-10-09 14:24:28 [Thread-93] INFO  o.s.boot.tomcat.GracefulShutdown - Commencing graceful shutdown. Waiting for active requests to complete
2026-10-09 14:24:28 [tomcat-shutdown] INFO  o.s.boot.tomcat.GracefulShutdown - Graceful shutdown complete
2026-10-09 14:24:28 [Thread-93] INFO  o.s.o.j.LocalContainerEntityManagerFactoryBean - Closing JPA EntityManagerFactory for persistence unit 'default'
2026-10-09 14:24:28 [Thread-93] INFO  com.zaxxer.hikari.HikariDataSource - HikariPool-23 - Shutdown initiated...
2026-10-09 14:24:28 [Thread-93] INFO  com.zaxxer.hikari.HikariDataSource - HikariPool-23 - Shutdown completed.
2026-10-09 14:24:29 [restartedMain] INFO  c.sisco_e.escola.SiscoEApplication - Starting SiscoEApplication using Java 21.0.12.1 with PID 272194 (/home/cleber/desv/2-doing/sisco-project/sisco-e/target/classes started by cleber in /home/cleber/desv/2-doing/sisco-project/sisco-e)
2026-10-09 14:24:29 [restartedMain] DEBUG c.sisco_e.escola.SiscoEApplication - Running with Spring Boot v4.0.7, Spring v7.0.8
2026-10-09 14:24:29 [restartedMain] INFO  c.sisco_e.escola.SiscoEApplication - No active profile set, falling back to 1 default profile: "default"
2026-10-09 14:24:29 [restartedMain] INFO  o.s.d.r.c.RepositoryConfigurationDelegate - Multiple Spring Data modules found, entering strict repository configuration mode
2026-10-09 14:24:29 [restartedMain] INFO  o.s.d.r.c.RepositoryConfigurationDelegate - Bootstrapping Spring Data Redis repositories in DEFAULT mode.
2026-10-09 14:24:29 [restartedMain] INFO  o.s.d.r.c.RepositoryConfigurationExtensionSupport - Spring Data Redis - Could not safely identify store assignment for repository candidate interface com.sisco_e.escola.model.repository.ContratoInternetRepository; If you want this repository to be a Redis repository, consider annotating your entities with one of these annotations: org.springframework.data.redis.core.RedisHash (preferred), or consider extending one of the following types with your repository: org.springframework.data.keyvalue.repository.KeyValueRepository
2026-10-09 14:24:29 [restartedMain] INFO  o.s.d.r.c.RepositoryConfigurationExtensionSupport - Spring Data Redis - Could not safely identify store assignment for repository candidate interface com.sisco_e.escola.model.repository.DiretorRepository; If you want this repository to be a Redis repository, consider annotating your entities with one of these annotations: org.springframework.data.redis.core.RedisHash (preferred), or consider extending one of the following types with your repository: org.springframework.data.keyvalue.repository.KeyValueRepository
2026-10-09 14:24:29 [restartedMain] INFO  o.s.d.r.c.RepositoryConfigurationExtensionSupport - Spring Data Redis - Could not safely identify store assignment for repository candidate interface com.sisco_e.escola.model.repository.EscolaRepository; If you want this repository to be a Redis repository, consider annotating your entities with one of these annotations: org.springframework.data.redis.core.RedisHash (preferred), or consider extending one of the following types with your repository: org.springframework.data.keyvalue.repository.KeyValueRepository
2026-10-09 14:24:29 [restartedMain] INFO  o.s.d.r.c.RepositoryConfigurationExtensionSupport - Spring Data Redis - Could not safely identify store assignment for repository candidate interface com.sisco_e.escola.model.repository.LinkInternetRepository; If you want this repository to be a Redis repository, consider annotating your entities with one of these annotations: org.springframework.data.redis.core.RedisHash (preferred), or consider extending one of the following types with your repository: org.springframework.data.keyvalue.repository.KeyValueRepository
2026-10-09 14:24:29 [restartedMain] INFO  o.s.d.r.c.RepositoryConfigurationExtensionSupport - Spring Data Redis - Could not safely identify store assignment for repository candidate interface com.sisco_e.escola.model.repository.ProvedorInternetRepository; If you want this repository to be a Redis repository, consider annotating your entities with one of these annotations: org.springframework.data.redis.core.RedisHash (preferred), or consider extending one of the following types with your repository: org.springframework.data.keyvalue.repository.KeyValueRepository
2026-10-09 14:24:29 [restartedMain] INFO  o.s.d.r.c.RepositoryConfigurationExtensionSupport - Spring Data Redis - Could not safely identify store assignment for repository candidate interface com.sisco_e.escola.model.repository.UsuarioRepository; If you want this repository to be a Redis repository, consider annotating your entities with one of these annotations: org.springframework.data.redis.core.RedisHash (preferred), or consider extending one of the following types with your repository: org.springframework.data.keyvalue.repository.KeyValueRepository
2026-10-09 14:24:29 [restartedMain] INFO  o.s.d.r.c.RepositoryConfigurationDelegate - Finished Spring Data repository scanning in 21 ms. Found 1 Redis repository interface.
2026-10-09 14:24:29 [restartedMain] INFO  o.s.d.r.c.RepositoryConfigurationDelegate - Multiple Spring Data modules found, entering strict repository configuration mode
2026-10-09 14:24:29 [restartedMain] INFO  o.s.d.r.c.RepositoryConfigurationDelegate - Bootstrapping Spring Data JPA repositories in DEFAULT mode.
2026-10-09 14:24:29 [restartedMain] INFO  o.s.d.r.c.RepositoryConfigurationExtensionSupport - Spring Data JPA - Could not safely identify store assignment for repository candidate interface com.sisco_e.escola.model.repository.RefreshTokenRepository; If you want this repository to be a JPA repository, consider annotating your entities with one of these annotations: jakarta.persistence.Entity, jakarta.persistence.MappedSuperclass (preferred), or consider extending one of the following types with your repository: org.springframework.data.jpa.repository.JpaRepository
2026-10-09 14:24:29 [restartedMain] INFO  o.s.d.r.c.RepositoryConfigurationDelegate - Finished Spring Data repository scanning in 21 ms. Found 6 JPA repository interfaces.
2026-10-09 14:24:30 [restartedMain] INFO  o.s.boot.tomcat.TomcatWebServer - Tomcat initialized with port 8080 (http)
2026-10-09 14:24:30 [restartedMain] INFO  o.a.catalina.core.StandardService - Starting service [Tomcat]
2026-10-09 14:24:30 [restartedMain] INFO  o.a.catalina.core.StandardEngine - Starting Servlet engine: [Apache Tomcat/11.0.22]
2026-10-09 14:24:30 [restartedMain] INFO  o.s.b.w.c.s.WebApplicationContextInitializer - Root WebApplicationContext: initialization completed in 1202 ms
2026-10-09 14:24:30 [restartedMain] INFO  org.hibernate.orm.jpa - HHH008540: Processing PersistenceUnitInfo [name: default]
2026-10-09 14:24:30 [restartedMain] INFO  o.h.e.b.internal.EnversServiceImpl - Envers integration enabled? : true
2026-10-09 14:24:30 [restartedMain] INFO  o.s.o.j.p.SpringPersistenceUnitInfo - No LoadTimeWeaver setup: ignoring JPA class transformer
2026-10-09 14:24:30 [restartedMain] INFO  com.zaxxer.hikari.HikariDataSource - HikariPool-24 - Starting...
2026-10-09 14:24:30 [restartedMain] INFO  com.zaxxer.hikari.pool.HikariPool - HikariPool-24 - Added connection org.postgresql.jdbc.PgConnection@6dc78ef4
2026-10-09 14:24:30 [restartedMain] INFO  com.zaxxer.hikari.HikariDataSource - HikariPool-24 - Start completed.
2026-10-09 14:24:30 [restartedMain] INFO  o.hibernate.orm.connections.pooling - HHH10001005: Database info:
	Database JDBC URL [jdbc:postgresql://localhost:5432/sisco]
	Database driver: PostgreSQL JDBC Driver
	Database dialect: PostgreSQLDialect
	Database version: 18.6
	Default catalog/schema: sisco/public
	Autocommit mode: undefined/unknown
	Isolation level: READ_COMMITTED [default READ_COMMITTED]
	JDBC fetch size: none
	Pool: DataSourceConnectionProvider
	Minimum pool size: undefined/unknown
	Maximum pool size: undefined/unknown
2026-10-09 14:24:30 [restartedMain] INFO  o.h.e.c.i.m.AuditMetadataGenerator - Adding properties for entity: com.sisco_e.escola.model.entity.Escola
2026-10-09 14:24:30 [restartedMain] INFO  o.h.e.c.i.m.AuditMetadataGenerator - Adding properties for entity: com.sisco_e.escola.model.entity.Diretor
2026-10-09 14:24:30 [restartedMain] INFO  o.h.e.c.i.m.AuditMetadataGenerator - Adding properties for entity: com.sisco_e.escola.model.entity.Usuario
2026-10-09 14:24:30 [restartedMain] INFO  org.hibernate.orm.core - HHH000489: No JTA platform available (set 'hibernate.transaction.jta.platform' to enable JTA platform integration)
2026-10-09 14:24:31 [restartedMain] ERROR o.s.o.j.LocalContainerEntityManagerFactoryBean - Failed to initialize JPA EntityManagerFactory: Unable to build Hibernate SessionFactory  [persistence unit: default] ; nested exception is org.hibernate.tool.schema.spi.SchemaManagementException: Schema validation: missing table [siscoescola.tb_contrato_net]
2026-10-09 14:24:31 [restartedMain] ERROR o.s.b.t.s.DeferredServletContainerInitializers - Error starting Tomcat context. Exception: org.springframework.beans.factory.UnsatisfiedDependencyException. Message: Error creating bean with name 'jwtAuthenticationFilter' defined in file [/home/cleber/desv/2-doing/sisco-project/sisco-e/target/classes/com/sisco_e/escola/security/JwtAuthenticationFilter.class]: Unsatisfied dependency expressed through constructor parameter 1: Error creating bean with name 'usuarioDetailsService' defined in file [/home/cleber/desv/2-doing/sisco-project/sisco-e/target/classes/com/sisco_e/escola/config/UsuarioDetailsService.class]: Unsatisfied dependency expressed through constructor parameter 0: Error creating bean with name 'usuarioRepository' defined in com.sisco_e.escola.model.repository.UsuarioRepository defined in @EnableJpaRepositories declared on DataJpaRepositoriesRegistrar.EnableJpaRepositoriesConfiguration: Cannot resolve reference to bean 'jpaSharedEM_entityManagerFactory' while setting bean property 'entityManager'
2026-10-09 14:24:31 [restartedMain] INFO  o.a.catalina.core.StandardService - Stopping service [Tomcat]
2026-10-09 14:24:31 [restartedMain] WARN  o.a.c.loader.WebappClassLoaderBase - The web application [ROOT] appears to have started a thread named [HikariPool-24:housekeeper] but has failed to stop it. This is very likely to create a memory leak. Stack trace of thread:
 java.base/jdk.internal.misc.Unsafe.park(Native Method)
 java.base/java.util.concurrent.locks.LockSupport.parkNanos(LockSupport.java:269)
 java.base/java.util.concurrent.locks.AbstractQueuedSynchronizer$ConditionObject.awaitNanos(AbstractQueuedSynchronizer.java:1797)
 java.base/java.util.concurrent.ScheduledThreadPoolExecutor$DelayedWorkQueue.take(ScheduledThreadPoolExecutor.java:1182)
 java.base/java.util.concurrent.ScheduledThreadPoolExecutor$DelayedWorkQueue.take(ScheduledThreadPoolExecutor.java:899)
 java.base/java.util.concurrent.ThreadPoolExecutor.getTask(ThreadPoolExecutor.java:1070)
 java.base/java.util.concurrent.ThreadPoolExecutor.runWorker(ThreadPoolExecutor.java:1130)
 java.base/java.util.concurrent.ThreadPoolExecutor$Worker.run(ThreadPoolExecutor.java:642)
 java.base/java.lang.Thread.run(Thread.java:1583)
2026-10-09 14:24:31 [restartedMain] WARN  o.a.c.loader.WebappClassLoaderBase - The web application [ROOT] appears to have started a thread named [HikariPool-24:connection-adder] but has failed to stop it. This is very likely to create a memory leak. Stack trace of thread:
 java.base/sun.security.provider.SHA2.implCompress0(SHA2.java:193)
 java.base/sun.security.provider.SHA2.implCompress(SHA2.java:135)
 java.base/sun.security.provider.SHA2.implDigest(SHA2.java:114)
 java.base/sun.security.provider.DigestBase.engineDigest(DigestBase.java:205)
 java.base/java.security.MessageDigest$Delegate.engineDigest(MessageDigest.java:697)
 java.base/java.security.MessageDigest.digest(MessageDigest.java:432)
 java.base/com.sun.crypto.provider.HmacCore.engineDoFinal(HmacCore.java:240)
 java.base/javax.crypto.Mac.doFinal(Mac.java:581)
 java.base/javax.crypto.Mac.doFinal(Mac.java:624)
 java.base/com.sun.crypto.provider.PBKDF2KeyImpl.deriveKey(PBKDF2KeyImpl.java:200)
 java.base/com.sun.crypto.provider.PBKDF2KeyImpl.<init>(PBKDF2KeyImpl.java:114)
 java.base/com.sun.crypto.provider.PBKDF2Core.engineGenerateSecret(PBKDF2Core.java:68)
 java.base/javax.crypto.SecretKeyFactory.generateSecret(SecretKeyFactory.java:339)
 org.postgresql.shaded.com.ongres.scram.common.CryptoUtil.hi(CryptoUtil.java:70)
 org.postgresql.shaded.com.ongres.scram.common.ScramMechanism.saltedPassword(ScramMechanism.java:226)
 org.postgresql.shaded.com.ongres.scram.common.ScramFunctions.saltedPassword(ScramFunctions.java:46)
 org.postgresql.shaded.com.ongres.scram.client.ClientFinalProcessor.<init>(ClientFinalProcessor.java:72)
 org.postgresql.shaded.com.ongres.scram.client.ServerFirstProcessor.clientFinalProcessor(ServerFirstProcessor.java:59)
 org.postgresql.shaded.com.ongres.scram.client.ScramClient.clientFinalMessage(ScramClient.java:185)
 org.postgresql.core.v3.ScramAuthenticator.handleAuthenticationSASLContinue(ScramAuthenticator.java:173)
 org.postgresql.core.v3.ConnectionFactoryImpl.doAuthentication(ConnectionFactoryImpl.java:1025)
 org.postgresql.core.v3.ConnectionFactoryImpl.tryConnect(ConnectionFactoryImpl.java:307)
 org.postgresql.core.v3.ConnectionFactoryImpl.openConnectionImpl(ConnectionFactoryImpl.java:365)
 org.postgresql.core.ConnectionFactory.openConnection(ConnectionFactory.java:52)
 org.postgresql.jdbc.PgConnection.<init>(PgConnection.java:290)
 org.postgresql.Driver.makeConnection(Driver.java:448)
 org.postgresql.Driver.connect(Driver.java:298)
 com.zaxxer.hikari.util.DriverDataSource.getConnection(DriverDataSource.java:144)
 com.zaxxer.hikari.pool.PoolBase.newConnection(PoolBase.java:373)
 com.zaxxer.hikari.pool.PoolBase.newPoolEntry(PoolBase.java:210)
 com.zaxxer.hikari.pool.HikariPool.createPoolEntry(HikariPool.java:488)
 com.zaxxer.hikari.pool.HikariPool$PoolEntryCreator.call(HikariPool.java:752)
 com.zaxxer.hikari.pool.HikariPool$PoolEntryCreator.call(HikariPool.java:731)
 java.base/java.util.concurrent.FutureTask.run(FutureTask.java:317)
 java.base/java.util.concurrent.ThreadPoolExecutor.runWorker(ThreadPoolExecutor.java:1144)
 java.base/java.util.concurrent.ThreadPoolExecutor$Worker.run(ThreadPoolExecutor.java:642)
 java.base/java.lang.Thread.run(Thread.java:1583)
2026-10-09 14:24:31 [restartedMain] WARN  o.s.b.w.s.s.c.AnnotationConfigServletWebServerApplicationContext - Exception encountered during context initialization - cancelling refresh attempt: org.springframework.context.ApplicationContextException: Unable to start web server
2026-10-09 14:24:31 [restartedMain] INFO  com.zaxxer.hikari.HikariDataSource - HikariPool-24 - Shutdown initiated...
2026-10-09 14:24:31 [restartedMain] INFO  com.zaxxer.hikari.HikariDataSource - HikariPool-24 - Shutdown completed.
2026-10-09 14:24:31 [restartedMain] INFO  o.s.b.a.l.ConditionEvaluationReportLogger - 

Error starting ApplicationContext. To display the condition evaluation report re-run your application with 'debug' enabled.
2026-10-09 14:24:31 [restartedMain] ERROR o.s.boot.SpringApplication - Application run failed
org.springframework.context.ApplicationContextException: Unable to start web server
	at org.springframework.boot.web.server.servlet.context.ServletWebServerApplicationContext.onRefresh(ServletWebServerApplicationContext.java:167) ~[spring-boot-web-server-4.0.7.jar:4.0.7]
	at org.springframework.context.support.AbstractApplicationContext.refresh(AbstractApplicationContext.java:615) ~[spring-context-7.0.8.jar:7.0.8]
	at org.springframework.boot.web.server.servlet.context.ServletWebServerApplicationContext.refresh(ServletWebServerApplicationContext.java:143) ~[spring-boot-web-server-4.0.7.jar:4.0.7]
	at org.springframework.boot.SpringApplication.refresh(SpringApplication.java:756) ~[spring-boot-4.0.7.jar:4.0.7]
	at org.springframework.boot.SpringApplication.refreshContext(SpringApplication.java:445) ~[spring-boot-4.0.7.jar:4.0.7]
	at org.springframework.boot.SpringApplication.run(SpringApplication.java:321) ~[spring-boot-4.0.7.jar:4.0.7]
	at org.springframework.boot.SpringApplication.run(SpringApplication.java:1365) ~[spring-boot-4.0.7.jar:4.0.7]
	at org.springframework.boot.SpringApplication.run(SpringApplication.java:1354) ~[spring-boot-4.0.7.jar:4.0.7]
	at com.sisco_e.escola.SiscoEApplication.main(SiscoEApplication.java:12) ~[classes/:na]
	at java.base/jdk.internal.reflect.DirectMethodHandleAccessor.invoke(DirectMethodHandleAccessor.java:103) ~[na:na]
	at java.base/java.lang.reflect.Method.invoke(Method.java:580) ~[na:na]
	at org.springframework.boot.devtools.restart.RestartLauncher.run(RestartLauncher.java:52) ~[spring-boot-devtools-4.0.7.jar:4.0.7]
Caused by: org.springframework.boot.web.server.WebServerException: Unable to start embedded Tomcat
	at org.springframework.boot.tomcat.TomcatWebServer.initialize(TomcatWebServer.java:150) ~[spring-boot-tomcat-4.0.7.jar:4.0.7]
	at org.springframework.boot.tomcat.TomcatWebServer.<init>(TomcatWebServer.java:110) ~[spring-boot-tomcat-4.0.7.jar:4.0.7]
	at org.springframework.boot.tomcat.servlet.TomcatServletWebServerFactory.getTomcatWebServer(TomcatServletWebServerFactory.java:408) ~[spring-boot-tomcat-4.0.7.jar:4.0.7]
	at org.springframework.boot.tomcat.servlet.TomcatServletWebServerFactory.getWebServer(TomcatServletWebServerFactory.java:166) ~[spring-boot-tomcat-4.0.7.jar:4.0.7]
	at org.springframework.boot.web.server.servlet.context.ServletWebServerApplicationContext.createWebServer(ServletWebServerApplicationContext.java:190) ~[spring-boot-web-server-4.0.7.jar:4.0.7]
	at org.springframework.boot.web.server.servlet.context.ServletWebServerApplicationContext.onRefresh(ServletWebServerApplicationContext.java:164) ~[spring-boot-web-server-4.0.7.jar:4.0.7]
	... 11 common frames omitted
Caused by: org.springframework.beans.factory.UnsatisfiedDependencyException: Error creating bean with name 'jwtAuthenticationFilter' defined in file [/home/cleber/desv/2-doing/sisco-project/sisco-e/target/classes/com/sisco_e/escola/security/JwtAuthenticationFilter.class]: Unsatisfied dependency expressed through constructor parameter 1: Error creating bean with name 'usuarioDetailsService' defined in file [/home/cleber/desv/2-doing/sisco-project/sisco-e/target/classes/com/sisco_e/escola/config/UsuarioDetailsService.class]: Unsatisfied dependency expressed through constructor parameter 0: Error creating bean with name 'usuarioRepository' defined in com.sisco_e.escola.model.repository.UsuarioRepository defined in @EnableJpaRepositories declared on DataJpaRepositoriesRegistrar.EnableJpaRepositoriesConfiguration: Cannot resolve reference to bean 'jpaSharedEM_entityManagerFactory' while setting bean property 'entityManager'
	at org.springframework.beans.factory.support.ConstructorResolver.createArgumentArray(ConstructorResolver.java:804) ~[spring-beans-7.0.8.jar:7.0.8]
	at org.springframework.beans.factory.support.ConstructorResolver.autowireConstructor(ConstructorResolver.java:240) ~[spring-beans-7.0.8.jar:7.0.8]
	at org.springframework.beans.factory.support.AbstractAutowireCapableBeanFactory.autowireConstructor(AbstractAutowireCapableBeanFactory.java:1380) ~[spring-beans-7.0.8.jar:7.0.8]
	at org.springframework.beans.factory.support.AbstractAutowireCapableBeanFactory.createBeanInstance(AbstractAutowireCapableBeanFactory.java:1219) ~[spring-beans-7.0.8.jar:7.0.8]
	at org.springframework.beans.factory.support.AbstractAutowireCapableBeanFactory.doCreateBean(AbstractAutowireCapableBeanFactory.java:565) ~[spring-beans-7.0.8.jar:7.0.8]
	at org.springframework.beans.factory.support.AbstractAutowireCapableBeanFactory.createBean(AbstractAutowireCapableBeanFactory.java:525) ~[spring-beans-7.0.8.jar:7.0.8]
	at org.springframework.beans.factory.support.AbstractBeanFactory.lambda$doGetBean$0(AbstractBeanFactory.java:333) ~[spring-beans-7.0.8.jar:7.0.8]
	at org.springframework.beans.factory.support.DefaultSingletonBeanRegistry.getSingleton(DefaultSingletonBeanRegistry.java:371) ~[spring-beans-7.0.8.jar:7.0.8]
	at org.springframework.beans.factory.support.AbstractBeanFactory.doGetBean(AbstractBeanFactory.java:331) ~[spring-beans-7.0.8.jar:7.0.8]
	at org.springframework.beans.factory.support.AbstractBeanFactory.getBean(AbstractBeanFactory.java:201) ~[spring-beans-7.0.8.jar:7.0.8]
	at org.springframework.boot.web.servlet.ServletContextInitializerBeans.getOrderedBeansOfType(ServletContextInitializerBeans.java:231) ~[spring-boot-4.0.7.jar:4.0.7]
	at org.springframework.boot.web.servlet.ServletContextInitializerBeans.addAsRegistrationBean(ServletContextInitializerBeans.java:185) ~[spring-boot-4.0.7.jar:4.0.7]
	at org.springframework.boot.web.servlet.ServletContextInitializerBeans.addAsRegistrationBean(ServletContextInitializerBeans.java:180) ~[spring-boot-4.0.7.jar:4.0.7]
	at org.springframework.boot.web.servlet.ServletContextInitializerBeans.addAdaptableBeans(ServletContextInitializerBeans.java:165) ~[spring-boot-4.0.7.jar:4.0.7]
	at org.springframework.boot.web.servlet.ServletContextInitializerBeans.<init>(ServletContextInitializerBeans.java:97) ~[spring-boot-4.0.7.jar:4.0.7]
	at org.springframework.boot.web.context.servlet.WebApplicationContextInitializer.initialize(WebApplicationContextInitializer.java:53) ~[spring-boot-4.0.7.jar:4.0.7]
	at org.springframework.boot.tomcat.servlet.DeferredServletContainerInitializers.onStartup(DeferredServletContainerInitializers.java:55) ~[spring-boot-tomcat-4.0.7.jar:4.0.7]
	at org.apache.catalina.core.StandardContext.startInternal(StandardContext.java:4420) ~[tomcat-embed-core-11.0.22.jar:11.0.22]
	at org.apache.catalina.util.LifecycleBase.start(LifecycleBase.java:164) ~[tomcat-embed-core-11.0.22.jar:11.0.22]
	at org.apache.catalina.core.ContainerBase$StartChild.call(ContainerBase.java:1162) ~[tomcat-embed-core-11.0.22.jar:11.0.22]
	at org.apache.catalina.core.ContainerBase$StartChild.call(ContainerBase.java:1158) ~[tomcat-embed-core-11.0.22.jar:11.0.22]
	at java.base/java.util.concurrent.FutureTask.run(FutureTask.java:317) ~[na:na]
	at org.apache.tomcat.util.threads.InlineExecutorService.execute(InlineExecutorService.java:81) ~[tomcat-embed-core-11.0.22.jar:11.0.22]
	at java.base/java.util.concurrent.AbstractExecutorService.submit(AbstractExecutorService.java:145) ~[na:na]
	at org.apache.catalina.core.ContainerBase.startInternal(ContainerBase.java:714) ~[tomcat-embed-core-11.0.22.jar:11.0.22]
	at org.apache.catalina.core.StandardHost.startInternal(StandardHost.java:780) ~[tomcat-embed-core-11.0.22.jar:11.0.22]
	at org.apache.catalina.util.LifecycleBase.start(LifecycleBase.java:164) ~[tomcat-embed-core-11.0.22.jar:11.0.22]
	at org.apache.catalina.core.ContainerBase$StartChild.call(ContainerBase.java:1162) ~[tomcat-embed-core-11.0.22.jar:11.0.22]
	at org.apache.catalina.core.ContainerBase$StartChild.call(ContainerBase.java:1158) ~[tomcat-embed-core-11.0.22.jar:11.0.22]
	at java.base/java.util.concurrent.FutureTask.run(FutureTask.java:317) ~[na:na]
	at org.apache.tomcat.util.threads.InlineExecutorService.execute(InlineExecutorService.java:81) ~[tomcat-embed-core-11.0.22.jar:11.0.22]
	at java.base/java.util.concurrent.AbstractExecutorService.submit(AbstractExecutorService.java:145) ~[na:na]
	at org.apache.catalina.core.ContainerBase.startInternal(ContainerBase.java:714) ~[tomcat-embed-core-11.0.22.jar:11.0.22]
	at org.apache.catalina.core.StandardEngine.startInternal(StandardEngine.java:201) ~[tomcat-embed-core-11.0.22.jar:11.0.22]
	at org.apache.catalina.util.LifecycleBase.start(LifecycleBase.java:164) ~[tomcat-embed-core-11.0.22.jar:11.0.22]
	at org.apache.catalina.core.StandardService.startInternal(StandardService.java:410) ~[tomcat-embed-core-11.0.22.jar:11.0.22]
	at org.apache.catalina.util.LifecycleBase.start(LifecycleBase.java:164) ~[tomcat-embed-core-11.0.22.jar:11.0.22]
	at org.apache.catalina.core.StandardServer.startInternal(StandardServer.java:864) ~[tomcat-embed-core-11.0.22.jar:11.0.22]
	at org.apache.catalina.util.LifecycleBase.start(LifecycleBase.java:164) ~[tomcat-embed-core-11.0.22.jar:11.0.22]
	at org.apache.catalina.startup.Tomcat.start(Tomcat.java:435) ~[tomcat-embed-core-11.0.22.jar:11.0.22]
	at org.springframework.boot.tomcat.TomcatWebServer.initialize(TomcatWebServer.java:131) ~[spring-boot-tomcat-4.0.7.jar:4.0.7]
	... 16 common frames omitted
Caused by: org.springframework.beans.factory.UnsatisfiedDependencyException: Error creating bean with name 'usuarioDetailsService' defined in file [/home/cleber/desv/2-doing/sisco-project/sisco-e/target/classes/com/sisco_e/escola/config/UsuarioDetailsService.class]: Unsatisfied dependency expressed through constructor parameter 0: Error creating bean with name 'usuarioRepository' defined in com.sisco_e.escola.model.repository.UsuarioRepository defined in @EnableJpaRepositories declared on DataJpaRepositoriesRegistrar.EnableJpaRepositoriesConfiguration: Cannot resolve reference to bean 'jpaSharedEM_entityManagerFactory' while setting bean property 'entityManager'
	at org.springframework.beans.factory.support.ConstructorResolver.createArgumentArray(ConstructorResolver.java:804) ~[spring-beans-7.0.8.jar:7.0.8]
	at org.springframework.beans.factory.support.ConstructorResolver.autowireConstructor(ConstructorResolver.java:240) ~[spring-beans-7.0.8.jar:7.0.8]
	at org.springframework.beans.factory.support.AbstractAutowireCapableBeanFactory.autowireConstructor(AbstractAutowireCapableBeanFactory.java:1380) ~[spring-beans-7.0.8.jar:7.0.8]
	at org.springframework.beans.factory.support.AbstractAutowireCapableBeanFactory.createBeanInstance(AbstractAutowireCapableBeanFactory.java:1219) ~[spring-beans-7.0.8.jar:7.0.8]
	at org.springframework.beans.factory.support.AbstractAutowireCapableBeanFactory.doCreateBean(AbstractAutowireCapableBeanFactory.java:565) ~[spring-beans-7.0.8.jar:7.0.8]
	at org.springframework.beans.factory.support.AbstractAutowireCapableBeanFactory.createBean(AbstractAutowireCapableBeanFactory.java:525) ~[spring-beans-7.0.8.jar:7.0.8]
	at org.springframework.beans.factory.support.AbstractBeanFactory.lambda$doGetBean$0(AbstractBeanFactory.java:333) ~[spring-beans-7.0.8.jar:7.0.8]
	at org.springframework.beans.factory.support.DefaultSingletonBeanRegistry.getSingleton(DefaultSingletonBeanRegistry.java:371) ~[spring-beans-7.0.8.jar:7.0.8]
	at org.springframework.beans.factory.support.AbstractBeanFactory.doGetBean(AbstractBeanFactory.java:331) ~[spring-beans-7.0.8.jar:7.0.8]
	at org.springframework.beans.factory.support.AbstractBeanFactory.getBean(AbstractBeanFactory.java:201) ~[spring-beans-7.0.8.jar:7.0.8]
	at org.springframework.beans.factory.config.DependencyDescriptor.resolveCandidate(DependencyDescriptor.java:229) ~[spring-beans-7.0.8.jar:7.0.8]
	at org.springframework.beans.factory.support.DefaultListableBeanFactory.doResolveDependency(DefaultListableBeanFactory.java:1769) ~[spring-beans-7.0.8.jar:7.0.8]
	at org.springframework.beans.factory.support.DefaultListableBeanFactory.resolveDependency(DefaultListableBeanFactory.java:1658) ~[spring-beans-7.0.8.jar:7.0.8]
	at org.springframework.beans.factory.support.ConstructorResolver.resolveAutowiredArgument(ConstructorResolver.java:912) ~[spring-beans-7.0.8.jar:7.0.8]
	at org.springframework.beans.factory.support.ConstructorResolver.createArgumentArray(ConstructorResolver.java:791) ~[spring-beans-7.0.8.jar:7.0.8]
	... 56 common frames omitted
Caused by: org.springframework.beans.factory.BeanCreationException: Error creating bean with name 'usuarioRepository' defined in com.sisco_e.escola.model.repository.UsuarioRepository defined in @EnableJpaRepositories declared on DataJpaRepositoriesRegistrar.EnableJpaRepositoriesConfiguration: Cannot resolve reference to bean 'jpaSharedEM_entityManagerFactory' while setting bean property 'entityManager'
	at org.springframework.beans.factory.support.BeanDefinitionValueResolver.resolveReference(BeanDefinitionValueResolver.java:377) ~[spring-beans-7.0.8.jar:7.0.8]
	at org.springframework.beans.factory.support.BeanDefinitionValueResolver.resolveValueIfNecessary(BeanDefinitionValueResolver.java:135) ~[spring-beans-7.0.8.jar:7.0.8]
	at org.springframework.beans.factory.support.AbstractAutowireCapableBeanFactory.applyPropertyValues(AbstractAutowireCapableBeanFactory.java:1710) ~[spring-beans-7.0.8.jar:7.0.8]
	at org.springframework.beans.factory.support.AbstractAutowireCapableBeanFactory.populateBean(AbstractAutowireCapableBeanFactory.java:1459) ~[spring-beans-7.0.8.jar:7.0.8]
	at org.springframework.beans.factory.support.AbstractAutowireCapableBeanFactory.doCreateBean(AbstractAutowireCapableBeanFactory.java:602) ~[spring-beans-7.0.8.jar:7.0.8]
	at org.springframework.beans.factory.support.AbstractAutowireCapableBeanFactory.createBean(AbstractAutowireCapableBeanFactory.java:525) ~[spring-beans-7.0.8.jar:7.0.8]
	at org.springframework.beans.factory.support.AbstractBeanFactory.lambda$doGetBean$0(AbstractBeanFactory.java:333) ~[spring-beans-7.0.8.jar:7.0.8]
	at org.springframework.beans.factory.support.DefaultSingletonBeanRegistry.getSingleton(DefaultSingletonBeanRegistry.java:371) ~[spring-beans-7.0.8.jar:7.0.8]
	at org.springframework.beans.factory.support.AbstractBeanFactory.doGetBean(AbstractBeanFactory.java:331) ~[spring-beans-7.0.8.jar:7.0.8]
	at org.springframework.beans.factory.support.AbstractBeanFactory.getBean(AbstractBeanFactory.java:201) ~[spring-beans-7.0.8.jar:7.0.8]
	at org.springframework.beans.factory.support.DefaultListableBeanFactory.resolveBean(DefaultListableBeanFactory.java:1232) ~[spring-beans-7.0.8.jar:7.0.8]
	at org.springframework.beans.factory.support.DefaultListableBeanFactory.doResolveDependency(DefaultListableBeanFactory.java:1711) ~[spring-beans-7.0.8.jar:7.0.8]
	at org.springframework.beans.factory.support.DefaultListableBeanFactory.resolveDependency(DefaultListableBeanFactory.java:1658) ~[spring-beans-7.0.8.jar:7.0.8]
	at org.springframework.beans.factory.support.ConstructorResolver.resolveAutowiredArgument(ConstructorResolver.java:912) ~[spring-beans-7.0.8.jar:7.0.8]
	at org.springframework.beans.factory.support.ConstructorResolver.createArgumentArray(ConstructorResolver.java:791) ~[spring-beans-7.0.8.jar:7.0.8]
	... 70 common frames omitted
Caused by: org.springframework.beans.factory.BeanCreationException: Error creating bean with name 'jpaSharedEM_entityManagerFactory': Cannot resolve reference to bean 'entityManagerFactory' while setting constructor argument
	at org.springframework.beans.factory.support.BeanDefinitionValueResolver.resolveReference(BeanDefinitionValueResolver.java:377) ~[spring-beans-7.0.8.jar:7.0.8]
	at org.springframework.beans.factory.support.BeanDefinitionValueResolver.resolveValueIfNecessary(BeanDefinitionValueResolver.java:135) ~[spring-beans-7.0.8.jar:7.0.8]
	at org.springframework.beans.factory.support.ConstructorResolver.resolveConstructorArguments(ConstructorResolver.java:691) ~[spring-beans-7.0.8.jar:7.0.8]
	at org.springframework.beans.factory.support.ConstructorResolver.instantiateUsingFactoryMethod(ConstructorResolver.java:513) ~[spring-beans-7.0.8.jar:7.0.8]
	at org.springframework.beans.factory.support.AbstractAutowireCapableBeanFactory.instantiateUsingFactoryMethod(AbstractAutowireCapableBeanFactory.java:1360) ~[spring-beans-7.0.8.jar:7.0.8]
	at org.springframework.beans.factory.support.AbstractAutowireCapableBeanFactory.createBeanInstance(AbstractAutowireCapableBeanFactory.java:1192) ~[spring-beans-7.0.8.jar:7.0.8]
	at org.springframework.beans.factory.support.AbstractAutowireCapableBeanFactory.doCreateBean(AbstractAutowireCapableBeanFactory.java:565) ~[spring-beans-7.0.8.jar:7.0.8]
	at org.springframework.beans.factory.support.AbstractAutowireCapableBeanFactory.createBean(AbstractAutowireCapableBeanFactory.java:525) ~[spring-beans-7.0.8.jar:7.0.8]
	at org.springframework.beans.factory.support.AbstractBeanFactory.lambda$doGetBean$0(AbstractBeanFactory.java:333) ~[spring-beans-7.0.8.jar:7.0.8]
	at org.springframework.beans.factory.support.DefaultSingletonBeanRegistry.getSingleton(DefaultSingletonBeanRegistry.java:371) ~[spring-beans-7.0.8.jar:7.0.8]
	at org.springframework.beans.factory.support.AbstractBeanFactory.doGetBean(AbstractBeanFactory.java:331) ~[spring-beans-7.0.8.jar:7.0.8]
	at org.springframework.beans.factory.support.AbstractBeanFactory.getBean(AbstractBeanFactory.java:201) ~[spring-beans-7.0.8.jar:7.0.8]
	at org.springframework.beans.factory.support.BeanDefinitionValueResolver.resolveReference(BeanDefinitionValueResolver.java:356) ~[spring-beans-7.0.8.jar:7.0.8]
	... 84 common frames omitted
Caused by: org.springframework.beans.factory.BeanCreationException: Error creating bean with name 'entityManagerFactory' defined in class path resource [org/springframework/boot/hibernate/autoconfigure/HibernateJpaConfiguration.class]: Unable to build Hibernate SessionFactory  [persistence unit: default] ; nested exception is org.hibernate.tool.schema.spi.SchemaManagementException: Schema validation: missing table [siscoescola.tb_contrato_net]
	at org.springframework.beans.factory.support.AbstractAutowireCapableBeanFactory.initializeBean(AbstractAutowireCapableBeanFactory.java:1815) ~[spring-beans-7.0.8.jar:7.0.8]
	at org.springframework.beans.factory.support.AbstractAutowireCapableBeanFactory.doCreateBean(AbstractAutowireCapableBeanFactory.java:603) ~[spring-beans-7.0.8.jar:7.0.8]
	at org.springframework.beans.factory.support.AbstractAutowireCapableBeanFactory.createBean(AbstractAutowireCapableBeanFactory.java:525) ~[spring-beans-7.0.8.jar:7.0.8]
	at org.springframework.beans.factory.support.AbstractBeanFactory.lambda$doGetBean$0(AbstractBeanFactory.java:333) ~[spring-beans-7.0.8.jar:7.0.8]
	at org.springframework.beans.factory.support.DefaultSingletonBeanRegistry.getSingleton(DefaultSingletonBeanRegistry.java:371) ~[spring-beans-7.0.8.jar:7.0.8]
	at org.springframework.beans.factory.support.AbstractBeanFactory.doGetBean(AbstractBeanFactory.java:331) ~[spring-beans-7.0.8.jar:7.0.8]
	at org.springframework.beans.factory.support.AbstractBeanFactory.getBean(AbstractBeanFactory.java:196) ~[spring-beans-7.0.8.jar:7.0.8]
	at org.springframework.beans.factory.support.BeanDefinitionValueResolver.resolveReference(BeanDefinitionValueResolver.java:365) ~[spring-beans-7.0.8.jar:7.0.8]
	... 96 common frames omitted
Caused by: jakarta.persistence.PersistenceException: Unable to build Hibernate SessionFactory  [persistence unit: default] ; nested exception is org.hibernate.tool.schema.spi.SchemaManagementException: Schema validation: missing table [siscoescola.tb_contrato_net]
	at org.springframework.orm.jpa.AbstractEntityManagerFactoryBean.buildNativeEntityManagerFactory(AbstractEntityManagerFactoryBean.java:448) ~[spring-orm-7.0.8.jar:7.0.8]
	at org.springframework.orm.jpa.AbstractEntityManagerFactoryBean.afterPropertiesSet(AbstractEntityManagerFactoryBean.java:411) ~[spring-orm-7.0.8.jar:7.0.8]
	at org.springframework.orm.jpa.LocalContainerEntityManagerFactoryBean.afterPropertiesSet(LocalContainerEntityManagerFactoryBean.java:419) ~[spring-orm-7.0.8.jar:7.0.8]
	at org.springframework.beans.factory.support.AbstractAutowireCapableBeanFactory.invokeInitMethods(AbstractAutowireCapableBeanFactory.java:1862) ~[spring-beans-7.0.8.jar:7.0.8]
	at org.springframework.beans.factory.support.AbstractAutowireCapableBeanFactory.initializeBean(AbstractAutowireCapableBeanFactory.java:1811) ~[spring-beans-7.0.8.jar:7.0.8]
	... 103 common frames omitted
Caused by: org.hibernate.tool.schema.spi.SchemaManagementException: Schema validation: missing table [siscoescola.tb_contrato_net]
	at org.hibernate.tool.schema.internal.AbstractSchemaValidator.validateTable(AbstractSchemaValidator.java:121) ~[hibernate-core-7.2.19.Final.jar:7.2.19.Final]
	at org.hibernate.tool.schema.internal.GroupedSchemaValidatorImpl.validateTables(GroupedSchemaValidatorImpl.java:42) ~[hibernate-core-7.2.19.Final.jar:7.2.19.Final]
	at org.hibernate.tool.schema.internal.AbstractSchemaValidator.performValidation(AbstractSchemaValidator.java:90) ~[hibernate-core-7.2.19.Final.jar:7.2.19.Final]
	at org.hibernate.tool.schema.internal.AbstractSchemaValidator.doValidation(AbstractSchemaValidator.java:68) ~[hibernate-core-7.2.19.Final.jar:7.2.19.Final]
	at org.hibernate.tool.schema.spi.SchemaManagementToolCoordinator.performDatabaseAction(SchemaManagementToolCoordinator.java:278) ~[hibernate-core-7.2.19.Final.jar:7.2.19.Final]
	at org.hibernate.tool.schema.spi.SchemaManagementToolCoordinator.lambda$process$1(SchemaManagementToolCoordinator.java:101) ~[hibernate-core-7.2.19.Final.jar:7.2.19.Final]
	at java.base/java.util.HashMap.forEach(HashMap.java:1429) ~[na:na]
	at org.hibernate.tool.schema.spi.SchemaManagementToolCoordinator.process(SchemaManagementToolCoordinator.java:100) ~[hibernate-core-7.2.19.Final.jar:7.2.19.Final]
	at org.hibernate.boot.internal.SessionFactoryObserverForSchemaExport.sessionFactoryCreated(SessionFactoryObserverForSchemaExport.java:35) ~[hibernate-core-7.2.19.Final.jar:7.2.19.Final]
	at org.hibernate.internal.SessionFactoryObserverChain.sessionFactoryCreated(SessionFactoryObserverChain.java:33) ~[hibernate-core-7.2.19.Final.jar:7.2.19.Final]
	at org.hibernate.internal.SessionFactoryImpl.<init>(SessionFactoryImpl.java:323) ~[hibernate-core-7.2.19.Final.jar:7.2.19.Final]
	at org.hibernate.internal.SessionFactoryRegistry.instantiateSessionFactory(SessionFactoryRegistry.java:64) ~[hibernate-core-7.2.19.Final.jar:7.2.19.Final]
	at org.hibernate.boot.internal.SessionFactoryBuilderImpl.build(SessionFactoryBuilderImpl.java:437) ~[hibernate-core-7.2.19.Final.jar:7.2.19.Final]
	at org.hibernate.jpa.boot.internal.EntityManagerFactoryBuilderImpl.build(EntityManagerFactoryBuilderImpl.java:1456) ~[hibernate-core-7.2.19.Final.jar:7.2.19.Final]
	at org.springframework.orm.jpa.vendor.SpringHibernateJpaPersistenceProvider.createContainerEntityManagerFactory(SpringHibernateJpaPersistenceProvider.java:93) ~[spring-orm-7.0.8.jar:7.0.8]
	at org.springframework.orm.jpa.LocalContainerEntityManagerFactoryBean.createNativeEntityManagerFactory(LocalContainerEntityManagerFactoryBean.java:443) ~[spring-orm-7.0.8.jar:7.0.8]
	at org.springframework.orm.jpa.AbstractEntityManagerFactoryBean.buildNativeEntityManagerFactory(AbstractEntityManagerFactoryBean.java:436) ~[spring-orm-7.0.8.jar:7.0.8]
	... 107 common frames omitted
2026-10-09 14:24:41 [restartedMain] INFO  c.sisco_e.escola.SiscoEApplication - Starting SiscoEApplication using Java 21.0.12.1 with PID 272194 (/home/cleber/desv/2-doing/sisco-project/sisco-e/target/classes started by cleber in /home/cleber/desv/2-doing/sisco-project/sisco-e)
2026-10-09 14:24:41 [restartedMain] DEBUG c.sisco_e.escola.SiscoEApplication - Running with Spring Boot v4.0.7, Spring v7.0.8
2026-10-09 14:24:41 [restartedMain] INFO  c.sisco_e.escola.SiscoEApplication - No active profile set, falling back to 1 default profile: "default"
2026-10-09 14:24:41 [restartedMain] INFO  o.s.d.r.c.RepositoryConfigurationDelegate - Multiple Spring Data modules found, entering strict repository configuration mode
2026-10-09 14:24:41 [restartedMain] INFO  o.s.d.r.c.RepositoryConfigurationDelegate - Bootstrapping Spring Data Redis repositories in DEFAULT mode.
2026-10-09 14:24:41 [restartedMain] INFO  o.s.d.r.c.RepositoryConfigurationExtensionSupport - Spring Data Redis - Could not safely identify store assignment for repository candidate interface com.sisco_e.escola.model.repository.ContratoInternetRepository; If you want this repository to be a Redis repository, consider annotating your entities with one of these annotations: org.springframework.data.redis.core.RedisHash (preferred), or consider extending one of the following types with your repository: org.springframework.data.keyvalue.repository.KeyValueRepository
2026-10-09 14:24:41 [restartedMain] INFO  o.s.d.r.c.RepositoryConfigurationExtensionSupport - Spring Data Redis - Could not safely identify store assignment for repository candidate interface com.sisco_e.escola.model.repository.DiretorRepository; If you want this repository to be a Redis repository, consider annotating your entities with one of these annotations: org.springframework.data.redis.core.RedisHash (preferred), or consider extending one of the following types with your repository: org.springframework.data.keyvalue.repository.KeyValueRepository
2026-10-09 14:24:41 [restartedMain] INFO  o.s.d.r.c.RepositoryConfigurationExtensionSupport - Spring Data Redis - Could not safely identify store assignment for repository candidate interface com.sisco_e.escola.model.repository.EscolaRepository; If you want this repository to be a Redis repository, consider annotating your entities with one of these annotations: org.springframework.data.redis.core.RedisHash (preferred), or consider extending one of the following types with your repository: org.springframework.data.keyvalue.repository.KeyValueRepository
2026-10-09 14:24:41 [restartedMain] INFO  o.s.d.r.c.RepositoryConfigurationExtensionSupport - Spring Data Redis - Could not safely identify store assignment for repository candidate interface com.sisco_e.escola.model.repository.LinkInternetRepository; If you want this repository to be a Redis repository, consider annotating your entities with one of these annotations: org.springframework.data.redis.core.RedisHash (preferred), or consider extending one of the following types with your repository: org.springframework.data.keyvalue.repository.KeyValueRepository
2026-10-09 14:24:41 [restartedMain] INFO  o.s.d.r.c.RepositoryConfigurationExtensionSupport - Spring Data Redis - Could not safely identify store assignment for repository candidate interface com.sisco_e.escola.model.repository.ProvedorInternetRepository; If you want this repository to be a Redis repository, consider annotating your entities with one of these annotations: org.springframework.data.redis.core.RedisHash (preferred), or consider extending one of the following types with your repository: org.springframework.data.keyvalue.repository.KeyValueRepository
2026-10-09 14:24:41 [restartedMain] INFO  o.s.d.r.c.RepositoryConfigurationExtensionSupport - Spring Data Redis - Could not safely identify store assignment for repository candidate interface com.sisco_e.escola.model.repository.UsuarioRepository; If you want this repository to be a Redis repository, consider annotating your entities with one of these annotations: org.springframework.data.redis.core.RedisHash (preferred), or consider extending one of the following types with your repository: org.springframework.data.keyvalue.repository.KeyValueRepository
2026-10-09 14:24:41 [restartedMain] INFO  o.s.d.r.c.RepositoryConfigurationDelegate - Finished Spring Data repository scanning in 11 ms. Found 1 Redis repository interface.
2026-10-09 14:24:41 [restartedMain] INFO  o.s.d.r.c.RepositoryConfigurationDelegate - Multiple Spring Data modules found, entering strict repository configuration mode
2026-10-09 14:24:41 [restartedMain] INFO  o.s.d.r.c.RepositoryConfigurationDelegate - Bootstrapping Spring Data JPA repositories in DEFAULT mode.
2026-10-09 14:24:42 [restartedMain] INFO  o.s.d.r.c.RepositoryConfigurationExtensionSupport - Spring Data JPA - Could not safely identify store assignment for repository candidate interface com.sisco_e.escola.model.repository.RefreshTokenRepository; If you want this repository to be a JPA repository, consider annotating your entities with one of these annotations: jakarta.persistence.Entity, jakarta.persistence.MappedSuperclass (preferred), or consider extending one of the following types with your repository: org.springframework.data.jpa.repository.JpaRepository
2026-10-09 14:24:42 [restartedMain] INFO  o.s.d.r.c.RepositoryConfigurationDelegate - Finished Spring Data repository scanning in 31 ms. Found 6 JPA repository interfaces.
2026-10-09 14:24:42 [restartedMain] INFO  o.s.boot.tomcat.TomcatWebServer - Tomcat initialized with port 8080 (http)
2026-10-09 14:24:42 [restartedMain] INFO  o.a.catalina.core.StandardService - Starting service [Tomcat]
2026-10-09 14:24:42 [restartedMain] INFO  o.a.catalina.core.StandardEngine - Starting Servlet engine: [Apache Tomcat/11.0.22]
2026-10-09 14:24:42 [restartedMain] INFO  o.s.b.w.c.s.WebApplicationContextInitializer - Root WebApplicationContext: initialization completed in 626 ms
2026-10-09 14:24:42 [restartedMain] INFO  org.hibernate.orm.jpa - HHH008540: Processing PersistenceUnitInfo [name: default]
2026-10-09 14:24:42 [restartedMain] INFO  o.h.e.b.internal.EnversServiceImpl - Envers integration enabled? : true
2026-10-09 14:24:42 [restartedMain] INFO  o.s.o.j.p.SpringPersistenceUnitInfo - No LoadTimeWeaver setup: ignoring JPA class transformer
2026-10-09 14:24:42 [restartedMain] INFO  com.zaxxer.hikari.HikariDataSource - HikariPool-25 - Starting...
2026-10-09 14:24:42 [restartedMain] INFO  com.zaxxer.hikari.pool.HikariPool - HikariPool-25 - Added connection org.postgresql.jdbc.PgConnection@5e81aea1
2026-10-09 14:24:42 [restartedMain] INFO  com.zaxxer.hikari.HikariDataSource - HikariPool-25 - Start completed.
2026-10-09 14:24:42 [restartedMain] INFO  o.hibernate.orm.connections.pooling - HHH10001005: Database info:
	Database JDBC URL [jdbc:postgresql://localhost:5432/sisco]
	Database driver: PostgreSQL JDBC Driver
	Database dialect: PostgreSQLDialect
	Database version: 18.6
	Default catalog/schema: sisco/public
	Autocommit mode: undefined/unknown
	Isolation level: READ_COMMITTED [default READ_COMMITTED]
	JDBC fetch size: none
	Pool: DataSourceConnectionProvider
	Minimum pool size: undefined/unknown
	Maximum pool size: undefined/unknown
2026-10-09 14:24:42 [restartedMain] INFO  o.h.e.c.i.m.AuditMetadataGenerator - Adding properties for entity: com.sisco_e.escola.model.entity.Escola
2026-10-09 14:24:42 [restartedMain] INFO  o.h.e.c.i.m.AuditMetadataGenerator - Adding properties for entity: com.sisco_e.escola.model.entity.Diretor
2026-10-09 14:24:42 [restartedMain] INFO  o.h.e.c.i.m.AuditMetadataGenerator - Adding properties for entity: com.sisco_e.escola.model.entity.Usuario
2026-10-09 14:24:42 [restartedMain] INFO  org.hibernate.orm.core - HHH000489: No JTA platform available (set 'hibernate.transaction.jta.platform' to enable JTA platform integration)
2026-10-09 14:24:42 [restartedMain] ERROR o.s.o.j.LocalContainerEntityManagerFactoryBean - Failed to initialize JPA EntityManagerFactory: Unable to build Hibernate SessionFactory  [persistence unit: default] ; nested exception is org.hibernate.tool.schema.spi.SchemaManagementException: Schema validation: missing table [siscoescola.tb_contrato_net]
2026-10-09 14:24:42 [restartedMain] ERROR o.s.b.t.s.DeferredServletContainerInitializers - Error starting Tomcat context. Exception: org.springframework.beans.factory.UnsatisfiedDependencyException. Message: Error creating bean with name 'jwtAuthenticationFilter' defined in file [/home/cleber/desv/2-doing/sisco-project/sisco-e/target/classes/com/sisco_e/escola/security/JwtAuthenticationFilter.class]: Unsatisfied dependency expressed through constructor parameter 1: Error creating bean with name 'usuarioDetailsService' defined in file [/home/cleber/desv/2-doing/sisco-project/sisco-e/target/classes/com/sisco_e/escola/config/UsuarioDetailsService.class]: Unsatisfied dependency expressed through constructor parameter 0: Error creating bean with name 'usuarioRepository' defined in com.sisco_e.escola.model.repository.UsuarioRepository defined in @EnableJpaRepositories declared on DataJpaRepositoriesRegistrar.EnableJpaRepositoriesConfiguration: Cannot resolve reference to bean 'jpaSharedEM_entityManagerFactory' while setting bean property 'entityManager'
2026-10-09 14:24:42 [restartedMain] INFO  o.a.catalina.core.StandardService - Stopping service [Tomcat]
2026-10-09 14:24:42 [restartedMain] WARN  o.a.c.loader.WebappClassLoaderBase - The web application [ROOT] appears to have started a thread named [HikariPool-25:housekeeper] but has failed to stop it. This is very likely to create a memory leak. Stack trace of thread:
 java.base/jdk.internal.misc.Unsafe.park(Native Method)
 java.base/java.util.concurrent.locks.LockSupport.parkNanos(LockSupport.java:269)
 java.base/java.util.concurrent.locks.AbstractQueuedSynchronizer$ConditionObject.awaitNanos(AbstractQueuedSynchronizer.java:1797)
 java.base/java.util.concurrent.ScheduledThreadPoolExecutor$DelayedWorkQueue.take(ScheduledThreadPoolExecutor.java:1182)
 java.base/java.util.concurrent.ScheduledThreadPoolExecutor$DelayedWorkQueue.take(ScheduledThreadPoolExecutor.java:899)
 java.base/java.util.concurrent.ThreadPoolExecutor.getTask(ThreadPoolExecutor.java:1070)
 java.base/java.util.concurrent.ThreadPoolExecutor.runWorker(ThreadPoolExecutor.java:1130)
 java.base/java.util.concurrent.ThreadPoolExecutor$Worker.run(ThreadPoolExecutor.java:642)
 java.base/java.lang.Thread.run(Thread.java:1583)
2026-10-09 14:24:42 [restartedMain] WARN  o.a.c.loader.WebappClassLoaderBase - The web application [ROOT] appears to have started a thread named [HikariPool-25:connection-adder] but has failed to stop it. This is very likely to create a memory leak. Stack trace of thread:
 java.base/java.lang.Thread.sleep0(Native Method)
 java.base/java.lang.Thread.sleep(Thread.java:509)
 com.zaxxer.hikari.util.UtilityElf.quietlySleep(UtilityElf.java:80)
 com.zaxxer.hikari.pool.HikariPool$PoolEntryCreator.call(HikariPool.java:757)
 com.zaxxer.hikari.pool.HikariPool$PoolEntryCreator.call(HikariPool.java:731)
 java.base/java.util.concurrent.FutureTask.run(FutureTask.java:317)
 java.base/java.util.concurrent.ThreadPoolExecutor.runWorker(ThreadPoolExecutor.java:1144)
 java.base/java.util.concurrent.ThreadPoolExecutor$Worker.run(ThreadPoolExecutor.java:642)
 java.base/java.lang.Thread.run(Thread.java:1583)
2026-10-09 14:24:42 [restartedMain] WARN  o.s.b.w.s.s.c.AnnotationConfigServletWebServerApplicationContext - Exception encountered during context initialization - cancelling refresh attempt: org.springframework.context.ApplicationContextException: Unable to start web server
2026-10-09 14:24:42 [restartedMain] INFO  com.zaxxer.hikari.HikariDataSource - HikariPool-25 - Shutdown initiated...
2026-10-09 14:24:42 [restartedMain] INFO  com.zaxxer.hikari.HikariDataSource - HikariPool-25 - Shutdown completed.
2026-10-09 14:24:42 [restartedMain] INFO  o.s.b.a.l.ConditionEvaluationReportLogger - 

Error starting ApplicationContext. To display the condition evaluation report re-run your application with 'debug' enabled.
2026-10-09 14:24:42 [restartedMain] ERROR o.s.boot.SpringApplication - Application run failed
org.springframework.context.ApplicationContextException: Unable to start web server
	at org.springframework.boot.web.server.servlet.context.ServletWebServerApplicationContext.onRefresh(ServletWebServerApplicationContext.java:167) ~[spring-boot-web-server-4.0.7.jar:4.0.7]
	at org.springframework.context.support.AbstractApplicationContext.refresh(AbstractApplicationContext.java:615) ~[spring-context-7.0.8.jar:7.0.8]
	at org.springframework.boot.web.server.servlet.context.ServletWebServerApplicationContext.refresh(ServletWebServerApplicationContext.java:143) ~[spring-boot-web-server-4.0.7.jar:4.0.7]
	at org.springframework.boot.SpringApplication.refresh(SpringApplication.java:756) ~[spring-boot-4.0.7.jar:4.0.7]
	at org.springframework.boot.SpringApplication.refreshContext(SpringApplication.java:445) ~[spring-boot-4.0.7.jar:4.0.7]
	at org.springframework.boot.SpringApplication.run(SpringApplication.java:321) ~[spring-boot-4.0.7.jar:4.0.7]
	at org.springframework.boot.SpringApplication.run(SpringApplication.java:1365) ~[spring-boot-4.0.7.jar:4.0.7]
	at org.springframework.boot.SpringApplication.run(SpringApplication.java:1354) ~[spring-boot-4.0.7.jar:4.0.7]
	at com.sisco_e.escola.SiscoEApplication.main(SiscoEApplication.java:12) ~[classes/:na]
	at java.base/jdk.internal.reflect.DirectMethodHandleAccessor.invoke(DirectMethodHandleAccessor.java:103) ~[na:na]
	at java.base/java.lang.reflect.Method.invoke(Method.java:580) ~[na:na]
	at org.springframework.boot.devtools.restart.RestartLauncher.run(RestartLauncher.java:52) ~[spring-boot-devtools-4.0.7.jar:4.0.7]
Caused by: org.springframework.boot.web.server.WebServerException: Unable to start embedded Tomcat
	at org.springframework.boot.tomcat.TomcatWebServer.initialize(TomcatWebServer.java:150) ~[spring-boot-tomcat-4.0.7.jar:4.0.7]
	at org.springframework.boot.tomcat.TomcatWebServer.<init>(TomcatWebServer.java:110) ~[spring-boot-tomcat-4.0.7.jar:4.0.7]
	at org.springframework.boot.tomcat.servlet.TomcatServletWebServerFactory.getTomcatWebServer(TomcatServletWebServerFactory.java:408) ~[spring-boot-tomcat-4.0.7.jar:4.0.7]
	at org.springframework.boot.tomcat.servlet.TomcatServletWebServerFactory.getWebServer(TomcatServletWebServerFactory.java:166) ~[spring-boot-tomcat-4.0.7.jar:4.0.7]
	at org.springframework.boot.web.server.servlet.context.ServletWebServerApplicationContext.createWebServer(ServletWebServerApplicationContext.java:190) ~[spring-boot-web-server-4.0.7.jar:4.0.7]
	at org.springframework.boot.web.server.servlet.context.ServletWebServerApplicationContext.onRefresh(ServletWebServerApplicationContext.java:164) ~[spring-boot-web-server-4.0.7.jar:4.0.7]
	... 11 common frames omitted
Caused by: org.springframework.beans.factory.UnsatisfiedDependencyException: Error creating bean with name 'jwtAuthenticationFilter' defined in file [/home/cleber/desv/2-doing/sisco-project/sisco-e/target/classes/com/sisco_e/escola/security/JwtAuthenticationFilter.class]: Unsatisfied dependency expressed through constructor parameter 1: Error creating bean with name 'usuarioDetailsService' defined in file [/home/cleber/desv/2-doing/sisco-project/sisco-e/target/classes/com/sisco_e/escola/config/UsuarioDetailsService.class]: Unsatisfied dependency expressed through constructor parameter 0: Error creating bean with name 'usuarioRepository' defined in com.sisco_e.escola.model.repository.UsuarioRepository defined in @EnableJpaRepositories declared on DataJpaRepositoriesRegistrar.EnableJpaRepositoriesConfiguration: Cannot resolve reference to bean 'jpaSharedEM_entityManagerFactory' while setting bean property 'entityManager'
	at org.springframework.beans.factory.support.ConstructorResolver.createArgumentArray(ConstructorResolver.java:804) ~[spring-beans-7.0.8.jar:7.0.8]
	at org.springframework.beans.factory.support.ConstructorResolver.autowireConstructor(ConstructorResolver.java:240) ~[spring-beans-7.0.8.jar:7.0.8]
	at org.springframework.beans.factory.support.AbstractAutowireCapableBeanFactory.autowireConstructor(AbstractAutowireCapableBeanFactory.java:1380) ~[spring-beans-7.0.8.jar:7.0.8]
	at org.springframework.beans.factory.support.AbstractAutowireCapableBeanFactory.createBeanInstance(AbstractAutowireCapableBeanFactory.java:1219) ~[spring-beans-7.0.8.jar:7.0.8]
	at org.springframework.beans.factory.support.AbstractAutowireCapableBeanFactory.doCreateBean(AbstractAutowireCapableBeanFactory.java:565) ~[spring-beans-7.0.8.jar:7.0.8]
	at org.springframework.beans.factory.support.AbstractAutowireCapableBeanFactory.createBean(AbstractAutowireCapableBeanFactory.java:525) ~[spring-beans-7.0.8.jar:7.0.8]
	at org.springframework.beans.factory.support.AbstractBeanFactory.lambda$doGetBean$0(AbstractBeanFactory.java:333) ~[spring-beans-7.0.8.jar:7.0.8]
	at org.springframework.beans.factory.support.DefaultSingletonBeanRegistry.getSingleton(DefaultSingletonBeanRegistry.java:371) ~[spring-beans-7.0.8.jar:7.0.8]
	at org.springframework.beans.factory.support.AbstractBeanFactory.doGetBean(AbstractBeanFactory.java:331) ~[spring-beans-7.0.8.jar:7.0.8]
	at org.springframework.beans.factory.support.AbstractBeanFactory.getBean(AbstractBeanFactory.java:201) ~[spring-beans-7.0.8.jar:7.0.8]
	at org.springframework.boot.web.servlet.ServletContextInitializerBeans.getOrderedBeansOfType(ServletContextInitializerBeans.java:231) ~[spring-boot-4.0.7.jar:4.0.7]
	at org.springframework.boot.web.servlet.ServletContextInitializerBeans.addAsRegistrationBean(ServletContextInitializerBeans.java:185) ~[spring-boot-4.0.7.jar:4.0.7]
	at org.springframework.boot.web.servlet.ServletContextInitializerBeans.addAsRegistrationBean(ServletContextInitializerBeans.java:180) ~[spring-boot-4.0.7.jar:4.0.7]
	at org.springframework.boot.web.servlet.ServletContextInitializerBeans.addAdaptableBeans(ServletContextInitializerBeans.java:165) ~[spring-boot-4.0.7.jar:4.0.7]
	at org.springframework.boot.web.servlet.ServletContextInitializerBeans.<init>(ServletContextInitializerBeans.java:97) ~[spring-boot-4.0.7.jar:4.0.7]
	at org.springframework.boot.web.context.servlet.WebApplicationContextInitializer.initialize(WebApplicationContextInitializer.java:53) ~[spring-boot-4.0.7.jar:4.0.7]
	at org.springframework.boot.tomcat.servlet.DeferredServletContainerInitializers.onStartup(DeferredServletContainerInitializers.java:55) ~[spring-boot-tomcat-4.0.7.jar:4.0.7]
	at org.apache.catalina.core.StandardContext.startInternal(StandardContext.java:4420) ~[tomcat-embed-core-11.0.22.jar:11.0.22]
	at org.apache.catalina.util.LifecycleBase.start(LifecycleBase.java:164) ~[tomcat-embed-core-11.0.22.jar:11.0.22]
	at org.apache.catalina.core.ContainerBase$StartChild.call(ContainerBase.java:1162) ~[tomcat-embed-core-11.0.22.jar:11.0.22]
	at org.apache.catalina.core.ContainerBase$StartChild.call(ContainerBase.java:1158) ~[tomcat-embed-core-11.0.22.jar:11.0.22]
	at java.base/java.util.concurrent.FutureTask.run(FutureTask.java:317) ~[na:na]
	at org.apache.tomcat.util.threads.InlineExecutorService.execute(InlineExecutorService.java:81) ~[tomcat-embed-core-11.0.22.jar:11.0.22]
	at java.base/java.util.concurrent.AbstractExecutorService.submit(AbstractExecutorService.java:145) ~[na:na]
	at org.apache.catalina.core.ContainerBase.startInternal(ContainerBase.java:714) ~[tomcat-embed-core-11.0.22.jar:11.0.22]
	at org.apache.catalina.core.StandardHost.startInternal(StandardHost.java:780) ~[tomcat-embed-core-11.0.22.jar:11.0.22]
	at org.apache.catalina.util.LifecycleBase.start(LifecycleBase.java:164) ~[tomcat-embed-core-11.0.22.jar:11.0.22]
	at org.apache.catalina.core.ContainerBase$StartChild.call(ContainerBase.java:1162) ~[tomcat-embed-core-11.0.22.jar:11.0.22]
	at org.apache.catalina.core.ContainerBase$StartChild.call(ContainerBase.java:1158) ~[tomcat-embed-core-11.0.22.jar:11.0.22]
	at java.base/java.util.concurrent.FutureTask.run(FutureTask.java:317) ~[na:na]
	at org.apache.tomcat.util.threads.InlineExecutorService.execute(InlineExecutorService.java:81) ~[tomcat-embed-core-11.0.22.jar:11.0.22]
	at java.base/java.util.concurrent.AbstractExecutorService.submit(AbstractExecutorService.java:145) ~[na:na]
	at org.apache.catalina.core.ContainerBase.startInternal(ContainerBase.java:714) ~[tomcat-embed-core-11.0.22.jar:11.0.22]
	at org.apache.catalina.core.StandardEngine.startInternal(StandardEngine.java:201) ~[tomcat-embed-core-11.0.22.jar:11.0.22]
	at org.apache.catalina.util.LifecycleBase.start(LifecycleBase.java:164) ~[tomcat-embed-core-11.0.22.jar:11.0.22]
	at org.apache.catalina.core.StandardService.startInternal(StandardService.java:410) ~[tomcat-embed-core-11.0.22.jar:11.0.22]
	at org.apache.catalina.util.LifecycleBase.start(LifecycleBase.java:164) ~[tomcat-embed-core-11.0.22.jar:11.0.22]
	at org.apache.catalina.core.StandardServer.startInternal(StandardServer.java:864) ~[tomcat-embed-core-11.0.22.jar:11.0.22]
	at org.apache.catalina.util.LifecycleBase.start(LifecycleBase.java:164) ~[tomcat-embed-core-11.0.22.jar:11.0.22]
	at org.apache.catalina.startup.Tomcat.start(Tomcat.java:435) ~[tomcat-embed-core-11.0.22.jar:11.0.22]
	at org.springframework.boot.tomcat.TomcatWebServer.initialize(TomcatWebServer.java:131) ~[spring-boot-tomcat-4.0.7.jar:4.0.7]
	... 16 common frames omitted
Caused by: org.springframework.beans.factory.UnsatisfiedDependencyException: Error creating bean with name 'usuarioDetailsService' defined in file [/home/cleber/desv/2-doing/sisco-project/sisco-e/target/classes/com/sisco_e/escola/config/UsuarioDetailsService.class]: Unsatisfied dependency expressed through constructor parameter 0: Error creating bean with name 'usuarioRepository' defined in com.sisco_e.escola.model.repository.UsuarioRepository defined in @EnableJpaRepositories declared on DataJpaRepositoriesRegistrar.EnableJpaRepositoriesConfiguration: Cannot resolve reference to bean 'jpaSharedEM_entityManagerFactory' while setting bean property 'entityManager'
	at org.springframework.beans.factory.support.ConstructorResolver.createArgumentArray(ConstructorResolver.java:804) ~[spring-beans-7.0.8.jar:7.0.8]
	at org.springframework.beans.factory.support.ConstructorResolver.autowireConstructor(ConstructorResolver.java:240) ~[spring-beans-7.0.8.jar:7.0.8]
	at org.springframework.beans.factory.support.AbstractAutowireCapableBeanFactory.autowireConstructor(AbstractAutowireCapableBeanFactory.java:1380) ~[spring-beans-7.0.8.jar:7.0.8]
	at org.springframework.beans.factory.support.AbstractAutowireCapableBeanFactory.createBeanInstance(AbstractAutowireCapableBeanFactory.java:1219) ~[spring-beans-7.0.8.jar:7.0.8]
	at org.springframework.beans.factory.support.AbstractAutowireCapableBeanFactory.doCreateBean(AbstractAutowireCapableBeanFactory.java:565) ~[spring-beans-7.0.8.jar:7.0.8]
	at org.springframework.beans.factory.support.AbstractAutowireCapableBeanFactory.createBean(AbstractAutowireCapableBeanFactory.java:525) ~[spring-beans-7.0.8.jar:7.0.8]
	at org.springframework.beans.factory.support.AbstractBeanFactory.lambda$doGetBean$0(AbstractBeanFactory.java:333) ~[spring-beans-7.0.8.jar:7.0.8]
	at org.springframework.beans.factory.support.DefaultSingletonBeanRegistry.getSingleton(DefaultSingletonBeanRegistry.java:371) ~[spring-beans-7.0.8.jar:7.0.8]
	at org.springframework.beans.factory.support.AbstractBeanFactory.doGetBean(AbstractBeanFactory.java:331) ~[spring-beans-7.0.8.jar:7.0.8]
	at org.springframework.beans.factory.support.AbstractBeanFactory.getBean(AbstractBeanFactory.java:201) ~[spring-beans-7.0.8.jar:7.0.8]
	at org.springframework.beans.factory.config.DependencyDescriptor.resolveCandidate(DependencyDescriptor.java:229) ~[spring-beans-7.0.8.jar:7.0.8]
	at org.springframework.beans.factory.support.DefaultListableBeanFactory.doResolveDependency(DefaultListableBeanFactory.java:1769) ~[spring-beans-7.0.8.jar:7.0.8]
	at org.springframework.beans.factory.support.DefaultListableBeanFactory.resolveDependency(DefaultListableBeanFactory.java:1658) ~[spring-beans-7.0.8.jar:7.0.8]
	at org.springframework.beans.factory.support.ConstructorResolver.resolveAutowiredArgument(ConstructorResolver.java:912) ~[spring-beans-7.0.8.jar:7.0.8]
	at org.springframework.beans.factory.support.ConstructorResolver.createArgumentArray(ConstructorResolver.java:791) ~[spring-beans-7.0.8.jar:7.0.8]
	... 56 common frames omitted
Caused by: org.springframework.beans.factory.BeanCreationException: Error creating bean with name 'usuarioRepository' defined in com.sisco_e.escola.model.repository.UsuarioRepository defined in @EnableJpaRepositories declared on DataJpaRepositoriesRegistrar.EnableJpaRepositoriesConfiguration: Cannot resolve reference to bean 'jpaSharedEM_entityManagerFactory' while setting bean property 'entityManager'
	at org.springframework.beans.factory.support.BeanDefinitionValueResolver.resolveReference(BeanDefinitionValueResolver.java:377) ~[spring-beans-7.0.8.jar:7.0.8]
	at org.springframework.beans.factory.support.BeanDefinitionValueResolver.resolveValueIfNecessary(BeanDefinitionValueResolver.java:135) ~[spring-beans-7.0.8.jar:7.0.8]
	at org.springframework.beans.factory.support.AbstractAutowireCapableBeanFactory.applyPropertyValues(AbstractAutowireCapableBeanFactory.java:1710) ~[spring-beans-7.0.8.jar:7.0.8]
	at org.springframework.beans.factory.support.AbstractAutowireCapableBeanFactory.populateBean(AbstractAutowireCapableBeanFactory.java:1459) ~[spring-beans-7.0.8.jar:7.0.8]
	at org.springframework.beans.factory.support.AbstractAutowireCapableBeanFactory.doCreateBean(AbstractAutowireCapableBeanFactory.java:602) ~[spring-beans-7.0.8.jar:7.0.8]
	at org.springframework.beans.factory.support.AbstractAutowireCapableBeanFactory.createBean(AbstractAutowireCapableBeanFactory.java:525) ~[spring-beans-7.0.8.jar:7.0.8]
	at org.springframework.beans.factory.support.AbstractBeanFactory.lambda$doGetBean$0(AbstractBeanFactory.java:333) ~[spring-beans-7.0.8.jar:7.0.8]
	at org.springframework.beans.factory.support.DefaultSingletonBeanRegistry.getSingleton(DefaultSingletonBeanRegistry.java:371) ~[spring-beans-7.0.8.jar:7.0.8]
	at org.springframework.beans.factory.support.AbstractBeanFactory.doGetBean(AbstractBeanFactory.java:331) ~[spring-beans-7.0.8.jar:7.0.8]
	at org.springframework.beans.factory.support.AbstractBeanFactory.getBean(AbstractBeanFactory.java:201) ~[spring-beans-7.0.8.jar:7.0.8]
	at org.springframework.beans.factory.support.DefaultListableBeanFactory.resolveBean(DefaultListableBeanFactory.java:1232) ~[spring-beans-7.0.8.jar:7.0.8]
	at org.springframework.beans.factory.support.DefaultListableBeanFactory.doResolveDependency(DefaultListableBeanFactory.java:1711) ~[spring-beans-7.0.8.jar:7.0.8]
	at org.springframework.beans.factory.support.DefaultListableBeanFactory.resolveDependency(DefaultListableBeanFactory.java:1658) ~[spring-beans-7.0.8.jar:7.0.8]
	at org.springframework.beans.factory.support.ConstructorResolver.resolveAutowiredArgument(ConstructorResolver.java:912) ~[spring-beans-7.0.8.jar:7.0.8]
	at org.springframework.beans.factory.support.ConstructorResolver.createArgumentArray(ConstructorResolver.java:791) ~[spring-beans-7.0.8.jar:7.0.8]
	... 70 common frames omitted
Caused by: org.springframework.beans.factory.BeanCreationException: Error creating bean with name 'jpaSharedEM_entityManagerFactory': Cannot resolve reference to bean 'entityManagerFactory' while setting constructor argument
	at org.springframework.beans.factory.support.BeanDefinitionValueResolver.resolveReference(BeanDefinitionValueResolver.java:377) ~[spring-beans-7.0.8.jar:7.0.8]
	at org.springframework.beans.factory.support.BeanDefinitionValueResolver.resolveValueIfNecessary(BeanDefinitionValueResolver.java:135) ~[spring-beans-7.0.8.jar:7.0.8]
	at org.springframework.beans.factory.support.ConstructorResolver.resolveConstructorArguments(ConstructorResolver.java:691) ~[spring-beans-7.0.8.jar:7.0.8]
	at org.springframework.beans.factory.support.ConstructorResolver.instantiateUsingFactoryMethod(ConstructorResolver.java:513) ~[spring-beans-7.0.8.jar:7.0.8]
	at org.springframework.beans.factory.support.AbstractAutowireCapableBeanFactory.instantiateUsingFactoryMethod(AbstractAutowireCapableBeanFactory.java:1360) ~[spring-beans-7.0.8.jar:7.0.8]
	at org.springframework.beans.factory.support.AbstractAutowireCapableBeanFactory.createBeanInstance(AbstractAutowireCapableBeanFactory.java:1192) ~[spring-beans-7.0.8.jar:7.0.8]
	at org.springframework.beans.factory.support.AbstractAutowireCapableBeanFactory.doCreateBean(AbstractAutowireCapableBeanFactory.java:565) ~[spring-beans-7.0.8.jar:7.0.8]
	at org.springframework.beans.factory.support.AbstractAutowireCapableBeanFactory.createBean(AbstractAutowireCapableBeanFactory.java:525) ~[spring-beans-7.0.8.jar:7.0.8]
	at org.springframework.beans.factory.support.AbstractBeanFactory.lambda$doGetBean$0(AbstractBeanFactory.java:333) ~[spring-beans-7.0.8.jar:7.0.8]
	at org.springframework.beans.factory.support.DefaultSingletonBeanRegistry.getSingleton(DefaultSingletonBeanRegistry.java:371) ~[spring-beans-7.0.8.jar:7.0.8]
	at org.springframework.beans.factory.support.AbstractBeanFactory.doGetBean(AbstractBeanFactory.java:331) ~[spring-beans-7.0.8.jar:7.0.8]
	at org.springframework.beans.factory.support.AbstractBeanFactory.getBean(AbstractBeanFactory.java:201) ~[spring-beans-7.0.8.jar:7.0.8]
	at org.springframework.beans.factory.support.BeanDefinitionValueResolver.resolveReference(BeanDefinitionValueResolver.java:356) ~[spring-beans-7.0.8.jar:7.0.8]
	... 84 common frames omitted
Caused by: org.springframework.beans.factory.BeanCreationException: Error creating bean with name 'entityManagerFactory' defined in class path resource [org/springframework/boot/hibernate/autoconfigure/HibernateJpaConfiguration.class]: Unable to build Hibernate SessionFactory  [persistence unit: default] ; nested exception is org.hibernate.tool.schema.spi.SchemaManagementException: Schema validation: missing table [siscoescola.tb_contrato_net]
	at org.springframework.beans.factory.support.AbstractAutowireCapableBeanFactory.initializeBean(AbstractAutowireCapableBeanFactory.java:1815) ~[spring-beans-7.0.8.jar:7.0.8]
	at org.springframework.beans.factory.support.AbstractAutowireCapableBeanFactory.doCreateBean(AbstractAutowireCapableBeanFactory.java:603) ~[spring-beans-7.0.8.jar:7.0.8]
	at org.springframework.beans.factory.support.AbstractAutowireCapableBeanFactory.createBean(AbstractAutowireCapableBeanFactory.java:525) ~[spring-beans-7.0.8.jar:7.0.8]
	at org.springframework.beans.factory.support.AbstractBeanFactory.lambda$doGetBean$0(AbstractBeanFactory.java:333) ~[spring-beans-7.0.8.jar:7.0.8]
	at org.springframework.beans.factory.support.DefaultSingletonBeanRegistry.getSingleton(DefaultSingletonBeanRegistry.java:371) ~[spring-beans-7.0.8.jar:7.0.8]
	at org.springframework.beans.factory.support.AbstractBeanFactory.doGetBean(AbstractBeanFactory.java:331) ~[spring-beans-7.0.8.jar:7.0.8]
	at org.springframework.beans.factory.support.AbstractBeanFactory.getBean(AbstractBeanFactory.java:196) ~[spring-beans-7.0.8.jar:7.0.8]
	at org.springframework.beans.factory.support.BeanDefinitionValueResolver.resolveReference(BeanDefinitionValueResolver.java:365) ~[spring-beans-7.0.8.jar:7.0.8]
	... 96 common frames omitted
Caused by: jakarta.persistence.PersistenceException: Unable to build Hibernate SessionFactory  [persistence unit: default] ; nested exception is org.hibernate.tool.schema.spi.SchemaManagementException: Schema validation: missing table [siscoescola.tb_contrato_net]
	at org.springframework.orm.jpa.AbstractEntityManagerFactoryBean.buildNativeEntityManagerFactory(AbstractEntityManagerFactoryBean.java:448) ~[spring-orm-7.0.8.jar:7.0.8]
	at org.springframework.orm.jpa.AbstractEntityManagerFactoryBean.afterPropertiesSet(AbstractEntityManagerFactoryBean.java:411) ~[spring-orm-7.0.8.jar:7.0.8]
	at org.springframework.orm.jpa.LocalContainerEntityManagerFactoryBean.afterPropertiesSet(LocalContainerEntityManagerFactoryBean.java:419) ~[spring-orm-7.0.8.jar:7.0.8]
	at org.springframework.beans.factory.support.AbstractAutowireCapableBeanFactory.invokeInitMethods(AbstractAutowireCapableBeanFactory.java:1862) ~[spring-beans-7.0.8.jar:7.0.8]
	at org.springframework.beans.factory.support.AbstractAutowireCapableBeanFactory.initializeBean(AbstractAutowireCapableBeanFactory.java:1811) ~[spring-beans-7.0.8.jar:7.0.8]
	... 103 common frames omitted
Caused by: org.hibernate.tool.schema.spi.SchemaManagementException: Schema validation: missing table [siscoescola.tb_contrato_net]
	at org.hibernate.tool.schema.internal.AbstractSchemaValidator.validateTable(AbstractSchemaValidator.java:121) ~[hibernate-core-7.2.19.Final.jar:7.2.19.Final]
	at org.hibernate.tool.schema.internal.GroupedSchemaValidatorImpl.validateTables(GroupedSchemaValidatorImpl.java:42) ~[hibernate-core-7.2.19.Final.jar:7.2.19.Final]
	at org.hibernate.tool.schema.internal.AbstractSchemaValidator.performValidation(AbstractSchemaValidator.java:90) ~[hibernate-core-7.2.19.Final.jar:7.2.19.Final]
	at org.hibernate.tool.schema.internal.AbstractSchemaValidator.doValidation(AbstractSchemaValidator.java:68) ~[hibernate-core-7.2.19.Final.jar:7.2.19.Final]
	at org.hibernate.tool.schema.spi.SchemaManagementToolCoordinator.performDatabaseAction(SchemaManagementToolCoordinator.java:278) ~[hibernate-core-7.2.19.Final.jar:7.2.19.Final]
	at org.hibernate.tool.schema.spi.SchemaManagementToolCoordinator.lambda$process$1(SchemaManagementToolCoordinator.java:101) ~[hibernate-core-7.2.19.Final.jar:7.2.19.Final]
	at java.base/java.util.HashMap.forEach(HashMap.java:1429) ~[na:na]
	at org.hibernate.tool.schema.spi.SchemaManagementToolCoordinator.process(SchemaManagementToolCoordinator.java:100) ~[hibernate-core-7.2.19.Final.jar:7.2.19.Final]
	at org.hibernate.boot.internal.SessionFactoryObserverForSchemaExport.sessionFactoryCreated(SessionFactoryObserverForSchemaExport.java:35) ~[hibernate-core-7.2.19.Final.jar:7.2.19.Final]
	at org.hibernate.internal.SessionFactoryObserverChain.sessionFactoryCreated(SessionFactoryObserverChain.java:33) ~[hibernate-core-7.2.19.Final.jar:7.2.19.Final]
	at org.hibernate.internal.SessionFactoryImpl.<init>(SessionFactoryImpl.java:323) ~[hibernate-core-7.2.19.Final.jar:7.2.19.Final]
	at org.hibernate.internal.SessionFactoryRegistry.instantiateSessionFactory(SessionFactoryRegistry.java:64) ~[hibernate-core-7.2.19.Final.jar:7.2.19.Final]
	at org.hibernate.boot.internal.SessionFactoryBuilderImpl.build(SessionFactoryBuilderImpl.java:437) ~[hibernate-core-7.2.19.Final.jar:7.2.19.Final]
	at org.hibernate.jpa.boot.internal.EntityManagerFactoryBuilderImpl.build(EntityManagerFactoryBuilderImpl.java:1456) ~[hibernate-core-7.2.19.Final.jar:7.2.19.Final]
	at org.springframework.orm.jpa.vendor.SpringHibernateJpaPersistenceProvider.createContainerEntityManagerFactory(SpringHibernateJpaPersistenceProvider.java:93) ~[spring-orm-7.0.8.jar:7.0.8]
	at org.springframework.orm.jpa.LocalContainerEntityManagerFactoryBean.createNativeEntityManagerFactory(LocalContainerEntityManagerFactoryBean.java:443) ~[spring-orm-7.0.8.jar:7.0.8]
	at org.springframework.orm.jpa.AbstractEntityManagerFactoryBean.buildNativeEntityManagerFactory(AbstractEntityManagerFactoryBean.java:436) ~[spring-orm-7.0.8.jar:7.0.8]
	... 107 common frames omitted
2026-10-09 14:25:22 [restartedMain] INFO  c.sisco_e.escola.SiscoEApplication - Starting SiscoEApplication using Java 21.0.12.1 with PID 474042 (/home/cleber/desv/2-doing/sisco-project/sisco-e/target/classes started by cleber in /home/cleber/desv/2-doing/sisco-project/sisco-e)
2026-10-09 14:25:22 [restartedMain] DEBUG c.sisco_e.escola.SiscoEApplication - Running with Spring Boot v4.0.7, Spring v7.0.8
2026-10-09 14:25:22 [restartedMain] INFO  c.sisco_e.escola.SiscoEApplication - No active profile set, falling back to 1 default profile: "default"
2026-10-09 14:25:22 [restartedMain] INFO  o.s.b.d.e.DevToolsPropertyDefaultsPostProcessor - Devtools property defaults active! Set 'spring.devtools.add-properties' to 'false' to disable
2026-10-09 14:25:22 [restartedMain] INFO  o.s.b.d.e.DevToolsPropertyDefaultsPostProcessor - For additional web related logging consider setting the 'logging.level.web' property to 'DEBUG'
2026-10-09 14:25:25 [restartedMain] INFO  o.s.d.r.c.RepositoryConfigurationDelegate - Multiple Spring Data modules found, entering strict repository configuration mode
2026-10-09 14:25:25 [restartedMain] INFO  o.s.d.r.c.RepositoryConfigurationDelegate - Bootstrapping Spring Data Redis repositories in DEFAULT mode.
2026-10-09 14:25:25 [restartedMain] INFO  o.s.d.r.c.RepositoryConfigurationExtensionSupport - Spring Data Redis - Could not safely identify store assignment for repository candidate interface com.sisco_e.escola.model.repository.ContratoInternetRepository; If you want this repository to be a Redis repository, consider annotating your entities with one of these annotations: org.springframework.data.redis.core.RedisHash (preferred), or consider extending one of the following types with your repository: org.springframework.data.keyvalue.repository.KeyValueRepository
2026-10-09 14:25:25 [restartedMain] INFO  o.s.d.r.c.RepositoryConfigurationExtensionSupport - Spring Data Redis - Could not safely identify store assignment for repository candidate interface com.sisco_e.escola.model.repository.DiretorRepository; If you want this repository to be a Redis repository, consider annotating your entities with one of these annotations: org.springframework.data.redis.core.RedisHash (preferred), or consider extending one of the following types with your repository: org.springframework.data.keyvalue.repository.KeyValueRepository
2026-10-09 14:25:25 [restartedMain] INFO  o.s.d.r.c.RepositoryConfigurationExtensionSupport - Spring Data Redis - Could not safely identify store assignment for repository candidate interface com.sisco_e.escola.model.repository.EscolaRepository; If you want this repository to be a Redis repository, consider annotating your entities with one of these annotations: org.springframework.data.redis.core.RedisHash (preferred), or consider extending one of the following types with your repository: org.springframework.data.keyvalue.repository.KeyValueRepository
2026-10-09 14:25:25 [restartedMain] INFO  o.s.d.r.c.RepositoryConfigurationExtensionSupport - Spring Data Redis - Could not safely identify store assignment for repository candidate interface com.sisco_e.escola.model.repository.LinkInternetRepository; If you want this repository to be a Redis repository, consider annotating your entities with one of these annotations: org.springframework.data.redis.core.RedisHash (preferred), or consider extending one of the following types with your repository: org.springframework.data.keyvalue.repository.KeyValueRepository
2026-10-09 14:25:25 [restartedMain] INFO  o.s.d.r.c.RepositoryConfigurationExtensionSupport - Spring Data Redis - Could not safely identify store assignment for repository candidate interface com.sisco_e.escola.model.repository.ProvedorInternetRepository; If you want this repository to be a Redis repository, consider annotating your entities with one of these annotations: org.springframework.data.redis.core.RedisHash (preferred), or consider extending one of the following types with your repository: org.springframework.data.keyvalue.repository.KeyValueRepository
2026-10-09 14:25:25 [restartedMain] INFO  o.s.d.r.c.RepositoryConfigurationExtensionSupport - Spring Data Redis - Could not safely identify store assignment for repository candidate interface com.sisco_e.escola.model.repository.UsuarioRepository; If you want this repository to be a Redis repository, consider annotating your entities with one of these annotations: org.springframework.data.redis.core.RedisHash (preferred), or consider extending one of the following types with your repository: org.springframework.data.keyvalue.repository.KeyValueRepository
2026-10-09 14:25:25 [restartedMain] INFO  o.s.d.r.c.RepositoryConfigurationDelegate - Finished Spring Data repository scanning in 136 ms. Found 1 Redis repository interface.
2026-10-09 14:25:25 [restartedMain] INFO  o.s.d.r.c.RepositoryConfigurationDelegate - Multiple Spring Data modules found, entering strict repository configuration mode
2026-10-09 14:25:25 [restartedMain] INFO  o.s.d.r.c.RepositoryConfigurationDelegate - Bootstrapping Spring Data JPA repositories in DEFAULT mode.
2026-10-09 14:25:25 [restartedMain] INFO  o.s.d.r.c.RepositoryConfigurationExtensionSupport - Spring Data JPA - Could not safely identify store assignment for repository candidate interface com.sisco_e.escola.model.repository.RefreshTokenRepository; If you want this repository to be a JPA repository, consider annotating your entities with one of these annotations: jakarta.persistence.Entity, jakarta.persistence.MappedSuperclass (preferred), or consider extending one of the following types with your repository: org.springframework.data.jpa.repository.JpaRepository
2026-10-09 14:25:25 [restartedMain] INFO  o.s.d.r.c.RepositoryConfigurationDelegate - Finished Spring Data repository scanning in 40 ms. Found 6 JPA repository interfaces.
2026-10-09 14:25:27 [restartedMain] INFO  o.s.boot.tomcat.TomcatWebServer - Tomcat initialized with port 8080 (http)
2026-10-09 14:25:27 [restartedMain] INFO  o.a.catalina.core.StandardService - Starting service [Tomcat]
2026-10-09 14:25:27 [restartedMain] INFO  o.a.catalina.core.StandardEngine - Starting Servlet engine: [Apache Tomcat/11.0.22]
2026-10-09 14:25:27 [restartedMain] INFO  o.s.b.w.c.s.WebApplicationContextInitializer - Root WebApplicationContext: initialization completed in 4505 ms
2026-10-09 14:25:27 [restartedMain] INFO  org.hibernate.orm.jpa - HHH008540: Processing PersistenceUnitInfo [name: default]
2026-10-09 14:25:27 [restartedMain] INFO  org.hibernate.orm.core - HHH000001: Hibernate ORM core version 7.2.19.Final
2026-10-09 14:25:28 [restartedMain] INFO  o.h.e.b.internal.EnversServiceImpl - Envers integration enabled? : true
2026-10-09 14:25:28 [restartedMain] INFO  o.s.o.j.p.SpringPersistenceUnitInfo - No LoadTimeWeaver setup: ignoring JPA class transformer
2026-10-09 14:25:29 [restartedMain] INFO  com.zaxxer.hikari.HikariDataSource - HikariPool-1 - Starting...
2026-10-09 14:25:30 [restartedMain] INFO  com.zaxxer.hikari.pool.HikariPool - HikariPool-1 - Added connection org.postgresql.jdbc.PgConnection@4ecd400b
2026-10-09 14:25:30 [restartedMain] INFO  com.zaxxer.hikari.HikariDataSource - HikariPool-1 - Start completed.
2026-10-09 14:25:30 [restartedMain] INFO  o.hibernate.orm.connections.pooling - HHH10001005: Database info:
	Database JDBC URL [jdbc:postgresql://localhost:5432/sisco]
	Database driver: PostgreSQL JDBC Driver
	Database dialect: PostgreSQLDialect
	Database version: 18.6
	Default catalog/schema: sisco/public
	Autocommit mode: undefined/unknown
	Isolation level: READ_COMMITTED [default READ_COMMITTED]
	JDBC fetch size: none
	Pool: DataSourceConnectionProvider
	Minimum pool size: undefined/unknown
	Maximum pool size: undefined/unknown
2026-10-09 14:25:31 [restartedMain] INFO  o.h.e.c.i.m.AuditMetadataGenerator - Adding properties for entity: com.sisco_e.escola.model.entity.Escola
2026-10-09 14:25:31 [restartedMain] INFO  o.h.e.c.i.m.AuditMetadataGenerator - Adding properties for entity: com.sisco_e.escola.model.entity.Diretor
2026-10-09 14:25:31 [restartedMain] INFO  o.h.e.c.i.m.AuditMetadataGenerator - Adding properties for entity: com.sisco_e.escola.model.entity.Usuario
2026-10-09 14:25:32 [restartedMain] INFO  org.hibernate.orm.core - HHH000489: No JTA platform available (set 'hibernate.transaction.jta.platform' to enable JTA platform integration)
2026-10-09 14:25:32 [restartedMain] ERROR o.s.o.j.LocalContainerEntityManagerFactoryBean - Failed to initialize JPA EntityManagerFactory: Unable to build Hibernate SessionFactory  [persistence unit: default] ; nested exception is org.hibernate.tool.schema.spi.SchemaManagementException: Schema validation: missing table [siscoescola.tb_contrato_net]
2026-10-09 14:25:32 [restartedMain] ERROR o.s.b.t.s.DeferredServletContainerInitializers - Error starting Tomcat context. Exception: org.springframework.beans.factory.UnsatisfiedDependencyException. Message: Error creating bean with name 'jwtAuthenticationFilter' defined in file [/home/cleber/desv/2-doing/sisco-project/sisco-e/target/classes/com/sisco_e/escola/security/JwtAuthenticationFilter.class]: Unsatisfied dependency expressed through constructor parameter 1: Error creating bean with name 'usuarioDetailsService' defined in file [/home/cleber/desv/2-doing/sisco-project/sisco-e/target/classes/com/sisco_e/escola/config/UsuarioDetailsService.class]: Unsatisfied dependency expressed through constructor parameter 0: Error creating bean with name 'usuarioRepository' defined in com.sisco_e.escola.model.repository.UsuarioRepository defined in @EnableJpaRepositories declared on DataJpaRepositoriesRegistrar.EnableJpaRepositoriesConfiguration: Cannot resolve reference to bean 'jpaSharedEM_entityManagerFactory' while setting bean property 'entityManager'
2026-10-09 14:25:32 [restartedMain] INFO  o.a.catalina.core.StandardService - Stopping service [Tomcat]
2026-10-09 14:25:32 [restartedMain] WARN  o.a.c.loader.WebappClassLoaderBase - The web application [ROOT] appears to have started a thread named [HikariPool-1:housekeeper] but has failed to stop it. This is very likely to create a memory leak. Stack trace of thread:
 java.base/jdk.internal.misc.Unsafe.park(Native Method)
 java.base/java.util.concurrent.locks.LockSupport.parkNanos(LockSupport.java:269)
 java.base/java.util.concurrent.locks.AbstractQueuedSynchronizer$ConditionObject.awaitNanos(AbstractQueuedSynchronizer.java:1797)
 java.base/java.util.concurrent.ScheduledThreadPoolExecutor$DelayedWorkQueue.take(ScheduledThreadPoolExecutor.java:1182)
 java.base/java.util.concurrent.ScheduledThreadPoolExecutor$DelayedWorkQueue.take(ScheduledThreadPoolExecutor.java:899)
 java.base/java.util.concurrent.ThreadPoolExecutor.getTask(ThreadPoolExecutor.java:1070)
 java.base/java.util.concurrent.ThreadPoolExecutor.runWorker(ThreadPoolExecutor.java:1130)
 java.base/java.util.concurrent.ThreadPoolExecutor$Worker.run(ThreadPoolExecutor.java:642)
 java.base/java.lang.Thread.run(Thread.java:1583)
2026-10-09 14:25:32 [restartedMain] WARN  o.a.c.loader.WebappClassLoaderBase - The web application [ROOT] appears to have started a thread named [HikariPool-1:connection-adder] but has failed to stop it. This is very likely to create a memory leak. Stack trace of thread:
 java.base/jdk.internal.misc.Unsafe.park(Native Method)
 java.base/java.util.concurrent.locks.LockSupport.parkNanos(LockSupport.java:269)
 java.base/java.util.concurrent.locks.AbstractQueuedSynchronizer$ConditionObject.awaitNanos(AbstractQueuedSynchronizer.java:1797)
 java.base/java.util.concurrent.LinkedBlockingQueue.poll(LinkedBlockingQueue.java:460)
 java.base/java.util.concurrent.ThreadPoolExecutor.getTask(ThreadPoolExecutor.java:1069)
 java.base/java.util.concurrent.ThreadPoolExecutor.runWorker(ThreadPoolExecutor.java:1130)
 java.base/java.util.concurrent.ThreadPoolExecutor$Worker.run(ThreadPoolExecutor.java:642)
 java.base/java.lang.Thread.run(Thread.java:1583)
2026-10-09 14:25:32 [restartedMain] WARN  o.s.b.w.s.s.c.AnnotationConfigServletWebServerApplicationContext - Exception encountered during context initialization - cancelling refresh attempt: org.springframework.context.ApplicationContextException: Unable to start web server
2026-10-09 14:25:32 [restartedMain] INFO  com.zaxxer.hikari.HikariDataSource - HikariPool-1 - Shutdown initiated...
2026-10-09 14:25:32 [restartedMain] INFO  com.zaxxer.hikari.HikariDataSource - HikariPool-1 - Shutdown completed.
2026-10-09 14:25:32 [restartedMain] INFO  o.s.b.a.l.ConditionEvaluationReportLogger - 

Error starting ApplicationContext. To display the condition evaluation report re-run your application with 'debug' enabled.
2026-10-09 14:25:32 [restartedMain] ERROR o.s.boot.SpringApplication - Application run failed
org.springframework.context.ApplicationContextException: Unable to start web server
	at org.springframework.boot.web.server.servlet.context.ServletWebServerApplicationContext.onRefresh(ServletWebServerApplicationContext.java:167)
	at org.springframework.context.support.AbstractApplicationContext.refresh(AbstractApplicationContext.java:615)
	at org.springframework.boot.web.server.servlet.context.ServletWebServerApplicationContext.refresh(ServletWebServerApplicationContext.java:143)
	at org.springframework.boot.SpringApplication.refresh(SpringApplication.java:756)
	at org.springframework.boot.SpringApplication.refreshContext(SpringApplication.java:445)
	at org.springframework.boot.SpringApplication.run(SpringApplication.java:321)
	at org.springframework.boot.SpringApplication.run(SpringApplication.java:1365)
	at org.springframework.boot.SpringApplication.run(SpringApplication.java:1354)
	at com.sisco_e.escola.SiscoEApplication.main(SiscoEApplication.java:12)
	at java.base/jdk.internal.reflect.DirectMethodHandleAccessor.invoke(DirectMethodHandleAccessor.java:103)
	at java.base/java.lang.reflect.Method.invoke(Method.java:580)
	at org.springframework.boot.devtools.restart.RestartLauncher.run(RestartLauncher.java:52)
Caused by: org.springframework.boot.web.server.WebServerException: Unable to start embedded Tomcat
	at org.springframework.boot.tomcat.TomcatWebServer.initialize(TomcatWebServer.java:150)
	at org.springframework.boot.tomcat.TomcatWebServer.<init>(TomcatWebServer.java:110)
	at org.springframework.boot.tomcat.servlet.TomcatServletWebServerFactory.getTomcatWebServer(TomcatServletWebServerFactory.java:408)
	at org.springframework.boot.tomcat.servlet.TomcatServletWebServerFactory.getWebServer(TomcatServletWebServerFactory.java:166)
	at org.springframework.boot.web.server.servlet.context.ServletWebServerApplicationContext.createWebServer(ServletWebServerApplicationContext.java:190)
	at org.springframework.boot.web.server.servlet.context.ServletWebServerApplicationContext.onRefresh(ServletWebServerApplicationContext.java:164)
	... 11 common frames omitted
Caused by: org.springframework.beans.factory.UnsatisfiedDependencyException: Error creating bean with name 'jwtAuthenticationFilter' defined in file [/home/cleber/desv/2-doing/sisco-project/sisco-e/target/classes/com/sisco_e/escola/security/JwtAuthenticationFilter.class]: Unsatisfied dependency expressed through constructor parameter 1: Error creating bean with name 'usuarioDetailsService' defined in file [/home/cleber/desv/2-doing/sisco-project/sisco-e/target/classes/com/sisco_e/escola/config/UsuarioDetailsService.class]: Unsatisfied dependency expressed through constructor parameter 0: Error creating bean with name 'usuarioRepository' defined in com.sisco_e.escola.model.repository.UsuarioRepository defined in @EnableJpaRepositories declared on DataJpaRepositoriesRegistrar.EnableJpaRepositoriesConfiguration: Cannot resolve reference to bean 'jpaSharedEM_entityManagerFactory' while setting bean property 'entityManager'
	at org.springframework.beans.factory.support.ConstructorResolver.createArgumentArray(ConstructorResolver.java:804)
	at org.springframework.beans.factory.support.ConstructorResolver.autowireConstructor(ConstructorResolver.java:240)
	at org.springframework.beans.factory.support.AbstractAutowireCapableBeanFactory.autowireConstructor(AbstractAutowireCapableBeanFactory.java:1380)
	at org.springframework.beans.factory.support.AbstractAutowireCapableBeanFactory.createBeanInstance(AbstractAutowireCapableBeanFactory.java:1219)
	at org.springframework.beans.factory.support.AbstractAutowireCapableBeanFactory.doCreateBean(AbstractAutowireCapableBeanFactory.java:565)
	at org.springframework.beans.factory.support.AbstractAutowireCapableBeanFactory.createBean(AbstractAutowireCapableBeanFactory.java:525)
	at org.springframework.beans.factory.support.AbstractBeanFactory.lambda$doGetBean$0(AbstractBeanFactory.java:333)
	at org.springframework.beans.factory.support.DefaultSingletonBeanRegistry.getSingleton(DefaultSingletonBeanRegistry.java:371)
	at org.springframework.beans.factory.support.AbstractBeanFactory.doGetBean(AbstractBeanFactory.java:331)
	at org.springframework.beans.factory.support.AbstractBeanFactory.getBean(AbstractBeanFactory.java:201)
	at org.springframework.boot.web.servlet.ServletContextInitializerBeans.getOrderedBeansOfType(ServletContextInitializerBeans.java:231)
	at org.springframework.boot.web.servlet.ServletContextInitializerBeans.addAsRegistrationBean(ServletContextInitializerBeans.java:185)
	at org.springframework.boot.web.servlet.ServletContextInitializerBeans.addAsRegistrationBean(ServletContextInitializerBeans.java:180)
	at org.springframework.boot.web.servlet.ServletContextInitializerBeans.addAdaptableBeans(ServletContextInitializerBeans.java:165)
	at org.springframework.boot.web.servlet.ServletContextInitializerBeans.<init>(ServletContextInitializerBeans.java:97)
	at org.springframework.boot.web.context.servlet.WebApplicationContextInitializer.initialize(WebApplicationContextInitializer.java:53)
	at org.springframework.boot.tomcat.servlet.DeferredServletContainerInitializers.onStartup(DeferredServletContainerInitializers.java:55)
	at org.apache.catalina.core.StandardContext.startInternal(StandardContext.java:4420)
	at org.apache.catalina.util.LifecycleBase.start(LifecycleBase.java:164)
	at org.apache.catalina.core.ContainerBase$StartChild.call(ContainerBase.java:1162)
	at org.apache.catalina.core.ContainerBase$StartChild.call(ContainerBase.java:1158)
	at java.base/java.util.concurrent.FutureTask.run(FutureTask.java:317)
	at org.apache.tomcat.util.threads.InlineExecutorService.execute(InlineExecutorService.java:81)
	at java.base/java.util.concurrent.AbstractExecutorService.submit(AbstractExecutorService.java:145)
	at org.apache.catalina.core.ContainerBase.startInternal(ContainerBase.java:714)
	at org.apache.catalina.core.StandardHost.startInternal(StandardHost.java:780)
	at org.apache.catalina.util.LifecycleBase.start(LifecycleBase.java:164)
	at org.apache.catalina.core.ContainerBase$StartChild.call(ContainerBase.java:1162)
	at org.apache.catalina.core.ContainerBase$StartChild.call(ContainerBase.java:1158)
	at java.base/java.util.concurrent.FutureTask.run(FutureTask.java:317)
	at org.apache.tomcat.util.threads.InlineExecutorService.execute(InlineExecutorService.java:81)
	at java.base/java.util.concurrent.AbstractExecutorService.submit(AbstractExecutorService.java:145)
	at org.apache.catalina.core.ContainerBase.startInternal(ContainerBase.java:714)
	at org.apache.catalina.core.StandardEngine.startInternal(StandardEngine.java:201)
	at org.apache.catalina.util.LifecycleBase.start(LifecycleBase.java:164)
	at org.apache.catalina.core.StandardService.startInternal(StandardService.java:410)
	at org.apache.catalina.util.LifecycleBase.start(LifecycleBase.java:164)
	at org.apache.catalina.core.StandardServer.startInternal(StandardServer.java:864)
	at org.apache.catalina.util.LifecycleBase.start(LifecycleBase.java:164)
	at org.apache.catalina.startup.Tomcat.start(Tomcat.java:435)
	at org.springframework.boot.tomcat.TomcatWebServer.initialize(TomcatWebServer.java:131)
	... 16 common frames omitted
Caused by: org.springframework.beans.factory.UnsatisfiedDependencyException: Error creating bean with name 'usuarioDetailsService' defined in file [/home/cleber/desv/2-doing/sisco-project/sisco-e/target/classes/com/sisco_e/escola/config/UsuarioDetailsService.class]: Unsatisfied dependency expressed through constructor parameter 0: Error creating bean with name 'usuarioRepository' defined in com.sisco_e.escola.model.repository.UsuarioRepository defined in @EnableJpaRepositories declared on DataJpaRepositoriesRegistrar.EnableJpaRepositoriesConfiguration: Cannot resolve reference to bean 'jpaSharedEM_entityManagerFactory' while setting bean property 'entityManager'
	at org.springframework.beans.factory.support.ConstructorResolver.createArgumentArray(ConstructorResolver.java:804)
	at org.springframework.beans.factory.support.ConstructorResolver.autowireConstructor(ConstructorResolver.java:240)
	at org.springframework.beans.factory.support.AbstractAutowireCapableBeanFactory.autowireConstructor(AbstractAutowireCapableBeanFactory.java:1380)
	at org.springframework.beans.factory.support.AbstractAutowireCapableBeanFactory.createBeanInstance(AbstractAutowireCapableBeanFactory.java:1219)
	at org.springframework.beans.factory.support.AbstractAutowireCapableBeanFactory.doCreateBean(AbstractAutowireCapableBeanFactory.java:565)
	at org.springframework.beans.factory.support.AbstractAutowireCapableBeanFactory.createBean(AbstractAutowireCapableBeanFactory.java:525)
	at org.springframework.beans.factory.support.AbstractBeanFactory.lambda$doGetBean$0(AbstractBeanFactory.java:333)
	at org.springframework.beans.factory.support.DefaultSingletonBeanRegistry.getSingleton(DefaultSingletonBeanRegistry.java:371)
	at org.springframework.beans.factory.support.AbstractBeanFactory.doGetBean(AbstractBeanFactory.java:331)
	at org.springframework.beans.factory.support.AbstractBeanFactory.getBean(AbstractBeanFactory.java:201)
	at org.springframework.beans.factory.config.DependencyDescriptor.resolveCandidate(DependencyDescriptor.java:229)
	at org.springframework.beans.factory.support.DefaultListableBeanFactory.doResolveDependency(DefaultListableBeanFactory.java:1769)
	at org.springframework.beans.factory.support.DefaultListableBeanFactory.resolveDependency(DefaultListableBeanFactory.java:1658)
	at org.springframework.beans.factory.support.ConstructorResolver.resolveAutowiredArgument(ConstructorResolver.java:912)
	at org.springframework.beans.factory.support.ConstructorResolver.createArgumentArray(ConstructorResolver.java:791)
	... 56 common frames omitted
Caused by: org.springframework.beans.factory.BeanCreationException: Error creating bean with name 'usuarioRepository' defined in com.sisco_e.escola.model.repository.UsuarioRepository defined in @EnableJpaRepositories declared on DataJpaRepositoriesRegistrar.EnableJpaRepositoriesConfiguration: Cannot resolve reference to bean 'jpaSharedEM_entityManagerFactory' while setting bean property 'entityManager'
	at org.springframework.beans.factory.support.BeanDefinitionValueResolver.resolveReference(BeanDefinitionValueResolver.java:377)
	at org.springframework.beans.factory.support.BeanDefinitionValueResolver.resolveValueIfNecessary(BeanDefinitionValueResolver.java:135)
	at org.springframework.beans.factory.support.AbstractAutowireCapableBeanFactory.applyPropertyValues(AbstractAutowireCapableBeanFactory.java:1710)
	at org.springframework.beans.factory.support.AbstractAutowireCapableBeanFactory.populateBean(AbstractAutowireCapableBeanFactory.java:1459)
	at org.springframework.beans.factory.support.AbstractAutowireCapableBeanFactory.doCreateBean(AbstractAutowireCapableBeanFactory.java:602)
	at org.springframework.beans.factory.support.AbstractAutowireCapableBeanFactory.createBean(AbstractAutowireCapableBeanFactory.java:525)
	at org.springframework.beans.factory.support.AbstractBeanFactory.lambda$doGetBean$0(AbstractBeanFactory.java:333)
	at org.springframework.beans.factory.support.DefaultSingletonBeanRegistry.getSingleton(DefaultSingletonBeanRegistry.java:371)
	at org.springframework.beans.factory.support.AbstractBeanFactory.doGetBean(AbstractBeanFactory.java:331)
	at org.springframework.beans.factory.support.AbstractBeanFactory.getBean(AbstractBeanFactory.java:201)
	at org.springframework.beans.factory.support.DefaultListableBeanFactory.resolveBean(DefaultListableBeanFactory.java:1232)
	at org.springframework.beans.factory.support.DefaultListableBeanFactory.doResolveDependency(DefaultListableBeanFactory.java:1711)
	at org.springframework.beans.factory.support.DefaultListableBeanFactory.resolveDependency(DefaultListableBeanFactory.java:1658)
	at org.springframework.beans.factory.support.ConstructorResolver.resolveAutowiredArgument(ConstructorResolver.java:912)
	at org.springframework.beans.factory.support.ConstructorResolver.createArgumentArray(ConstructorResolver.java:791)
	... 70 common frames omitted
Caused by: org.springframework.beans.factory.BeanCreationException: Error creating bean with name 'jpaSharedEM_entityManagerFactory': Cannot resolve reference to bean 'entityManagerFactory' while setting constructor argument
	at org.springframework.beans.factory.support.BeanDefinitionValueResolver.resolveReference(BeanDefinitionValueResolver.java:377)
	at org.springframework.beans.factory.support.BeanDefinitionValueResolver.resolveValueIfNecessary(BeanDefinitionValueResolver.java:135)
	at org.springframework.beans.factory.support.ConstructorResolver.resolveConstructorArguments(ConstructorResolver.java:691)
	at org.springframework.beans.factory.support.ConstructorResolver.instantiateUsingFactoryMethod(ConstructorResolver.java:513)
	at org.springframework.beans.factory.support.AbstractAutowireCapableBeanFactory.instantiateUsingFactoryMethod(AbstractAutowireCapableBeanFactory.java:1360)
	at org.springframework.beans.factory.support.AbstractAutowireCapableBeanFactory.createBeanInstance(AbstractAutowireCapableBeanFactory.java:1192)
	at org.springframework.beans.factory.support.AbstractAutowireCapableBeanFactory.doCreateBean(AbstractAutowireCapableBeanFactory.java:565)
	at org.springframework.beans.factory.support.AbstractAutowireCapableBeanFactory.createBean(AbstractAutowireCapableBeanFactory.java:525)
	at org.springframework.beans.factory.support.AbstractBeanFactory.lambda$doGetBean$0(AbstractBeanFactory.java:333)
	at org.springframework.beans.factory.support.DefaultSingletonBeanRegistry.getSingleton(DefaultSingletonBeanRegistry.java:371)
	at org.springframework.beans.factory.support.AbstractBeanFactory.doGetBean(AbstractBeanFactory.java:331)
	at org.springframework.beans.factory.support.AbstractBeanFactory.getBean(AbstractBeanFactory.java:201)
	at org.springframework.beans.factory.support.BeanDefinitionValueResolver.resolveReference(BeanDefinitionValueResolver.java:356)
	... 84 common frames omitted
Caused by: org.springframework.beans.factory.BeanCreationException: Error creating bean with name 'entityManagerFactory' defined in class path resource [org/springframework/boot/hibernate/autoconfigure/HibernateJpaConfiguration.class]: Unable to build Hibernate SessionFactory  [persistence unit: default] ; nested exception is org.hibernate.tool.schema.spi.SchemaManagementException: Schema validation: missing table [siscoescola.tb_contrato_net]
	at org.springframework.beans.factory.support.AbstractAutowireCapableBeanFactory.initializeBean(AbstractAutowireCapableBeanFactory.java:1815)
	at org.springframework.beans.factory.support.AbstractAutowireCapableBeanFactory.doCreateBean(AbstractAutowireCapableBeanFactory.java:603)
	at org.springframework.beans.factory.support.AbstractAutowireCapableBeanFactory.createBean(AbstractAutowireCapableBeanFactory.java:525)
	at org.springframework.beans.factory.support.AbstractBeanFactory.lambda$doGetBean$0(AbstractBeanFactory.java:333)
	at org.springframework.beans.factory.support.DefaultSingletonBeanRegistry.getSingleton(DefaultSingletonBeanRegistry.java:371)
	at org.springframework.beans.factory.support.AbstractBeanFactory.doGetBean(AbstractBeanFactory.java:331)
	at org.springframework.beans.factory.support.AbstractBeanFactory.getBean(AbstractBeanFactory.java:196)
	at org.springframework.beans.factory.support.BeanDefinitionValueResolver.resolveReference(BeanDefinitionValueResolver.java:365)
	... 96 common frames omitted
Caused by: jakarta.persistence.PersistenceException: Unable to build Hibernate SessionFactory  [persistence unit: default] ; nested exception is org.hibernate.tool.schema.spi.SchemaManagementException: Schema validation: missing table [siscoescola.tb_contrato_net]
	at org.springframework.orm.jpa.AbstractEntityManagerFactoryBean.buildNativeEntityManagerFactory(AbstractEntityManagerFactoryBean.java:448)
	at org.springframework.orm.jpa.AbstractEntityManagerFactoryBean.afterPropertiesSet(AbstractEntityManagerFactoryBean.java:411)
	at org.springframework.orm.jpa.LocalContainerEntityManagerFactoryBean.afterPropertiesSet(LocalContainerEntityManagerFactoryBean.java:419)
	at org.springframework.beans.factory.support.AbstractAutowireCapableBeanFactory.invokeInitMethods(AbstractAutowireCapableBeanFactory.java:1862)
	at org.springframework.beans.factory.support.AbstractAutowireCapableBeanFactory.initializeBean(AbstractAutowireCapableBeanFactory.java:1811)
	... 103 common frames omitted
Caused by: org.hibernate.tool.schema.spi.SchemaManagementException: Schema validation: missing table [siscoescola.tb_contrato_net]
	at org.hibernate.tool.schema.internal.AbstractSchemaValidator.validateTable(AbstractSchemaValidator.java:121)
	at org.hibernate.tool.schema.internal.GroupedSchemaValidatorImpl.validateTables(GroupedSchemaValidatorImpl.java:42)
	at org.hibernate.tool.schema.internal.AbstractSchemaValidator.performValidation(AbstractSchemaValidator.java:90)
	at org.hibernate.tool.schema.internal.AbstractSchemaValidator.doValidation(AbstractSchemaValidator.java:68)
	at org.hibernate.tool.schema.spi.SchemaManagementToolCoordinator.performDatabaseAction(SchemaManagementToolCoordinator.java:278)
	at org.hibernate.tool.schema.spi.SchemaManagementToolCoordinator.lambda$process$1(SchemaManagementToolCoordinator.java:101)
	at java.base/java.util.HashMap.forEach(HashMap.java:1429)
	at org.hibernate.tool.schema.spi.SchemaManagementToolCoordinator.process(SchemaManagementToolCoordinator.java:100)
	at org.hibernate.boot.internal.SessionFactoryObserverForSchemaExport.sessionFactoryCreated(SessionFactoryObserverForSchemaExport.java:35)
	at org.hibernate.internal.SessionFactoryObserverChain.sessionFactoryCreated(SessionFactoryObserverChain.java:33)
	at org.hibernate.internal.SessionFactoryImpl.<init>(SessionFactoryImpl.java:323)
	at org.hibernate.internal.SessionFactoryRegistry.instantiateSessionFactory(SessionFactoryRegistry.java:64)
	at org.hibernate.boot.internal.SessionFactoryBuilderImpl.build(SessionFactoryBuilderImpl.java:437)
	at org.hibernate.jpa.boot.internal.EntityManagerFactoryBuilderImpl.build(EntityManagerFactoryBuilderImpl.java:1456)
	at org.springframework.orm.jpa.vendor.SpringHibernateJpaPersistenceProvider.createContainerEntityManagerFactory(SpringHibernateJpaPersistenceProvider.java:93)
	at org.springframework.orm.jpa.LocalContainerEntityManagerFactoryBean.createNativeEntityManagerFactory(LocalContainerEntityManagerFactoryBean.java:443)
	at org.springframework.orm.jpa.AbstractEntityManagerFactoryBean.buildNativeEntityManagerFactory(AbstractEntityManagerFactoryBean.java:436)
	... 107 common frames omitted
2026-10-09 14:27:56 [restartedMain] INFO  c.sisco_e.escola.SiscoEApplication - Starting SiscoEApplication using Java 21.0.12.1 with PID 476382 (/home/cleber/desv/2-doing/sisco-project/sisco-e/target/classes started by cleber in /home/cleber/desv/2-doing/sisco-project/sisco-e)
2026-10-09 14:27:56 [restartedMain] DEBUG c.sisco_e.escola.SiscoEApplication - Running with Spring Boot v4.0.7, Spring v7.0.8
2026-10-09 14:27:56 [restartedMain] INFO  c.sisco_e.escola.SiscoEApplication - No active profile set, falling back to 1 default profile: "default"
2026-10-09 14:27:56 [restartedMain] INFO  o.s.b.d.e.DevToolsPropertyDefaultsPostProcessor - Devtools property defaults active! Set 'spring.devtools.add-properties' to 'false' to disable
2026-10-09 14:27:56 [restartedMain] INFO  o.s.b.d.e.DevToolsPropertyDefaultsPostProcessor - For additional web related logging consider setting the 'logging.level.web' property to 'DEBUG'
2026-10-09 14:27:57 [restartedMain] INFO  o.s.d.r.c.RepositoryConfigurationDelegate - Multiple Spring Data modules found, entering strict repository configuration mode
2026-10-09 14:27:57 [restartedMain] INFO  o.s.d.r.c.RepositoryConfigurationDelegate - Bootstrapping Spring Data Redis repositories in DEFAULT mode.
2026-10-09 14:27:57 [restartedMain] INFO  o.s.d.r.c.RepositoryConfigurationExtensionSupport - Spring Data Redis - Could not safely identify store assignment for repository candidate interface com.sisco_e.escola.model.repository.ContratoInternetRepository; If you want this repository to be a Redis repository, consider annotating your entities with one of these annotations: org.springframework.data.redis.core.RedisHash (preferred), or consider extending one of the following types with your repository: org.springframework.data.keyvalue.repository.KeyValueRepository
2026-10-09 14:27:57 [restartedMain] INFO  o.s.d.r.c.RepositoryConfigurationExtensionSupport - Spring Data Redis - Could not safely identify store assignment for repository candidate interface com.sisco_e.escola.model.repository.DiretorRepository; If you want this repository to be a Redis repository, consider annotating your entities with one of these annotations: org.springframework.data.redis.core.RedisHash (preferred), or consider extending one of the following types with your repository: org.springframework.data.keyvalue.repository.KeyValueRepository
2026-10-09 14:27:57 [restartedMain] INFO  o.s.d.r.c.RepositoryConfigurationExtensionSupport - Spring Data Redis - Could not safely identify store assignment for repository candidate interface com.sisco_e.escola.model.repository.EscolaRepository; If you want this repository to be a Redis repository, consider annotating your entities with one of these annotations: org.springframework.data.redis.core.RedisHash (preferred), or consider extending one of the following types with your repository: org.springframework.data.keyvalue.repository.KeyValueRepository
2026-10-09 14:27:57 [restartedMain] INFO  o.s.d.r.c.RepositoryConfigurationExtensionSupport - Spring Data Redis - Could not safely identify store assignment for repository candidate interface com.sisco_e.escola.model.repository.LinkInternetRepository; If you want this repository to be a Redis repository, consider annotating your entities with one of these annotations: org.springframework.data.redis.core.RedisHash (preferred), or consider extending one of the following types with your repository: org.springframework.data.keyvalue.repository.KeyValueRepository
2026-10-09 14:27:57 [restartedMain] INFO  o.s.d.r.c.RepositoryConfigurationExtensionSupport - Spring Data Redis - Could not safely identify store assignment for repository candidate interface com.sisco_e.escola.model.repository.ProvedorInternetRepository; If you want this repository to be a Redis repository, consider annotating your entities with one of these annotations: org.springframework.data.redis.core.RedisHash (preferred), or consider extending one of the following types with your repository: org.springframework.data.keyvalue.repository.KeyValueRepository
2026-10-09 14:27:57 [restartedMain] INFO  o.s.d.r.c.RepositoryConfigurationExtensionSupport - Spring Data Redis - Could not safely identify store assignment for repository candidate interface com.sisco_e.escola.model.repository.UsuarioRepository; If you want this repository to be a Redis repository, consider annotating your entities with one of these annotations: org.springframework.data.redis.core.RedisHash (preferred), or consider extending one of the following types with your repository: org.springframework.data.keyvalue.repository.KeyValueRepository
2026-10-09 14:27:57 [restartedMain] INFO  o.s.d.r.c.RepositoryConfigurationDelegate - Finished Spring Data repository scanning in 137 ms. Found 1 Redis repository interface.
2026-10-09 14:27:57 [restartedMain] INFO  o.s.d.r.c.RepositoryConfigurationDelegate - Multiple Spring Data modules found, entering strict repository configuration mode
2026-10-09 14:27:57 [restartedMain] INFO  o.s.d.r.c.RepositoryConfigurationDelegate - Bootstrapping Spring Data JPA repositories in DEFAULT mode.
2026-10-09 14:27:57 [restartedMain] INFO  o.s.d.r.c.RepositoryConfigurationExtensionSupport - Spring Data JPA - Could not safely identify store assignment for repository candidate interface com.sisco_e.escola.model.repository.RefreshTokenRepository; If you want this repository to be a JPA repository, consider annotating your entities with one of these annotations: jakarta.persistence.Entity, jakarta.persistence.MappedSuperclass (preferred), or consider extending one of the following types with your repository: org.springframework.data.jpa.repository.JpaRepository
2026-10-09 14:27:57 [restartedMain] INFO  o.s.d.r.c.RepositoryConfigurationDelegate - Finished Spring Data repository scanning in 41 ms. Found 6 JPA repository interfaces.
2026-10-09 14:27:58 [restartedMain] INFO  o.s.boot.tomcat.TomcatWebServer - Tomcat initialized with port 8080 (http)
2026-10-09 14:27:58 [restartedMain] INFO  o.a.catalina.core.StandardService - Starting service [Tomcat]
2026-10-09 14:27:58 [restartedMain] INFO  o.a.catalina.core.StandardEngine - Starting Servlet engine: [Apache Tomcat/11.0.22]
2026-10-09 14:27:58 [restartedMain] INFO  o.s.b.w.c.s.WebApplicationContextInitializer - Root WebApplicationContext: initialization completed in 2432 ms
2026-10-09 14:28:02 [restartedMain] INFO  com.zaxxer.hikari.HikariDataSource - HikariPool-1 - Starting...
2026-10-09 14:28:03 [restartedMain] INFO  com.zaxxer.hikari.pool.HikariPool - HikariPool-1 - Added connection org.postgresql.jdbc.PgConnection@4606fecf
2026-10-09 14:28:03 [restartedMain] INFO  com.zaxxer.hikari.HikariDataSource - HikariPool-1 - Start completed.
2026-10-09 14:28:03 [restartedMain] INFO  org.flywaydb.core.FlywayExecutor - Database: jdbc:postgresql://localhost:5432/sisco (PostgreSQL 18.6)
2026-10-09 14:28:03 [restartedMain] INFO  o.f.c.internal.database.base.Schema - Creating schema "siscoescola" ...
2026-10-09 14:28:04 [restartedMain] INFO  o.f.c.i.s.JdbcTableSchemaHistory - Creating Schema History table "siscoescola"."flyway_schema_history" ...
2026-10-09 14:28:04 [restartedMain] INFO  o.f.core.internal.command.DbMigrate - Current version of schema "siscoescola": null
2026-10-09 14:28:04 [restartedMain] INFO  o.f.core.internal.command.DbMigrate - Migrating schema "siscoescola" to version "1 - create tb escola"
2026-10-09 14:28:04 [restartedMain] WARN  o.f.c.i.s.DefaultSqlScriptExecutor - DB: esquema "siscoescola" já existe, ignorando (SQL State: 42P06 - Error Code: 0)
2026-10-09 14:28:04 [restartedMain] INFO  o.f.core.internal.command.DbMigrate - Migrating schema "siscoescola" to version "2 - create tb usuario"
2026-10-09 14:28:04 [restartedMain] INFO  o.f.core.internal.command.DbMigrate - Migrating schema "siscoescola" to version "3 - create tb diretor"
2026-10-09 14:28:04 [restartedMain] INFO  o.f.core.internal.command.DbMigrate - Migrating schema "siscoescola" to version "4 - create envers audit tables"
2026-10-09 14:28:04 [restartedMain] INFO  o.f.core.internal.command.DbMigrate - Migrating schema "siscoescola" to version "5 - add email pessoal to diretor"
2026-10-09 14:28:04 [restartedMain] INFO  o.f.core.internal.command.DbMigrate - Migrating schema "siscoescola" to version "6 - create provedores internet"
2026-10-09 14:28:04 [restartedMain] INFO  o.f.core.internal.command.DbMigrate - Migrating schema "siscoescola" to version "7 - create contratos internet"
2026-10-09 14:28:04 [restartedMain] INFO  o.f.core.internal.command.DbMigrate - Migrating schema "siscoescola" to version "8 - add velocidade to contratos internet"
2026-10-09 14:28:04 [restartedMain] INFO  o.f.core.internal.command.DbMigrate - Migrating schema "siscoescola" to version "9 - create tb link internet"
2026-10-09 14:28:05 [restartedMain] INFO  o.f.core.internal.command.DbMigrate - Successfully applied 9 migrations to schema "siscoescola", now at version v9 (execution time 00:00.055s)
2026-10-09 14:28:05 [restartedMain] INFO  org.hibernate.orm.jpa - HHH008540: Processing PersistenceUnitInfo [name: default]
2026-10-09 14:28:05 [restartedMain] INFO  org.hibernate.orm.core - HHH000001: Hibernate ORM core version 7.2.19.Final
2026-10-09 14:28:05 [restartedMain] INFO  o.h.e.b.internal.EnversServiceImpl - Envers integration enabled? : true
2026-10-09 14:28:05 [restartedMain] INFO  o.s.o.j.p.SpringPersistenceUnitInfo - No LoadTimeWeaver setup: ignoring JPA class transformer
2026-10-09 14:28:05 [restartedMain] INFO  o.hibernate.orm.connections.pooling - HHH10001005: Database info:
	Database JDBC URL [jdbc:postgresql://localhost:5432/sisco]
	Database driver: PostgreSQL JDBC Driver
	Database dialect: PostgreSQLDialect
	Database version: 18.6
	Default catalog/schema: sisco/public
	Autocommit mode: undefined/unknown
	Isolation level: READ_COMMITTED [default READ_COMMITTED]
	JDBC fetch size: none
	Pool: DataSourceConnectionProvider
	Minimum pool size: undefined/unknown
	Maximum pool size: undefined/unknown
2026-10-09 14:28:06 [restartedMain] INFO  o.h.e.c.i.m.AuditMetadataGenerator - Adding properties for entity: com.sisco_e.escola.model.entity.Escola
2026-10-09 14:28:06 [restartedMain] INFO  o.h.e.c.i.m.AuditMetadataGenerator - Adding properties for entity: com.sisco_e.escola.model.entity.Diretor
2026-10-09 14:28:06 [restartedMain] INFO  o.h.e.c.i.m.AuditMetadataGenerator - Adding properties for entity: com.sisco_e.escola.model.entity.Usuario
2026-10-09 14:28:07 [restartedMain] INFO  org.hibernate.orm.core - HHH000489: No JTA platform available (set 'hibernate.transaction.jta.platform' to enable JTA platform integration)
2026-10-09 14:28:08 [restartedMain] INFO  o.s.o.j.LocalContainerEntityManagerFactoryBean - Initialized JPA EntityManagerFactory for persistence unit 'default'
2026-10-09 14:28:08 [restartedMain] INFO  o.s.d.j.r.q.QueryEnhancerFactories - Hibernate is in classpath; If applicable, HQL parser will be used.
2026-10-09 14:28:09 [restartedMain] DEBUG c.s.e.s.JwtAuthenticationFilter - Filter 'jwtAuthenticationFilter' configured for use
2026-10-09 14:28:10 [restartedMain] INFO  o.s.s.c.a.a.c.InitializeAuthenticationProviderBeanManagerConfigurer$InitializeAuthenticationProviderManagerConfigurer - Global AuthenticationManager configured with AuthenticationProvider bean with name authenticationProvider
2026-10-09 14:28:10 [restartedMain] WARN  o.s.s.c.a.a.c.InitializeUserDetailsBeanManagerConfigurer$InitializeUserDetailsManagerConfigurer - Global AuthenticationManager configured with an AuthenticationProvider bean. UserDetailsService beans will not be used by Spring Security for automatically configuring username/password login. Consider removing the AuthenticationProvider bean. Alternatively, consider using the UserDetailsService in a manually instantiated DaoAuthenticationProvider. If the current configuration is intentional, to turn off this warning, increase the logging level of 'org.springframework.security.config.annotation.authentication.configuration.InitializeUserDetailsBeanManagerConfigurer' to ERROR
2026-10-09 14:28:10 [restartedMain] WARN  o.s.b.j.a.JpaBaseConfiguration$JpaWebConfiguration - spring.jpa.open-in-view is enabled by default. Therefore, database queries may be performed during view rendering. Explicitly configure spring.jpa.open-in-view to disable this warning
2026-10-09 14:28:12 [restartedMain] INFO  o.s.b.a.e.web.EndpointLinksResolver - Exposing 1 endpoint beneath base path '/actuator'
2026-10-09 14:28:12 [restartedMain] INFO  o.s.boot.tomcat.TomcatWebServer - Tomcat started on port 8080 (http) with context path '/'
2026-10-09 14:28:12 [restartedMain] INFO  c.sisco_e.escola.SiscoEApplication - Started SiscoEApplication in 16.732 seconds (process running for 17.268)
2026-10-09 14:28:13 [SpringApplicationShutdownHook] INFO  o.s.boot.tomcat.GracefulShutdown - Commencing graceful shutdown. Waiting for active requests to complete
2026-10-09 14:28:13 [tomcat-shutdown] INFO  o.s.boot.tomcat.GracefulShutdown - Graceful shutdown complete
2026-10-09 14:28:13 [SpringApplicationShutdownHook] INFO  o.s.o.j.LocalContainerEntityManagerFactoryBean - Closing JPA EntityManagerFactory for persistence unit 'default'
2026-10-09 14:28:13 [SpringApplicationShutdownHook] INFO  com.zaxxer.hikari.HikariDataSource - HikariPool-1 - Shutdown initiated...
2026-10-09 14:28:13 [SpringApplicationShutdownHook] INFO  com.zaxxer.hikari.HikariDataSource - HikariPool-1 - Shutdown completed.
2026-10-09 14:46:42 [restartedMain] INFO  c.sisco_e.escola.SiscoEApplication - Starting SiscoEApplication using Java 21.0.12.1 with PID 486708 (/home/cleber/desv/2-doing/sisco-project/sisco-e/target/classes started by cleber in /home/cleber/desv/2-doing/sisco-project/sisco-e)
2026-10-09 14:46:42 [restartedMain] DEBUG c.sisco_e.escola.SiscoEApplication - Running with Spring Boot v4.0.7, Spring v7.0.8
2026-10-09 14:46:42 [restartedMain] INFO  c.sisco_e.escola.SiscoEApplication - No active profile set, falling back to 1 default profile: "default"
2026-10-09 14:46:42 [restartedMain] INFO  o.s.b.d.e.DevToolsPropertyDefaultsPostProcessor - Devtools property defaults active! Set 'spring.devtools.add-properties' to 'false' to disable
2026-10-09 14:46:42 [restartedMain] INFO  o.s.b.d.e.DevToolsPropertyDefaultsPostProcessor - For additional web related logging consider setting the 'logging.level.web' property to 'DEBUG'
2026-10-09 14:46:43 [restartedMain] INFO  o.s.d.r.c.RepositoryConfigurationDelegate - Multiple Spring Data modules found, entering strict repository configuration mode
2026-10-09 14:46:43 [restartedMain] INFO  o.s.d.r.c.RepositoryConfigurationDelegate - Bootstrapping Spring Data Redis repositories in DEFAULT mode.
2026-10-09 14:46:43 [restartedMain] INFO  o.s.d.r.c.RepositoryConfigurationExtensionSupport - Spring Data Redis - Could not safely identify store assignment for repository candidate interface com.sisco_e.escola.model.repository.ContratoInternetRepository; If you want this repository to be a Redis repository, consider annotating your entities with one of these annotations: org.springframework.data.redis.core.RedisHash (preferred), or consider extending one of the following types with your repository: org.springframework.data.keyvalue.repository.KeyValueRepository
2026-10-09 14:46:43 [restartedMain] INFO  o.s.d.r.c.RepositoryConfigurationExtensionSupport - Spring Data Redis - Could not safely identify store assignment for repository candidate interface com.sisco_e.escola.model.repository.DiretorRepository; If you want this repository to be a Redis repository, consider annotating your entities with one of these annotations: org.springframework.data.redis.core.RedisHash (preferred), or consider extending one of the following types with your repository: org.springframework.data.keyvalue.repository.KeyValueRepository
2026-10-09 14:46:43 [restartedMain] INFO  o.s.d.r.c.RepositoryConfigurationExtensionSupport - Spring Data Redis - Could not safely identify store assignment for repository candidate interface com.sisco_e.escola.model.repository.EscolaRepository; If you want this repository to be a Redis repository, consider annotating your entities with one of these annotations: org.springframework.data.redis.core.RedisHash (preferred), or consider extending one of the following types with your repository: org.springframework.data.keyvalue.repository.KeyValueRepository
2026-10-09 14:46:43 [restartedMain] INFO  o.s.d.r.c.RepositoryConfigurationExtensionSupport - Spring Data Redis - Could not safely identify store assignment for repository candidate interface com.sisco_e.escola.model.repository.LinkInternetRepository; If you want this repository to be a Redis repository, consider annotating your entities with one of these annotations: org.springframework.data.redis.core.RedisHash (preferred), or consider extending one of the following types with your repository: org.springframework.data.keyvalue.repository.KeyValueRepository
2026-10-09 14:46:43 [restartedMain] INFO  o.s.d.r.c.RepositoryConfigurationExtensionSupport - Spring Data Redis - Could not safely identify store assignment for repository candidate interface com.sisco_e.escola.model.repository.ProvedorInternetRepository; If you want this repository to be a Redis repository, consider annotating your entities with one of these annotations: org.springframework.data.redis.core.RedisHash (preferred), or consider extending one of the following types with your repository: org.springframework.data.keyvalue.repository.KeyValueRepository
2026-10-09 14:46:43 [restartedMain] INFO  o.s.d.r.c.RepositoryConfigurationExtensionSupport - Spring Data Redis - Could not safely identify store assignment for repository candidate interface com.sisco_e.escola.model.repository.UsuarioRepository; If you want this repository to be a Redis repository, consider annotating your entities with one of these annotations: org.springframework.data.redis.core.RedisHash (preferred), or consider extending one of the following types with your repository: org.springframework.data.keyvalue.repository.KeyValueRepository
2026-10-09 14:46:43 [restartedMain] INFO  o.s.d.r.c.RepositoryConfigurationDelegate - Finished Spring Data repository scanning in 114 ms. Found 1 Redis repository interface.
2026-10-09 14:46:43 [restartedMain] INFO  o.s.d.r.c.RepositoryConfigurationDelegate - Multiple Spring Data modules found, entering strict repository configuration mode
2026-10-09 14:46:43 [restartedMain] INFO  o.s.d.r.c.RepositoryConfigurationDelegate - Bootstrapping Spring Data JPA repositories in DEFAULT mode.
2026-10-09 14:46:43 [restartedMain] INFO  o.s.d.r.c.RepositoryConfigurationExtensionSupport - Spring Data JPA - Could not safely identify store assignment for repository candidate interface com.sisco_e.escola.model.repository.RefreshTokenRepository; If you want this repository to be a JPA repository, consider annotating your entities with one of these annotations: jakarta.persistence.Entity, jakarta.persistence.MappedSuperclass (preferred), or consider extending one of the following types with your repository: org.springframework.data.jpa.repository.JpaRepository
2026-10-09 14:46:43 [restartedMain] INFO  o.s.d.r.c.RepositoryConfigurationDelegate - Finished Spring Data repository scanning in 43 ms. Found 6 JPA repository interfaces.
2026-10-09 14:46:45 [restartedMain] INFO  o.s.boot.tomcat.TomcatWebServer - Tomcat initialized with port 8080 (http)
2026-10-09 14:46:45 [restartedMain] INFO  o.a.catalina.core.StandardService - Starting service [Tomcat]
2026-10-09 14:46:45 [restartedMain] INFO  o.a.catalina.core.StandardEngine - Starting Servlet engine: [Apache Tomcat/11.0.22]
2026-10-09 14:46:45 [restartedMain] INFO  o.s.b.w.c.s.WebApplicationContextInitializer - Root WebApplicationContext: initialization completed in 3618 ms
2026-10-09 14:46:46 [restartedMain] INFO  com.zaxxer.hikari.HikariDataSource - HikariPool-1 - Starting...
2026-10-09 14:46:48 [restartedMain] INFO  com.zaxxer.hikari.pool.HikariPool - HikariPool-1 - Added connection org.postgresql.jdbc.PgConnection@5b50550f
2026-10-09 14:46:48 [restartedMain] INFO  com.zaxxer.hikari.HikariDataSource - HikariPool-1 - Start completed.
2026-10-09 14:46:48 [restartedMain] INFO  org.flywaydb.core.FlywayExecutor - Database: jdbc:postgresql://localhost:5432/sisco (PostgreSQL 18.6)
2026-10-09 14:46:48 [restartedMain] INFO  o.f.core.internal.command.DbValidate - Successfully validated 10 migrations (execution time 00:00.036s)
2026-10-09 14:46:48 [restartedMain] INFO  o.f.core.internal.command.DbMigrate - Current version of schema "siscoescola": 9
2026-10-09 14:46:48 [restartedMain] INFO  o.f.core.internal.command.DbMigrate - Schema "siscoescola" is up to date. No migration necessary.
2026-10-09 14:46:48 [restartedMain] INFO  org.hibernate.orm.jpa - HHH008540: Processing PersistenceUnitInfo [name: default]
2026-10-09 14:46:48 [restartedMain] INFO  org.hibernate.orm.core - HHH000001: Hibernate ORM core version 7.2.19.Final
2026-10-09 14:46:48 [restartedMain] INFO  o.h.e.b.internal.EnversServiceImpl - Envers integration enabled? : true
2026-10-09 14:46:49 [restartedMain] INFO  o.s.o.j.p.SpringPersistenceUnitInfo - No LoadTimeWeaver setup: ignoring JPA class transformer
2026-10-09 14:46:49 [restartedMain] INFO  o.hibernate.orm.connections.pooling - HHH10001005: Database info:
	Database JDBC URL [jdbc:postgresql://localhost:5432/sisco]
	Database driver: PostgreSQL JDBC Driver
	Database dialect: PostgreSQLDialect
	Database version: 18.6
	Default catalog/schema: sisco/public
	Autocommit mode: undefined/unknown
	Isolation level: READ_COMMITTED [default READ_COMMITTED]
	JDBC fetch size: none
	Pool: DataSourceConnectionProvider
	Minimum pool size: undefined/unknown
	Maximum pool size: undefined/unknown
2026-10-09 14:46:49 [restartedMain] INFO  o.h.e.c.i.m.AuditMetadataGenerator - Adding properties for entity: com.sisco_e.escola.model.entity.Escola
2026-10-09 14:46:49 [restartedMain] INFO  o.h.e.c.i.m.AuditMetadataGenerator - Adding properties for entity: com.sisco_e.escola.model.entity.Diretor
2026-10-09 14:46:49 [restartedMain] INFO  o.h.e.c.i.m.AuditMetadataGenerator - Adding properties for entity: com.sisco_e.escola.model.entity.Usuario
2026-10-09 14:46:50 [restartedMain] INFO  org.hibernate.orm.core - HHH000489: No JTA platform available (set 'hibernate.transaction.jta.platform' to enable JTA platform integration)
2026-10-09 14:46:50 [restartedMain] INFO  o.s.o.j.LocalContainerEntityManagerFactoryBean - Initialized JPA EntityManagerFactory for persistence unit 'default'
2026-10-09 14:46:50 [restartedMain] INFO  o.s.d.j.r.q.QueryEnhancerFactories - Hibernate is in classpath; If applicable, HQL parser will be used.
2026-10-09 14:46:52 [restartedMain] DEBUG c.s.e.s.JwtAuthenticationFilter - Filter 'jwtAuthenticationFilter' configured for use
2026-10-09 14:46:53 [restartedMain] INFO  o.s.s.c.a.a.c.InitializeAuthenticationProviderBeanManagerConfigurer$InitializeAuthenticationProviderManagerConfigurer - Global AuthenticationManager configured with AuthenticationProvider bean with name authenticationProvider
2026-10-09 14:46:53 [restartedMain] WARN  o.s.s.c.a.a.c.InitializeUserDetailsBeanManagerConfigurer$InitializeUserDetailsManagerConfigurer - Global AuthenticationManager configured with an AuthenticationProvider bean. UserDetailsService beans will not be used by Spring Security for automatically configuring username/password login. Consider removing the AuthenticationProvider bean. Alternatively, consider using the UserDetailsService in a manually instantiated DaoAuthenticationProvider. If the current configuration is intentional, to turn off this warning, increase the logging level of 'org.springframework.security.config.annotation.authentication.configuration.InitializeUserDetailsBeanManagerConfigurer' to ERROR
2026-10-09 14:46:54 [restartedMain] WARN  o.s.b.j.a.JpaBaseConfiguration$JpaWebConfiguration - spring.jpa.open-in-view is enabled by default. Therefore, database queries may be performed during view rendering. Explicitly configure spring.jpa.open-in-view to disable this warning
2026-10-09 14:46:57 [restartedMain] INFO  o.s.b.a.e.web.EndpointLinksResolver - Exposing 1 endpoint beneath base path '/actuator'
2026-10-09 14:46:57 [restartedMain] INFO  o.s.boot.tomcat.TomcatWebServer - Tomcat started on port 8080 (http) with context path '/'
2026-10-09 14:46:58 [restartedMain] INFO  c.sisco_e.escola.SiscoEApplication - Started SiscoEApplication in 16.738 seconds (process running for 19.438)
2026-10-09 14:47:10 [SpringApplicationShutdownHook] INFO  o.s.boot.tomcat.GracefulShutdown - Commencing graceful shutdown. Waiting for active requests to complete
2026-10-09 14:47:10 [tomcat-shutdown] INFO  o.s.boot.tomcat.GracefulShutdown - Graceful shutdown complete
2026-10-09 14:47:10 [SpringApplicationShutdownHook] INFO  o.s.o.j.LocalContainerEntityManagerFactoryBean - Closing JPA EntityManagerFactory for persistence unit 'default'
2026-10-09 14:47:10 [SpringApplicationShutdownHook] INFO  com.zaxxer.hikari.HikariDataSource - HikariPool-1 - Shutdown initiated...
2026-10-09 14:47:10 [SpringApplicationShutdownHook] INFO  com.zaxxer.hikari.HikariDataSource - HikariPool-1 - Shutdown completed.
2026-10-09 14:47:13 [restartedMain] INFO  c.sisco_e.escola.SiscoEApplication - Starting SiscoEApplication using Java 21.0.12.1 with PID 487102 (/home/cleber/desv/2-doing/sisco-project/sisco-e/target/classes started by cleber in /home/cleber/desv/2-doing/sisco-project/sisco-e)
2026-10-09 14:47:13 [restartedMain] DEBUG c.sisco_e.escola.SiscoEApplication - Running with Spring Boot v4.0.7, Spring v7.0.8
2026-10-09 14:47:13 [restartedMain] INFO  c.sisco_e.escola.SiscoEApplication - No active profile set, falling back to 1 default profile: "default"
2026-10-09 14:47:13 [restartedMain] INFO  o.s.b.d.e.DevToolsPropertyDefaultsPostProcessor - Devtools property defaults active! Set 'spring.devtools.add-properties' to 'false' to disable
2026-10-09 14:47:13 [restartedMain] INFO  o.s.b.d.e.DevToolsPropertyDefaultsPostProcessor - For additional web related logging consider setting the 'logging.level.web' property to 'DEBUG'
2026-10-09 14:47:14 [restartedMain] INFO  o.s.d.r.c.RepositoryConfigurationDelegate - Multiple Spring Data modules found, entering strict repository configuration mode
2026-10-09 14:47:14 [restartedMain] INFO  o.s.d.r.c.RepositoryConfigurationDelegate - Bootstrapping Spring Data Redis repositories in DEFAULT mode.
2026-10-09 14:47:14 [restartedMain] INFO  o.s.d.r.c.RepositoryConfigurationExtensionSupport - Spring Data Redis - Could not safely identify store assignment for repository candidate interface com.sisco_e.escola.model.repository.ContratoInternetRepository; If you want this repository to be a Redis repository, consider annotating your entities with one of these annotations: org.springframework.data.redis.core.RedisHash (preferred), or consider extending one of the following types with your repository: org.springframework.data.keyvalue.repository.KeyValueRepository
2026-10-09 14:47:14 [restartedMain] INFO  o.s.d.r.c.RepositoryConfigurationExtensionSupport - Spring Data Redis - Could not safely identify store assignment for repository candidate interface com.sisco_e.escola.model.repository.DiretorRepository; If you want this repository to be a Redis repository, consider annotating your entities with one of these annotations: org.springframework.data.redis.core.RedisHash (preferred), or consider extending one of the following types with your repository: org.springframework.data.keyvalue.repository.KeyValueRepository
2026-10-09 14:47:14 [restartedMain] INFO  o.s.d.r.c.RepositoryConfigurationExtensionSupport - Spring Data Redis - Could not safely identify store assignment for repository candidate interface com.sisco_e.escola.model.repository.EscolaRepository; If you want this repository to be a Redis repository, consider annotating your entities with one of these annotations: org.springframework.data.redis.core.RedisHash (preferred), or consider extending one of the following types with your repository: org.springframework.data.keyvalue.repository.KeyValueRepository
2026-10-09 14:47:14 [restartedMain] INFO  o.s.d.r.c.RepositoryConfigurationExtensionSupport - Spring Data Redis - Could not safely identify store assignment for repository candidate interface com.sisco_e.escola.model.repository.LinkInternetRepository; If you want this repository to be a Redis repository, consider annotating your entities with one of these annotations: org.springframework.data.redis.core.RedisHash (preferred), or consider extending one of the following types with your repository: org.springframework.data.keyvalue.repository.KeyValueRepository
2026-10-09 14:47:14 [restartedMain] INFO  o.s.d.r.c.RepositoryConfigurationExtensionSupport - Spring Data Redis - Could not safely identify store assignment for repository candidate interface com.sisco_e.escola.model.repository.ProvedorInternetRepository; If you want this repository to be a Redis repository, consider annotating your entities with one of these annotations: org.springframework.data.redis.core.RedisHash (preferred), or consider extending one of the following types with your repository: org.springframework.data.keyvalue.repository.KeyValueRepository
2026-10-09 14:47:14 [restartedMain] INFO  o.s.d.r.c.RepositoryConfigurationExtensionSupport - Spring Data Redis - Could not safely identify store assignment for repository candidate interface com.sisco_e.escola.model.repository.UsuarioRepository; If you want this repository to be a Redis repository, consider annotating your entities with one of these annotations: org.springframework.data.redis.core.RedisHash (preferred), or consider extending one of the following types with your repository: org.springframework.data.keyvalue.repository.KeyValueRepository
2026-10-09 14:47:14 [restartedMain] INFO  o.s.d.r.c.RepositoryConfigurationDelegate - Finished Spring Data repository scanning in 121 ms. Found 1 Redis repository interface.
2026-10-09 14:47:14 [restartedMain] INFO  o.s.d.r.c.RepositoryConfigurationDelegate - Multiple Spring Data modules found, entering strict repository configuration mode
2026-10-09 14:47:14 [restartedMain] INFO  o.s.d.r.c.RepositoryConfigurationDelegate - Bootstrapping Spring Data JPA repositories in DEFAULT mode.
2026-10-09 14:47:14 [restartedMain] INFO  o.s.d.r.c.RepositoryConfigurationExtensionSupport - Spring Data JPA - Could not safely identify store assignment for repository candidate interface com.sisco_e.escola.model.repository.RefreshTokenRepository; If you want this repository to be a JPA repository, consider annotating your entities with one of these annotations: jakarta.persistence.Entity, jakarta.persistence.MappedSuperclass (preferred), or consider extending one of the following types with your repository: org.springframework.data.jpa.repository.JpaRepository
2026-10-09 14:47:14 [restartedMain] INFO  o.s.d.r.c.RepositoryConfigurationDelegate - Finished Spring Data repository scanning in 31 ms. Found 6 JPA repository interfaces.
2026-10-09 14:47:15 [restartedMain] INFO  o.s.boot.tomcat.TomcatWebServer - Tomcat initialized with port 8080 (http)
2026-10-09 14:47:15 [restartedMain] INFO  o.a.catalina.core.StandardService - Starting service [Tomcat]
2026-10-09 14:47:15 [restartedMain] INFO  o.a.catalina.core.StandardEngine - Starting Servlet engine: [Apache Tomcat/11.0.22]
2026-10-09 14:47:15 [restartedMain] INFO  o.s.b.w.c.s.WebApplicationContextInitializer - Root WebApplicationContext: initialization completed in 2186 ms
2026-10-09 14:47:15 [restartedMain] INFO  com.zaxxer.hikari.HikariDataSource - HikariPool-1 - Starting...
2026-10-09 14:47:16 [restartedMain] INFO  com.zaxxer.hikari.pool.HikariPool - HikariPool-1 - Added connection org.postgresql.jdbc.PgConnection@4e95c963
2026-10-09 14:47:16 [restartedMain] INFO  com.zaxxer.hikari.HikariDataSource - HikariPool-1 - Start completed.
2026-10-09 14:47:16 [restartedMain] INFO  org.flywaydb.core.FlywayExecutor - Database: jdbc:postgresql://localhost:5432/sisco (PostgreSQL 18.6)
2026-10-09 14:47:16 [restartedMain] INFO  o.f.core.internal.command.DbValidate - Successfully validated 10 migrations (execution time 00:00.041s)
2026-10-09 14:47:16 [restartedMain] INFO  o.f.core.internal.command.DbMigrate - Current version of schema "siscoescola": 9
2026-10-09 14:47:16 [restartedMain] INFO  o.f.core.internal.command.DbMigrate - Schema "siscoescola" is up to date. No migration necessary.
2026-10-09 14:47:16 [restartedMain] INFO  org.hibernate.orm.jpa - HHH008540: Processing PersistenceUnitInfo [name: default]
2026-10-09 14:47:16 [restartedMain] INFO  org.hibernate.orm.core - HHH000001: Hibernate ORM core version 7.2.19.Final
2026-10-09 14:47:17 [restartedMain] INFO  o.h.e.b.internal.EnversServiceImpl - Envers integration enabled? : true
2026-10-09 14:47:17 [restartedMain] INFO  o.s.o.j.p.SpringPersistenceUnitInfo - No LoadTimeWeaver setup: ignoring JPA class transformer
2026-10-09 14:47:17 [restartedMain] INFO  o.hibernate.orm.connections.pooling - HHH10001005: Database info:
	Database JDBC URL [jdbc:postgresql://localhost:5432/sisco]
	Database driver: PostgreSQL JDBC Driver
	Database dialect: PostgreSQLDialect
	Database version: 18.6
	Default catalog/schema: sisco/public
	Autocommit mode: undefined/unknown
	Isolation level: READ_COMMITTED [default READ_COMMITTED]
	JDBC fetch size: none
	Pool: DataSourceConnectionProvider
	Minimum pool size: undefined/unknown
	Maximum pool size: undefined/unknown
2026-10-09 14:47:17 [restartedMain] INFO  o.h.e.c.i.m.AuditMetadataGenerator - Adding properties for entity: com.sisco_e.escola.model.entity.Escola
2026-10-09 14:47:17 [restartedMain] INFO  o.h.e.c.i.m.AuditMetadataGenerator - Adding properties for entity: com.sisco_e.escola.model.entity.Diretor
2026-10-09 14:47:17 [restartedMain] INFO  o.h.e.c.i.m.AuditMetadataGenerator - Adding properties for entity: com.sisco_e.escola.model.entity.Usuario
2026-10-09 14:47:19 [restartedMain] INFO  org.hibernate.orm.core - HHH000489: No JTA platform available (set 'hibernate.transaction.jta.platform' to enable JTA platform integration)
2026-10-09 14:47:19 [restartedMain] INFO  o.s.o.j.LocalContainerEntityManagerFactoryBean - Initialized JPA EntityManagerFactory for persistence unit 'default'
2026-10-09 14:47:19 [restartedMain] INFO  o.s.d.j.r.q.QueryEnhancerFactories - Hibernate is in classpath; If applicable, HQL parser will be used.
2026-10-09 14:47:20 [restartedMain] DEBUG c.s.e.s.JwtAuthenticationFilter - Filter 'jwtAuthenticationFilter' configured for use
2026-10-09 14:47:20 [restartedMain] INFO  o.s.s.c.a.a.c.InitializeAuthenticationProviderBeanManagerConfigurer$InitializeAuthenticationProviderManagerConfigurer - Global AuthenticationManager configured with AuthenticationProvider bean with name authenticationProvider
2026-10-09 14:47:20 [restartedMain] WARN  o.s.s.c.a.a.c.InitializeUserDetailsBeanManagerConfigurer$InitializeUserDetailsManagerConfigurer - Global AuthenticationManager configured with an AuthenticationProvider bean. UserDetailsService beans will not be used by Spring Security for automatically configuring username/password login. Consider removing the AuthenticationProvider bean. Alternatively, consider using the UserDetailsService in a manually instantiated DaoAuthenticationProvider. If the current configuration is intentional, to turn off this warning, increase the logging level of 'org.springframework.security.config.annotation.authentication.configuration.InitializeUserDetailsBeanManagerConfigurer' to ERROR
2026-10-09 14:47:21 [restartedMain] WARN  o.s.b.j.a.JpaBaseConfiguration$JpaWebConfiguration - spring.jpa.open-in-view is enabled by default. Therefore, database queries may be performed during view rendering. Explicitly configure spring.jpa.open-in-view to disable this warning
2026-10-09 14:47:22 [restartedMain] INFO  o.s.b.a.e.web.EndpointLinksResolver - Exposing 1 endpoint beneath base path '/actuator'
2026-10-09 14:47:22 [restartedMain] INFO  o.s.boot.tomcat.TomcatWebServer - Tomcat started on port 8080 (http) with context path '/'
2026-10-09 14:47:22 [restartedMain] INFO  c.sisco_e.escola.SiscoEApplication - Started SiscoEApplication in 9.676 seconds (process running for 10.522)
2026-10-09 14:47:24 [SpringApplicationShutdownHook] INFO  o.s.boot.tomcat.GracefulShutdown - Commencing graceful shutdown. Waiting for active requests to complete
2026-10-09 14:47:24 [tomcat-shutdown] INFO  o.s.boot.tomcat.GracefulShutdown - Graceful shutdown complete
2026-10-09 14:47:24 [SpringApplicationShutdownHook] INFO  o.s.o.j.LocalContainerEntityManagerFactoryBean - Closing JPA EntityManagerFactory for persistence unit 'default'
2026-10-09 14:47:24 [SpringApplicationShutdownHook] INFO  com.zaxxer.hikari.HikariDataSource - HikariPool-1 - Shutdown initiated...
2026-10-09 14:47:24 [SpringApplicationShutdownHook] INFO  com.zaxxer.hikari.HikariDataSource - HikariPool-1 - Shutdown completed.
2026-10-09 14:47:28 [restartedMain] INFO  c.sisco_e.escola.SiscoEApplication - Starting SiscoEApplication using Java 21.0.12.1 with PID 487336 (/home/cleber/desv/2-doing/sisco-project/sisco-e/target/classes started by cleber in /home/cleber/desv/2-doing/sisco-project/sisco-e)
2026-10-09 14:47:28 [restartedMain] DEBUG c.sisco_e.escola.SiscoEApplication - Running with Spring Boot v4.0.7, Spring v7.0.8
2026-10-09 14:47:28 [restartedMain] INFO  c.sisco_e.escola.SiscoEApplication - No active profile set, falling back to 1 default profile: "default"
2026-10-09 14:47:28 [restartedMain] INFO  o.s.b.d.e.DevToolsPropertyDefaultsPostProcessor - Devtools property defaults active! Set 'spring.devtools.add-properties' to 'false' to disable
2026-10-09 14:47:28 [restartedMain] INFO  o.s.b.d.e.DevToolsPropertyDefaultsPostProcessor - For additional web related logging consider setting the 'logging.level.web' property to 'DEBUG'
2026-10-09 14:47:29 [restartedMain] INFO  o.s.d.r.c.RepositoryConfigurationDelegate - Multiple Spring Data modules found, entering strict repository configuration mode
2026-10-09 14:47:29 [restartedMain] INFO  o.s.d.r.c.RepositoryConfigurationDelegate - Bootstrapping Spring Data Redis repositories in DEFAULT mode.
2026-10-09 14:47:29 [restartedMain] INFO  o.s.d.r.c.RepositoryConfigurationExtensionSupport - Spring Data Redis - Could not safely identify store assignment for repository candidate interface com.sisco_e.escola.model.repository.ContratoInternetRepository; If you want this repository to be a Redis repository, consider annotating your entities with one of these annotations: org.springframework.data.redis.core.RedisHash (preferred), or consider extending one of the following types with your repository: org.springframework.data.keyvalue.repository.KeyValueRepository
2026-10-09 14:47:29 [restartedMain] INFO  o.s.d.r.c.RepositoryConfigurationExtensionSupport - Spring Data Redis - Could not safely identify store assignment for repository candidate interface com.sisco_e.escola.model.repository.DiretorRepository; If you want this repository to be a Redis repository, consider annotating your entities with one of these annotations: org.springframework.data.redis.core.RedisHash (preferred), or consider extending one of the following types with your repository: org.springframework.data.keyvalue.repository.KeyValueRepository
2026-10-09 14:47:29 [restartedMain] INFO  o.s.d.r.c.RepositoryConfigurationExtensionSupport - Spring Data Redis - Could not safely identify store assignment for repository candidate interface com.sisco_e.escola.model.repository.EscolaRepository; If you want this repository to be a Redis repository, consider annotating your entities with one of these annotations: org.springframework.data.redis.core.RedisHash (preferred), or consider extending one of the following types with your repository: org.springframework.data.keyvalue.repository.KeyValueRepository
2026-10-09 14:47:29 [restartedMain] INFO  o.s.d.r.c.RepositoryConfigurationExtensionSupport - Spring Data Redis - Could not safely identify store assignment for repository candidate interface com.sisco_e.escola.model.repository.LinkInternetRepository; If you want this repository to be a Redis repository, consider annotating your entities with one of these annotations: org.springframework.data.redis.core.RedisHash (preferred), or consider extending one of the following types with your repository: org.springframework.data.keyvalue.repository.KeyValueRepository
2026-10-09 14:47:29 [restartedMain] INFO  o.s.d.r.c.RepositoryConfigurationExtensionSupport - Spring Data Redis - Could not safely identify store assignment for repository candidate interface com.sisco_e.escola.model.repository.ProvedorInternetRepository; If you want this repository to be a Redis repository, consider annotating your entities with one of these annotations: org.springframework.data.redis.core.RedisHash (preferred), or consider extending one of the following types with your repository: org.springframework.data.keyvalue.repository.KeyValueRepository
2026-10-09 14:47:29 [restartedMain] INFO  o.s.d.r.c.RepositoryConfigurationExtensionSupport - Spring Data Redis - Could not safely identify store assignment for repository candidate interface com.sisco_e.escola.model.repository.UsuarioRepository; If you want this repository to be a Redis repository, consider annotating your entities with one of these annotations: org.springframework.data.redis.core.RedisHash (preferred), or consider extending one of the following types with your repository: org.springframework.data.keyvalue.repository.KeyValueRepository
2026-10-09 14:47:29 [restartedMain] INFO  o.s.d.r.c.RepositoryConfigurationDelegate - Finished Spring Data repository scanning in 95 ms. Found 1 Redis repository interface.
2026-10-09 14:47:29 [restartedMain] INFO  o.s.d.r.c.RepositoryConfigurationDelegate - Multiple Spring Data modules found, entering strict repository configuration mode
2026-10-09 14:47:29 [restartedMain] INFO  o.s.d.r.c.RepositoryConfigurationDelegate - Bootstrapping Spring Data JPA repositories in DEFAULT mode.
2026-10-09 14:47:29 [restartedMain] INFO  o.s.d.r.c.RepositoryConfigurationExtensionSupport - Spring Data JPA - Could not safely identify store assignment for repository candidate interface com.sisco_e.escola.model.repository.RefreshTokenRepository; If you want this repository to be a JPA repository, consider annotating your entities with one of these annotations: jakarta.persistence.Entity, jakarta.persistence.MappedSuperclass (preferred), or consider extending one of the following types with your repository: org.springframework.data.jpa.repository.JpaRepository
2026-10-09 14:47:29 [restartedMain] INFO  o.s.d.r.c.RepositoryConfigurationDelegate - Finished Spring Data repository scanning in 25 ms. Found 6 JPA repository interfaces.
2026-10-09 14:47:30 [restartedMain] INFO  o.s.boot.tomcat.TomcatWebServer - Tomcat initialized with port 8080 (http)
2026-10-09 14:47:30 [restartedMain] INFO  o.a.catalina.core.StandardService - Starting service [Tomcat]
2026-10-09 14:47:30 [restartedMain] INFO  o.a.catalina.core.StandardEngine - Starting Servlet engine: [Apache Tomcat/11.0.22]
2026-10-09 14:47:30 [restartedMain] INFO  o.s.b.w.c.s.WebApplicationContextInitializer - Root WebApplicationContext: initialization completed in 1664 ms
2026-10-09 14:47:30 [restartedMain] INFO  com.zaxxer.hikari.HikariDataSource - HikariPool-1 - Starting...
2026-10-09 14:47:30 [restartedMain] INFO  com.zaxxer.hikari.pool.HikariPool - HikariPool-1 - Added connection org.postgresql.jdbc.PgConnection@7704d6d3
2026-10-09 14:47:30 [restartedMain] INFO  com.zaxxer.hikari.HikariDataSource - HikariPool-1 - Start completed.
2026-10-09 14:47:30 [restartedMain] INFO  org.flywaydb.core.FlywayExecutor - Database: jdbc:postgresql://localhost:5432/sisco (PostgreSQL 18.6)
2026-10-09 14:47:30 [restartedMain] INFO  o.f.core.internal.command.DbValidate - Successfully validated 10 migrations (execution time 00:00.030s)
2026-10-09 14:47:31 [restartedMain] INFO  o.f.core.internal.command.DbMigrate - Current version of schema "siscoescola": 9
2026-10-09 14:47:31 [restartedMain] INFO  o.f.core.internal.command.DbMigrate - Schema "siscoescola" is up to date. No migration necessary.
2026-10-09 14:47:31 [restartedMain] INFO  org.hibernate.orm.jpa - HHH008540: Processing PersistenceUnitInfo [name: default]
2026-10-09 14:47:31 [restartedMain] INFO  org.hibernate.orm.core - HHH000001: Hibernate ORM core version 7.2.19.Final
2026-10-09 14:47:31 [restartedMain] INFO  o.h.e.b.internal.EnversServiceImpl - Envers integration enabled? : true
2026-10-09 14:47:31 [restartedMain] INFO  o.s.o.j.p.SpringPersistenceUnitInfo - No LoadTimeWeaver setup: ignoring JPA class transformer
2026-10-09 14:47:31 [restartedMain] INFO  o.hibernate.orm.connections.pooling - HHH10001005: Database info:
	Database JDBC URL [jdbc:postgresql://localhost:5432/sisco]
	Database driver: PostgreSQL JDBC Driver
	Database dialect: PostgreSQLDialect
	Database version: 18.6
	Default catalog/schema: sisco/public
	Autocommit mode: undefined/unknown
	Isolation level: READ_COMMITTED [default READ_COMMITTED]
	JDBC fetch size: none
	Pool: DataSourceConnectionProvider
	Minimum pool size: undefined/unknown
	Maximum pool size: undefined/unknown
2026-10-09 14:47:32 [restartedMain] INFO  o.h.e.c.i.m.AuditMetadataGenerator - Adding properties for entity: com.sisco_e.escola.model.entity.Escola
2026-10-09 14:47:32 [restartedMain] INFO  o.h.e.c.i.m.AuditMetadataGenerator - Adding properties for entity: com.sisco_e.escola.model.entity.Diretor
2026-10-09 14:47:32 [restartedMain] INFO  o.h.e.c.i.m.AuditMetadataGenerator - Adding properties for entity: com.sisco_e.escola.model.entity.Usuario
2026-10-09 14:47:33 [restartedMain] INFO  org.hibernate.orm.core - HHH000489: No JTA platform available (set 'hibernate.transaction.jta.platform' to enable JTA platform integration)
2026-10-09 14:47:33 [restartedMain] INFO  o.s.o.j.LocalContainerEntityManagerFactoryBean - Initialized JPA EntityManagerFactory for persistence unit 'default'
2026-10-09 14:47:33 [restartedMain] INFO  o.s.d.j.r.q.QueryEnhancerFactories - Hibernate is in classpath; If applicable, HQL parser will be used.
2026-10-09 14:47:33 [restartedMain] DEBUG c.s.e.s.JwtAuthenticationFilter - Filter 'jwtAuthenticationFilter' configured for use
2026-10-09 14:47:34 [restartedMain] INFO  o.s.s.c.a.a.c.InitializeAuthenticationProviderBeanManagerConfigurer$InitializeAuthenticationProviderManagerConfigurer - Global AuthenticationManager configured with AuthenticationProvider bean with name authenticationProvider
2026-10-09 14:47:34 [restartedMain] WARN  o.s.s.c.a.a.c.InitializeUserDetailsBeanManagerConfigurer$InitializeUserDetailsManagerConfigurer - Global AuthenticationManager configured with an AuthenticationProvider bean. UserDetailsService beans will not be used by Spring Security for automatically configuring username/password login. Consider removing the AuthenticationProvider bean. Alternatively, consider using the UserDetailsService in a manually instantiated DaoAuthenticationProvider. If the current configuration is intentional, to turn off this warning, increase the logging level of 'org.springframework.security.config.annotation.authentication.configuration.InitializeUserDetailsBeanManagerConfigurer' to ERROR
2026-10-09 14:47:34 [restartedMain] WARN  o.s.b.j.a.JpaBaseConfiguration$JpaWebConfiguration - spring.jpa.open-in-view is enabled by default. Therefore, database queries may be performed during view rendering. Explicitly configure spring.jpa.open-in-view to disable this warning
2026-10-09 14:47:35 [restartedMain] INFO  o.s.b.a.e.web.EndpointLinksResolver - Exposing 1 endpoint beneath base path '/actuator'
2026-10-09 14:47:35 [restartedMain] INFO  o.s.boot.tomcat.TomcatWebServer - Tomcat started on port 8080 (http) with context path '/'
2026-10-09 14:47:35 [restartedMain] INFO  c.sisco_e.escola.SiscoEApplication - Started SiscoEApplication in 6.918 seconds (process running for 7.515)
2026-10-09 14:49:16 [http-nio-8080-exec-1] INFO  o.a.c.c.C.[Tomcat].[localhost].[/] - Initializing Spring DispatcherServlet 'dispatcherServlet'
2026-10-09 14:49:16 [http-nio-8080-exec-1] INFO  o.s.web.servlet.DispatcherServlet - Initializing Servlet 'dispatcherServlet'
2026-10-09 14:49:16 [http-nio-8080-exec-1] INFO  o.s.web.servlet.DispatcherServlet - Completed initialization in 1 ms
2026-10-09 14:49:16 [http-nio-8080-exec-1] DEBUG c.s.e.s.JwtAuthenticationFilter - AuthTokenFilter chamado pela URI: /api/auth/join/sign-up
2026-10-09 14:49:43 [http-nio-8080-exec-3] DEBUG c.s.e.s.JwtAuthenticationFilter - AuthTokenFilter chamado pela URI: /api/auth/sign-in
